[
    {
        "id": "bitcoin", 
        "name": "Bitcoin", 
        "symbol": "BTC", 
        "rank": "1", 
        "price_usd": "6802.51", 
        "price_btc": "1.0", 
        "24h_volume_usd": "4281380000.0", 
        "market_cap_usd": "115431111939", 
        "available_supply": "16968900.0", 
        "total_supply": "16968900.0", 
        "max_supply": "21000000.0", 
        "percent_change_1h": "-0.86", 
        "percent_change_24h": "0.74", 
        "percent_change_7d": "-8.45", 
        "last_updated": "1523402069"
    }, 
    {
        "id": "ethereum", 
        "name": "Ethereum", 
        "symbol": "ETH", 
        "rank": "2", 
        "price_usd": "410.997", 
        "price_btc": "0.0604588", 
        "24h_volume_usd": "1184350000.0", 
        "market_cap_usd": "40582248072.0", 
        "available_supply": "98740984.0", 
        "total_supply": "98740984.0", 
        "max_supply": null, 
        "percent_change_1h": "-0.67", 
        "percent_change_24h": "3.53", 
        "percent_change_7d": "-0.1", 
        "last_updated": "1523402056"
    }, 
    {
        "id": "ripple", 
        "name": "Ripple", 
        "symbol": "XRP", 
        "rank": "3", 
        "price_usd": "0.49024", 
        "price_btc": "0.00007212", 
        "24h_volume_usd": "156264000.0", 
        "market_cap_usd": "19165697790.0", 
        "available_supply": "39094520623.0", 
        "total_supply": "99992405149.0", 
        "max_supply": "100000000000", 
        "percent_change_1h": "-0.6", 
        "percent_change_24h": "0.23", 
        "percent_change_7d": "-10.12", 
        "last_updated": "1523402041"
    }, 
    {
        "id": "bitcoin-cash", 
        "name": "Bitcoin Cash", 
        "symbol": "BCH", 
        "rank": "4", 
        "price_usd": "647.358", 
        "price_btc": "0.0952282", 
        "24h_volume_usd": "224765000.0", 
        "market_cap_usd": "11048030111.0", 
        "available_supply": "17066338.0", 
        "total_supply": "17066338.0", 
        "max_supply": "21000000.0", 
        "percent_change_1h": "-0.65", 
        "percent_change_24h": "2.01", 
        "percent_change_7d": "-8.34", 
        "last_updated": "1523402053"
    }, 
    {
        "id": "litecoin", 
        "name": "Litecoin", 
        "symbol": "LTC", 
        "rank": "5", 
        "price_usd": "113.841", 
        "price_btc": "0.0167463", 
        "24h_volume_usd": "203821000.0", 
        "market_cap_usd": "6378108544.0", 
        "available_supply": "56026463.0", 
        "total_supply": "56026463.0", 
        "max_supply": "84000000.0", 
        "percent_change_1h": "-0.37", 
        "percent_change_24h": "-0.81", 
        "percent_change_7d": "-14.05", 
        "last_updated": "1523402041"
    }, 
    {
        "id": "eos", 
        "name": "EOS", 
        "symbol": "EOS", 
        "rank": "6", 
        "price_usd": "5.96558", 
        "price_btc": "0.00087755", 
        "24h_volume_usd": "224024000.0", 
        "market_cap_usd": "4681139856.0", 
        "available_supply": "784691490.0", 
        "total_supply": "900000000.0", 
        "max_supply": "1000000000.0", 
        "percent_change_1h": "-1.24", 
        "percent_change_24h": "1.94", 
        "percent_change_7d": "-1.67", 
        "last_updated": "1523402051"
    }, 
    {
        "id": "cardano", 
        "name": "Cardano", 
        "symbol": "ADA", 
        "rank": "7", 
        "price_usd": "0.154772", 
        "price_btc": "0.00002277", 
        "24h_volume_usd": "56436300.0", 
        "market_cap_usd": "4012784561.0", 
        "available_supply": "25927070538.0", 
        "total_supply": "31112483745.0", 
        "max_supply": "45000000000.0", 
        "percent_change_1h": "-1.7", 
        "percent_change_24h": "1.74", 
        "percent_change_7d": "-9.0", 
        "last_updated": "1523402054"
    }, 
    {
        "id": "stellar", 
        "name": "Stellar", 
        "symbol": "XLM", 
        "rank": "8", 
        "price_usd": "0.19814", 
        "price_btc": "0.00002915", 
        "24h_volume_usd": "26763000.0", 
        "market_cap_usd": "3675744045.0", 
        "available_supply": "18551246819.0", 
        "total_supply": "103847435165", 
        "max_supply": null, 
        "percent_change_1h": "-0.94", 
        "percent_change_24h": "1.01", 
        "percent_change_7d": "-14.78", 
        "last_updated": "1523402044"
    }, 
    {
        "id": "neo", 
        "name": "NEO", 
        "symbol": "NEO", 
        "rank": "9", 
        "price_usd": "51.7815", 
        "price_btc": "0.00761721", 
        "24h_volume_usd": "93248500.0", 
        "market_cap_usd": "3365797500.0", 
        "available_supply": "65000000.0", 
        "total_supply": "100000000.0", 
        "max_supply": "100000000.0", 
        "percent_change_1h": "-1.36", 
        "percent_change_24h": "-0.59", 
        "percent_change_7d": "-1.94", 
        "last_updated": "1523402048"
    }, 
    {
        "id": "iota", 
        "name": "IOTA", 
        "symbol": "MIOTA", 
        "rank": "10", 
        "price_usd": "1.00267", 
        "price_btc": "0.0001475", 
        "24h_volume_usd": "21087500.0", 
        "market_cap_usd": "2786951629.0", 
        "available_supply": "2779530283.0", 
        "total_supply": "2779530283.0", 
        "max_supply": "2779530283.0", 
        "percent_change_1h": "-1.03", 
        "percent_change_24h": "2.05", 
        "percent_change_7d": "-8.08", 
        "last_updated": "1523402051"
    }, 
    {
        "id": "monero", 
        "name": "Monero", 
        "symbol": "XMR", 
        "rank": "11", 
        "price_usd": "165.333", 
        "price_btc": "0.0243209", 
        "24h_volume_usd": "30737000.0", 
        "market_cap_usd": "2631452258.0", 
        "available_supply": "15916074.0", 
        "total_supply": "15916074.0", 
        "max_supply": null, 
        "percent_change_1h": "-0.31", 
        "percent_change_24h": "-0.56", 
        "percent_change_7d": "-12.08", 
        "last_updated": "1523402043"
    }, 
    {
        "id": "tron", 
        "name": "TRON", 
        "symbol": "TRX", 
        "rank": "12", 
        "price_usd": "0.0366843", 
        "price_btc": "0.00000540", 
        "24h_volume_usd": "304004000.0", 
        "market_cap_usd": "2411923452.0", 
        "available_supply": "65748111645.0", 
        "total_supply": "100000000000", 
        "max_supply": null, 
        "percent_change_1h": "-0.92", 
        "percent_change_24h": "3.25", 
        "percent_change_7d": "6.4", 
        "last_updated": "1523402054"
    }, 
    {
        "id": "dash", 
        "name": "Dash", 
        "symbol": "DASH", 
        "rank": "13", 
        "price_usd": "296.603", 
        "price_btc": "0.043631", 
        "24h_volume_usd": "71490800.0", 
        "market_cap_usd": "2373675020.0", 
        "available_supply": "8002869.0", 
        "total_supply": "8002869.0", 
        "max_supply": "18900000.0", 
        "percent_change_1h": "-0.51", 
        "percent_change_24h": "-0.11", 
        "percent_change_7d": "-12.15", 
        "last_updated": "1523402041"
    }, 
    {
        "id": "tether", 
        "name": "Tether", 
        "symbol": "USDT", 
        "rank": "14", 
        "price_usd": "0.999516", 
        "price_btc": "0.00014703", 
        "24h_volume_usd": "1257990000.0", 
        "market_cap_usd": "2286033837.0", 
        "available_supply": "2287140814.0", 
        "total_supply": "2580109970.0", 
        "max_supply": null, 
        "percent_change_1h": "0.11", 
        "percent_change_24h": "0.08", 
        "percent_change_7d": "-0.18", 
        "last_updated": "1523402046"
    }, 
    {
        "id": "nem", 
        "name": "NEM", 
        "symbol": "XEM", 
        "rank": "15", 
        "price_usd": "0.233791", 
        "price_btc": "0.00003439", 
        "24h_volume_usd": "12559300.0", 
        "market_cap_usd": "2104119000.0", 
        "available_supply": "8999999999.0", 
        "total_supply": "8999999999.0", 
        "max_supply": null, 
        "percent_change_1h": "0.4", 
        "percent_change_24h": "2.45", 
        "percent_change_7d": "-7.5", 
        "last_updated": "1523402044"
    }, 
    {
        "id": "vechain", 
        "name": "VeChain", 
        "symbol": "VEN", 
        "rank": "16", 
        "price_usd": "2.67203", 
        "price_btc": "0.00039306", 
        "24h_volume_usd": "65383500.0", 
        "market_cap_usd": "1402202533.0", 
        "available_supply": "524770505.0", 
        "total_supply": "873378637.0", 
        "max_supply": null, 
        "percent_change_1h": "-0.99", 
        "percent_change_24h": "4.75", 
        "percent_change_7d": "-6.5", 
        "last_updated": "1523402054"
    }, 
    {
        "id": "binance-coin", 
        "name": "Binance Coin", 
        "symbol": "BNB", 
        "rank": "17", 
        "price_usd": "11.9126", 
        "price_btc": "0.00175238", 
        "24h_volume_usd": "86420500.0", 
        "market_cap_usd": "1384977985.0", 
        "available_supply": "116261604.0", 
        "total_supply": "197192382.0", 
        "max_supply": null, 
        "percent_change_1h": "-0.69", 
        "percent_change_24h": "1.02", 
        "percent_change_7d": "-10.04", 
        "last_updated": "1523402053"
    }, 
    {
        "id": "ethereum-classic", 
        "name": "Ethereum Classic", 
        "symbol": "ETC", 
        "rank": "18", 
        "price_usd": "13.595", 
        "price_btc": "0.00199986", 
        "24h_volume_usd": "72881200.0", 
        "market_cap_usd": "1374311168.0", 
        "available_supply": "101089457.0", 
        "total_supply": "101089457.0", 
        "max_supply": null, 
        "percent_change_1h": "-0.77", 
        "percent_change_24h": "0.16", 
        "percent_change_7d": "-9.31", 
        "last_updated": "1523402047"
    }, 
    {
        "id": "verge", 
        "name": "Verge", 
        "symbol": "XVG", 
        "rank": "19", 
        "price_usd": "0.0853909", 
        "price_btc": "0.00001256", 
        "24h_volume_usd": "453592000.0", 
        "market_cap_usd": "1268888599.0", 
        "available_supply": "14859763734.0", 
        "total_supply": "14859763734.0", 
        "max_supply": "16555000000.0", 
        "percent_change_1h": "-1.78", 
        "percent_change_24h": "12.29", 
        "percent_change_7d": "25.01", 
        "last_updated": "1523402044"
    }, 
    {
        "id": "qtum", 
        "name": "Qtum", 
        "symbol": "QTUM", 
        "rank": "20", 
        "price_usd": "13.4231", 
        "price_btc": "0.00197457", 
        "24h_volume_usd": "89196300.0", 
        "market_cap_usd": "1188126958.0", 
        "available_supply": "88513604.0", 
        "total_supply": "100513604.0", 
        "max_supply": null, 
        "percent_change_1h": "-0.95", 
        "percent_change_24h": "0.0", 
        "percent_change_7d": "-10.48", 
        "last_updated": "1523402050"
    }, 
    {
        "id": "ontology", 
        "name": "Ontology", 
        "symbol": "ONT", 
        "rank": "21", 
        "price_usd": "4.57556", 
        "price_btc": "0.00067308", 
        "24h_volume_usd": "156437000.0", 
        "market_cap_usd": "1103791856.0", 
        "available_supply": "241236451.0", 
        "total_supply": "1000000000.0", 
        "max_supply": null, 
        "percent_change_1h": "-1.15", 
        "percent_change_24h": "29.19", 
        "percent_change_7d": "98.85", 
        "last_updated": "1523402062"
    }, 
    {
        "id": "omisego", 
        "name": "OmiseGO", 
        "symbol": "OMG", 
        "rank": "22", 
        "price_usd": "9.19599", 
        "price_btc": "0.00135276", 
        "24h_volume_usd": "27744800.0", 
        "market_cap_usd": "938382286.0", 
        "available_supply": "102042552.0", 
        "total_supply": "140245398.0", 
        "max_supply": null, 
        "percent_change_1h": "-0.8", 
        "percent_change_24h": "1.74", 
        "percent_change_7d": "-2.48", 
        "last_updated": "1523402052"
    }, 
    {
        "id": "lisk", 
        "name": "Lisk", 
        "symbol": "LSK", 
        "rank": "23", 
        "price_usd": "8.44424", 
        "price_btc": "0.00124217", 
        "24h_volume_usd": "14087100.0", 
        "market_cap_usd": "875828763.0", 
        "available_supply": "103719075.0", 
        "total_supply": "119969592.0", 
        "max_supply": null, 
        "percent_change_1h": "-1.57", 
        "percent_change_24h": "-1.36", 
        "percent_change_7d": "-11.93", 
        "last_updated": "1523402046"
    }, 
    {
        "id": "icon", 
        "name": "ICON", 
        "symbol": "ICX", 
        "rank": "24", 
        "price_usd": "2.11006", 
        "price_btc": "0.00031039", 
        "24h_volume_usd": "45299300.0", 
        "market_cap_usd": "816680278.0", 
        "available_supply": "387041258.0", 
        "total_supply": "400228750.0", 
        "max_supply": null, 
        "percent_change_1h": "-1.35", 
        "percent_change_24h": "5.4", 
        "percent_change_7d": "-6.77", 
        "last_updated": "1523402056"
    }, 
    {
        "id": "bitcoin-gold", 
        "name": "Bitcoin Gold", 
        "symbol": "BTG", 
        "rank": "25", 
        "price_usd": "40.5992", 
        "price_btc": "0.00597225", 
        "24h_volume_usd": "7627190.0", 
        "market_cap_usd": "687560589.0", 
        "available_supply": "16935324.0", 
        "total_supply": "17035324.0", 
        "max_supply": "21000000.0", 
        "percent_change_1h": "-0.52", 
        "percent_change_24h": "-1.03", 
        "percent_change_7d": "-12.69", 
        "last_updated": "1523402055"
    }, 
    {
        "id": "zcash", 
        "name": "Zcash", 
        "symbol": "ZEC", 
        "rank": "26", 
        "price_usd": "178.171", 
        "price_btc": "0.0262094", 
        "24h_volume_usd": "32837900.0", 
        "market_cap_usd": "654545689.0", 
        "available_supply": "3673694.0", 
        "total_supply": "3673694.0", 
        "max_supply": null, 
        "percent_change_1h": "-0.47", 
        "percent_change_24h": "0.78", 
        "percent_change_7d": "-12.85", 
        "last_updated": "1523402048"
    }, 
    {
        "id": "nano", 
        "name": "Nano", 
        "symbol": "NANO", 
        "rank": "27", 
        "price_usd": "4.81251", 
        "price_btc": "0.00070793", 
        "24h_volume_usd": "6630780.0", 
        "market_cap_usd": "641258724.0", 
        "available_supply": "133248289.0", 
        "total_supply": "133248289.0", 
        "max_supply": "133248290.0", 
        "percent_change_1h": "-0.82", 
        "percent_change_24h": "-0.03", 
        "percent_change_7d": "-18.91", 
        "last_updated": "1523402050"
    }, 
    {
        "id": "bytom", 
        "name": "Bytom", 
        "symbol": "BTM", 
        "rank": "28", 
        "price_usd": "0.583444", 
        "price_btc": "0.00008583", 
        "24h_volume_usd": "22774900.0", 
        "market_cap_usd": "575859228.0", 
        "available_supply": "987000000.0", 
        "total_supply": "1407000000.0", 
        "max_supply": null, 
        "percent_change_1h": "1.92", 
        "percent_change_24h": "11.22", 
        "percent_change_7d": "19.88", 
        "last_updated": "1523402053"
    }, 
    {
        "id": "steem", 
        "name": "Steem", 
        "symbol": "STEEM", 
        "rank": "29", 
        "price_usd": "1.83178", 
        "price_btc": "0.00026946", 
        "24h_volume_usd": "2207360.0", 
        "market_cap_usd": "469210711.0", 
        "available_supply": "256150144.0", 
        "total_supply": "273124238.0", 
        "max_supply": null, 
        "percent_change_1h": "-0.77", 
        "percent_change_24h": "0.77", 
        "percent_change_7d": "-10.44", 
        "last_updated": "1523402046"
    }, 
    {
        "id": "wanchain", 
        "name": "Wanchain", 
        "symbol": "WAN", 
        "rank": "30", 
        "price_usd": "4.3751", 
        "price_btc": "0.00064359", 
        "24h_volume_usd": "26299100.0", 
        "market_cap_usd": "464427771.0", 
        "available_supply": "106152493.0", 
        "total_supply": "210000000.0", 
        "max_supply": null, 
        "percent_change_1h": "0.61", 
        "percent_change_24h": "19.46", 
        "percent_change_7d": "27.61", 
        "last_updated": "1523402062"
    }, 
    {
        "id": "populous", 
        "name": "Populous", 
        "symbol": "PPT", 
        "rank": "31", 
        "price_usd": "11.6758", 
        "price_btc": "0.00171754", 
        "24h_volume_usd": "1270890.0", 
        "market_cap_usd": "432051617.0", 
        "available_supply": "37004027.0", 
        "total_supply": "53252246.0", 
        "max_supply": "53252246.0", 
        "percent_change_1h": "-1.05", 
        "percent_change_24h": "1.22", 
        "percent_change_7d": "-11.27", 
        "last_updated": "1523402052"
    }, 
    {
        "id": "bytecoin-bcn", 
        "name": "Bytecoin", 
        "symbol": "BCN", 
        "rank": "32", 
        "price_usd": "0.00234073", 
        "price_btc": "0.00000034", 
        "24h_volume_usd": "4274680.0", 
        "market_cap_usd": "430298411.0", 
        "available_supply": "183830860822", 
        "total_supply": "183830860822", 
        "max_supply": "184470000000", 
        "percent_change_1h": "2.26", 
        "percent_change_24h": "10.06", 
        "percent_change_7d": "1.57", 
        "last_updated": "1523402043"
    }, 
    {
        "id": "digixdao", 
        "name": "DigixDAO", 
        "symbol": "DGD", 
        "rank": "33", 
        "price_usd": "208.153", 
        "price_btc": "0.0306199", 
        "24h_volume_usd": "10795700.0", 
        "market_cap_usd": "416306000.0", 
        "available_supply": "2000000.0", 
        "total_supply": "2000000.0", 
        "max_supply": null, 
        "percent_change_1h": "-0.51", 
        "percent_change_24h": "0.15", 
        "percent_change_7d": "-11.25", 
        "last_updated": "1523402047"
    }, 
    {
        "id": "bitcoin-diamond", 
        "name": "Bitcoin Diamond", 
        "symbol": "BCD", 
        "rank": "34", 
        "price_usd": "2.5962", 
        "price_btc": "0.00038191", 
        "24h_volume_usd": "1688300.0", 
        "market_cap_usd": "397295512.0", 
        "available_supply": "153029625.0", 
        "total_supply": "156029625.0", 
        "max_supply": "210000000.0", 
        "percent_change_1h": "-0.85", 
        "percent_change_24h": "8.85", 
        "percent_change_7d": "16.06", 
        "last_updated": "1523402058"
    }, 
    {
        "id": "siacoin", 
        "name": "Siacoin", 
        "symbol": "SC", 
        "rank": "35", 
        "price_usd": "0.0114619", 
        "price_btc": "0.00000169", 
        "24h_volume_usd": "8698600.0", 
        "market_cap_usd": "386256486.0", 
        "available_supply": "33699167370.0", 
        "total_supply": "33699167370.0", 
        "max_supply": null, 
        "percent_change_1h": "-1.09", 
        "percent_change_24h": "6.18", 
        "percent_change_7d": "-4.18", 
        "last_updated": "1523402046"
    }, 
    {
        "id": "bitshares", 
        "name": "BitShares", 
        "symbol": "BTS", 
        "rank": "36", 
        "price_usd": "0.141814", 
        "price_btc": "0.00002086", 
        "24h_volume_usd": "6542800.0", 
        "market_cap_usd": "370801066.0", 
        "available_supply": "2614700000.0", 
        "total_supply": "2614700000.0", 
        "max_supply": "3600570502.0", 
        "percent_change_1h": "-0.84", 
        "percent_change_24h": "2.64", 
        "percent_change_7d": "-6.16", 
        "last_updated": "1523402043"
    }, 
    {
        "id": "stratis", 
        "name": "Stratis", 
        "symbol": "STRAT", 
        "rank": "37", 
        "price_usd": "3.7129", 
        "price_btc": "0.00054618", 
        "24h_volume_usd": "5501870.0", 
        "market_cap_usd": "366878006.0", 
        "available_supply": "98811712.0", 
        "total_supply": "98811712.0", 
        "max_supply": null, 
        "percent_change_1h": "-1.46", 
        "percent_change_24h": "4.45", 
        "percent_change_7d": "-6.65", 
        "last_updated": "1523402047"
    }, 
    {
        "id": "rchain", 
        "name": "RChain", 
        "symbol": "RHOC", 
        "rank": "38", 
        "price_usd": "1.01603", 
        "price_btc": "0.00014946", 
        "24h_volume_usd": "1957760.0", 
        "market_cap_usd": "365384165.0", 
        "available_supply": "359619465.0", 
        "total_supply": "870663574.0", 
        "max_supply": "1000000000.0", 
        "percent_change_1h": "-0.47", 
        "percent_change_24h": "5.56", 
        "percent_change_7d": "3.05", 
        "last_updated": "1523402055"
    }, 
    {
        "id": "decred", 
        "name": "Decred", 
        "symbol": "DCR", 
        "rank": "39", 
        "price_usd": "50.6825", 
        "price_btc": "0.00745554", 
        "24h_volume_usd": "18238200.0", 
        "market_cap_usd": "359980696.0", 
        "available_supply": "7102663.0", 
        "total_supply": "7522663.0", 
        "max_supply": "21000000.0", 
        "percent_change_1h": "-0.45", 
        "percent_change_24h": "5.52", 
        "percent_change_7d": "9.04", 
        "last_updated": "1523402047"
    }, 
    {
        "id": "waves", 
        "name": "Waves", 
        "symbol": "WAVES", 
        "rank": "40", 
        "price_usd": "3.58919", 
        "price_btc": "0.00052798", 
        "24h_volume_usd": "16273700.0", 
        "market_cap_usd": "358919000.0", 
        "available_supply": "100000000.0", 
        "total_supply": "100000000.0", 
        "max_supply": null, 
        "percent_change_1h": "-1.51", 
        "percent_change_24h": "3.85", 
        "percent_change_7d": "-10.55", 
        "last_updated": "1523402047"
    }, 
    {
        "id": "maker", 
        "name": "Maker", 
        "symbol": "MKR", 
        "rank": "41", 
        "price_usd": "564.605", 
        "price_btc": "0.083055", 
        "24h_volume_usd": "258103.0", 
        "market_cap_usd": "349054490.0", 
        "available_supply": "618228.0", 
        "total_supply": "1000000.0", 
        "max_supply": null, 
        "percent_change_1h": "0.42", 
        "percent_change_24h": "6.98", 
        "percent_change_7d": "8.1", 
        "last_updated": "1523402049"
    }, 
    {
        "id": "dogecoin", 
        "name": "Dogecoin", 
        "symbol": "DOGE", 
        "rank": "42", 
        "price_usd": "0.00301851", 
        "price_btc": "0.00000044", 
        "24h_volume_usd": "9895640.0", 
        "market_cap_usd": "343995336.0", 
        "available_supply": "113961966538", 
        "total_supply": "113961966538", 
        "max_supply": null, 
        "percent_change_1h": "-1.04", 
        "percent_change_24h": "9.66", 
        "percent_change_7d": "1.71", 
        "last_updated": "1523402042"
    }, 
    {
        "id": "aeternity", 
        "name": "Aeternity", 
        "symbol": "AE", 
        "rank": "43", 
        "price_usd": "1.34538", 
        "price_btc": "0.00019791", 
        "24h_volume_usd": "5248550.0", 
        "market_cap_usd": "313501083.0", 
        "available_supply": "233020472.0", 
        "total_supply": "273685830.0", 
        "max_supply": null, 
        "percent_change_1h": "-0.9", 
        "percent_change_24h": "2.45", 
        "percent_change_7d": "-10.17", 
        "last_updated": "1523402051"
    }, 
    {
        "id": "status", 
        "name": "Status", 
        "symbol": "SNT", 
        "rank": "44", 
        "price_usd": "0.088964", 
        "price_btc": "0.00001309", 
        "24h_volume_usd": "19468200.0", 
        "market_cap_usd": "308748120.0", 
        "available_supply": "3470483788.0", 
        "total_supply": "6804870174.0", 
        "max_supply": null, 
        "percent_change_1h": "-0.73", 
        "percent_change_24h": "1.0", 
        "percent_change_7d": "-14.31", 
        "last_updated": "1523402052"
    }, 
    {
        "id": "0x", 
        "name": "0x", 
        "symbol": "ZRX", 
        "rank": "45", 
        "price_usd": "0.557735", 
        "price_btc": "0.00008204", 
        "24h_volume_usd": "4863400.0", 
        "market_cap_usd": "291538593.0", 
        "available_supply": "522718841.0", 
        "total_supply": "1000000000.0", 
        "max_supply": null, 
        "percent_change_1h": "-0.4", 
        "percent_change_24h": "3.46", 
        "percent_change_7d": "-6.61", 
        "last_updated": "1523402053"
    }, 
    {
        "id": "zilliqa", 
        "name": "Zilliqa", 
        "symbol": "ZIL", 
        "rank": "46", 
        "price_usd": "0.0399308", 
        "price_btc": "0.00000587", 
        "24h_volume_usd": "14239800.0", 
        "market_cap_usd": "285426883.0", 
        "available_supply": "7148038186.0", 
        "total_supply": "12600000000.0", 
        "max_supply": null, 
        "percent_change_1h": "-1.09", 
        "percent_change_24h": "2.55", 
        "percent_change_7d": "-11.84", 
        "last_updated": "1523402061"
    }, 
    {
        "id": "komodo", 
        "name": "Komodo", 
        "symbol": "KMD", 
        "rank": "47", 
        "price_usd": "2.64508", 
        "price_btc": "0.0003891", 
        "24h_volume_usd": "2208100.0", 
        "market_cap_usd": "275190945.0", 
        "available_supply": "104038798.0", 
        "total_supply": "104038798.0", 
        "max_supply": null, 
        "percent_change_1h": "-1.41", 
        "percent_change_24h": "5.68", 
        "percent_change_7d": "-8.84", 
        "last_updated": "1523402049"
    }, 
    {
        "id": "augur", 
        "name": "Augur", 
        "symbol": "REP", 
        "rank": "48", 
        "price_usd": "24.5697", 
        "price_btc": "0.00361427", 
        "24h_volume_usd": "2477370.0", 
        "market_cap_usd": "270266700.0", 
        "available_supply": "11000000.0", 
        "total_supply": "11000000.0", 
        "max_supply": null, 
        "percent_change_1h": "-0.68", 
        "percent_change_24h": "1.25", 
        "percent_change_7d": "-8.59", 
        "last_updated": "1523402046"
    }, 
    {
        "id": "ardor", 
        "name": "Ardor", 
        "symbol": "ARDR", 
        "rank": "49", 
        "price_usd": "0.252836", 
        "price_btc": "0.00003719", 
        "24h_volume_usd": "2376340.0", 
        "market_cap_usd": "252583036.0", 
        "available_supply": "998999495.0", 
        "total_supply": "998999495.0", 
        "max_supply": "998999495.0", 
        "percent_change_1h": "-1.42", 
        "percent_change_24h": "4.36", 
        "percent_change_7d": "-13.71", 
        "last_updated": "1523402047"
    }, 
    {
        "id": "aion", 
        "name": "Aion", 
        "symbol": "AION", 
        "rank": "50", 
        "price_usd": "2.10648", 
        "price_btc": "0.00030987", 
        "24h_volume_usd": "9257900.0", 
        "market_cap_usd": "242919002.0", 
        "available_supply": "115319871.0", 
        "total_supply": "465934587.0", 
        "max_supply": null, 
        "percent_change_1h": "0.2", 
        "percent_change_24h": "1.88", 
        "percent_change_7d": "-4.03", 
        "last_updated": "1523402055"
    }, 
    {
        "id": "iostoken", 
        "name": "IOStoken", 
        "symbol": "IOST", 
        "rank": "51", 
        "price_usd": "0.0288577", 
        "price_btc": "0.00000425", 
        "24h_volume_usd": "45750600.0", 
        "market_cap_usd": "242404680.0", 
        "available_supply": "8400000000.0", 
        "total_supply": "21000000000.0", 
        "max_supply": null, 
        "percent_change_1h": "-2.23", 
        "percent_change_24h": "-2.67", 
        "percent_change_7d": "11.46", 
        "last_updated": "1523402060"
    }, 
    {
        "id": "loopring", 
        "name": "Loopring", 
        "symbol": "LRC", 
        "rank": "52", 
        "price_usd": "0.418347", 
        "price_btc": "0.00006154", 
        "24h_volume_usd": "6455360.0", 
        "market_cap_usd": "239325460.0", 
        "available_supply": "572074043.0", 
        "total_supply": "1374956262.0", 
        "max_supply": null, 
        "percent_change_1h": "-0.65", 
        "percent_change_24h": "2.56", 
        "percent_change_7d": "5.26", 
        "last_updated": "1523402053"
    }, 
    {
        "id": "golem-network-tokens", 
        "name": "Golem", 
        "symbol": "GNT", 
        "rank": "53", 
        "price_usd": "0.282165", 
        "price_btc": "0.00004151", 
        "24h_volume_usd": "55714000.0", 
        "market_cap_usd": "235399537.0", 
        "available_supply": "834262000.0", 
        "total_supply": "1000000000.0", 
        "max_supply": null, 
        "percent_change_1h": "3.67", 
        "percent_change_24h": "22.6", 
        "percent_change_7d": "29.89", 
        "last_updated": "1523402048"
    }, 
    {
        "id": "kucoin-shares", 
        "name": "KuCoin Shares", 
        "symbol": "KCS", 
        "rank": "54", 
        "price_usd": "2.44806", 
        "price_btc": "0.00036012", 
        "24h_volume_usd": "290959.0", 
        "market_cap_usd": "222878913.0", 
        "available_supply": "91043076.0", 
        "total_supply": "181043076.0", 
        "max_supply": null, 
        "percent_change_1h": "-1.22", 
        "percent_change_24h": "5.17", 
        "percent_change_7d": "-0.19", 
        "last_updated": "1523402055"
    }, 
    {
        "id": "hshare", 
        "name": "Hshare", 
        "symbol": "HSR", 
        "rank": "55", 
        "price_usd": "5.19569", 
        "price_btc": "0.0007643", 
        "24h_volume_usd": "13511800.0", 
        "market_cap_usd": "222619871.0", 
        "available_supply": "42847027.0", 
        "total_supply": "42847027.0", 
        "max_supply": "84000000.0", 
        "percent_change_1h": "-0.14", 
        "percent_change_24h": "0.19", 
        "percent_change_7d": "-9.4", 
        "last_updated": "1523402054"
    }, 
    {
        "id": "ark", 
        "name": "Ark", 
        "symbol": "ARK", 
        "rank": "56", 
        "price_usd": "2.16853", 
        "price_btc": "0.000319", 
        "24h_volume_usd": "1916410.0", 
        "market_cap_usd": "220790148.0", 
        "available_supply": "101815584.0", 
        "total_supply": "133065584.0", 
        "max_supply": null, 
        "percent_change_1h": "-3.32", 
        "percent_change_24h": "5.0", 
        "percent_change_7d": "-7.2", 
        "last_updated": "1523402050"
    }, 
    {
        "id": "cryptonex", 
        "name": "Cryptonex", 
        "symbol": "CNX", 
        "rank": "57", 
        "price_usd": "4.81889", 
        "price_btc": "0.00070887", 
        "24h_volume_usd": "1238260.0", 
        "market_cap_usd": "217847965.0", 
        "available_supply": "45207084.0", 
        "total_supply": "106644710.0", 
        "max_supply": "210000000.0", 
        "percent_change_1h": "2.19", 
        "percent_change_24h": "2.45", 
        "percent_change_7d": "-5.5", 
        "last_updated": "1523402054"
    }, 
    {
        "id": "pivx", 
        "name": "PIVX", 
        "symbol": "PIVX", 
        "rank": "58", 
        "price_usd": "3.87051", 
        "price_btc": "0.00056936", 
        "24h_volume_usd": "1476880.0", 
        "market_cap_usd": "216556295.0", 
        "available_supply": "55950326.0", 
        "total_supply": "55950326.0", 
        "max_supply": null, 
        "percent_change_1h": "-0.62", 
        "percent_change_24h": "-0.46", 
        "percent_change_7d": "-6.54", 
        "last_updated": "1523402046"
    }, 
    {
        "id": "waltonchain", 
        "name": "Waltonchain", 
        "symbol": "WTC", 
        "rank": "59", 
        "price_usd": "8.58077", 
        "price_btc": "0.00126225", 
        "24h_volume_usd": "1844340.0", 
        "market_cap_usd": "213645539.0", 
        "available_supply": "24898178.0", 
        "total_supply": "70000000.0", 
        "max_supply": "100000000.0", 
        "percent_change_1h": "-1.38", 
        "percent_change_24h": "2.63", 
        "percent_change_7d": "-18.11", 
        "last_updated": "1523402054"
    }, 
    {
        "id": "digibyte", 
        "name": "DigiByte", 
        "symbol": "DGB", 
        "rank": "60", 
        "price_usd": "0.0200452", 
        "price_btc": "0.00000295", 
        "24h_volume_usd": "2933110.0", 
        "market_cap_usd": "202400989.0", 
        "available_supply": "10097229701.0", 
        "total_supply": "10097229701.0", 
        "max_supply": "21000000000.0", 
        "percent_change_1h": "-0.65", 
        "percent_change_24h": "10.23", 
        "percent_change_7d": "-0.53", 
        "last_updated": "1523402041"
    }, 
    {
        "id": "aelf", 
        "name": "aelf", 
        "symbol": "ELF", 
        "rank": "61", 
        "price_usd": "0.78861", 
        "price_btc": "0.00011601", 
        "24h_volume_usd": "82228100.0", 
        "market_cap_usd": "197152500.0", 
        "available_supply": "250000000.0", 
        "total_supply": "280000000.0", 
        "max_supply": "1000000000.0", 
        "percent_change_1h": "-2.08", 
        "percent_change_24h": "34.48", 
        "percent_change_7d": "38.71", 
        "last_updated": "1523402058"
    }, 
    {
        "id": "basic-attention-token", 
        "name": "Basic Attention Token", 
        "symbol": "BAT", 
        "rank": "62", 
        "price_usd": "0.195955", 
        "price_btc": "0.00002883", 
        "24h_volume_usd": "5051480.0", 
        "market_cap_usd": "195955000.0", 
        "available_supply": "1000000000.0", 
        "total_supply": "1500000000.0", 
        "max_supply": null, 
        "percent_change_1h": "-0.83", 
        "percent_change_24h": "5.01", 
        "percent_change_7d": "-7.13", 
        "last_updated": "1523402051"
    }, 
    {
        "id": "centrality", 
        "name": "Centrality", 
        "symbol": "CENNZ", 
        "rank": "63", 
        "price_usd": "0.296256", 
        "price_btc": "0.00004358", 
        "24h_volume_usd": "110367.0", 
        "market_cap_usd": "195225960.0", 
        "available_supply": "658977236.0", 
        "total_supply": "1200000000.0", 
        "max_supply": null, 
        "percent_change_1h": "-0.54", 
        "percent_change_24h": "4.9", 
        "percent_change_7d": "-12.74", 
        "last_updated": "1523402062"
    }, 
    {
        "id": "monacoin", 
        "name": "MonaCoin", 
        "symbol": "MONA", 
        "rank": "64", 
        "price_usd": "3.25064", 
        "price_btc": "0.00047818", 
        "24h_volume_usd": "874524.0", 
        "market_cap_usd": "190761614.0", 
        "available_supply": "58684325.0", 
        "total_supply": "58684325.0", 
        "max_supply": null, 
        "percent_change_1h": "-0.53", 
        "percent_change_24h": "0.77", 
        "percent_change_7d": "-8.33", 
        "last_updated": "1523402044"
    }, 
    {
        "id": "veritaseum", 
        "name": "Veritaseum", 
        "symbol": "VERI", 
        "rank": "65", 
        "price_usd": "90.9956", 
        "price_btc": "0.0133857", 
        "24h_volume_usd": "321988.0", 
        "market_cap_usd": "185325774.0", 
        "available_supply": "2036645.0", 
        "total_supply": "100000000.0", 
        "max_supply": null, 
        "percent_change_1h": "-2.87", 
        "percent_change_24h": "-0.21", 
        "percent_change_7d": "-25.47", 
        "last_updated": "1523402051"
    }, 
    {
        "id": "qash", 
        "name": "QASH", 
        "symbol": "QASH", 
        "rank": "66", 
        "price_usd": "0.526108", 
        "price_btc": "0.00007739", 
        "24h_volume_usd": "3668240.0", 
        "market_cap_usd": "184137800.0", 
        "available_supply": "350000000.0", 
        "total_supply": "1000000000.0", 
        "max_supply": null, 
        "percent_change_1h": "-0.6", 
        "percent_change_24h": "-0.58", 
        "percent_change_7d": "-15.28", 
        "last_updated": "1523402057"
    }, 
    {
        "id": "factom", 
        "name": "Factom", 
        "symbol": "FCT", 
        "rank": "67", 
        "price_usd": "20.3561", 
        "price_btc": "0.00299443", 
        "24h_volume_usd": "475076.0", 
        "market_cap_usd": "178016171.0", 
        "available_supply": "8745102.0", 
        "total_supply": "8745102.0", 
        "max_supply": null, 
        "percent_change_1h": "-0.24", 
        "percent_change_24h": "3.26", 
        "percent_change_7d": "-5.64", 
        "last_updated": "1523402045"
    }, 
    {
        "id": "dragonchain", 
        "name": "Dragonchain", 
        "symbol": "DRGN", 
        "rank": "68", 
        "price_usd": "0.720617", 
        "price_btc": "0.000106", 
        "24h_volume_usd": "1226150.0", 
        "market_cap_usd": "171810903.0", 
        "available_supply": "238421940.0", 
        "total_supply": "433494437.0", 
        "max_supply": null, 
        "percent_change_1h": "-0.29", 
        "percent_change_24h": "1.74", 
        "percent_change_7d": "0.34", 
        "last_updated": "1523402057"
    }, 
    {
        "id": "nebulas-token", 
        "name": "Nebulas", 
        "symbol": "NAS", 
        "rank": "69", 
        "price_usd": "4.59411", 
        "price_btc": "0.00067581", 
        "24h_volume_usd": "8153320.0", 
        "market_cap_usd": "163090905.0", 
        "available_supply": "35500000.0", 
        "total_supply": "100000000.0", 
        "max_supply": "100000000.0", 
        "percent_change_1h": "-0.82", 
        "percent_change_24h": "4.27", 
        "percent_change_7d": "-5.92", 
        "last_updated": "1523402053"
    }, 
    {
        "id": "elastos", 
        "name": "Elastos", 
        "symbol": "ELA", 
        "rank": "70", 
        "price_usd": "32.8195", 
        "price_btc": "0.00482784", 
        "24h_volume_usd": "13113300.0", 
        "market_cap_usd": "162947997.0", 
        "available_supply": "4964975.0", 
        "total_supply": "33379033.0", 
        "max_supply": null, 
        "percent_change_1h": "-1.4", 
        "percent_change_24h": "-0.5", 
        "percent_change_7d": "19.01", 
        "last_updated": "1523402061"
    }, 
    {
        "id": "gas", 
        "name": "Gas", 
        "symbol": "GAS", 
        "rank": "71", 
        "price_usd": "15.2677", 
        "price_btc": "0.00224593", 
        "24h_volume_usd": "4164210.0", 
        "market_cap_usd": "153611322.0", 
        "available_supply": "10061196.0", 
        "total_supply": "16913423.0", 
        "max_supply": "100000000.0", 
        "percent_change_1h": "-1.03", 
        "percent_change_24h": "2.21", 
        "percent_change_7d": "-10.41", 
        "last_updated": "1523402052"
    }, 
    {
        "id": "substratum", 
        "name": "Substratum", 
        "symbol": "SUB", 
        "rank": "72", 
        "price_usd": "0.395166", 
        "price_btc": "0.00005813", 
        "24h_volume_usd": "5079560.0", 
        "market_cap_usd": "151356876.0", 
        "available_supply": "383021000.0", 
        "total_supply": "472000000.0", 
        "max_supply": null, 
        "percent_change_1h": "-0.57", 
        "percent_change_24h": "4.54", 
        "percent_change_7d": "5.24", 
        "last_updated": "1523402054"
    }, 
    {
        "id": "ethos", 
        "name": "Ethos", 
        "symbol": "ETHOS", 
        "rank": "73", 
        "price_usd": "1.97004", 
        "price_btc": "0.0002898", 
        "24h_volume_usd": "3532700.0", 
        "market_cap_usd": "150504967.0", 
        "available_supply": "76396909.0", 
        "total_supply": "222295208.0", 
        "max_supply": null, 
        "percent_change_1h": "-1.06", 
        "percent_change_24h": "2.11", 
        "percent_change_7d": "-9.99", 
        "last_updated": "1523402052"
    }, 
    {
        "id": "gxchain", 
        "name": "GXChain", 
        "symbol": "GXS", 
        "rank": "74", 
        "price_usd": "2.46844", 
        "price_btc": "0.00036311", 
        "24h_volume_usd": "12851900.0", 
        "market_cap_usd": "148106400.0", 
        "available_supply": "60000000.0", 
        "total_supply": "100000000.0", 
        "max_supply": "100000000.0", 
        "percent_change_1h": "-0.76", 
        "percent_change_24h": "2.26", 
        "percent_change_7d": "-10.14", 
        "last_updated": "1523402051"
    }, 
    {
        "id": "syscoin", 
        "name": "Syscoin", 
        "symbol": "SYS", 
        "rank": "75", 
        "price_usd": "0.276542", 
        "price_btc": "0.00004068", 
        "24h_volume_usd": "1487430.0", 
        "market_cap_usd": "147177720.0", 
        "available_supply": "532207478.0", 
        "total_supply": "532207478.0", 
        "max_supply": "888000000.0", 
        "percent_change_1h": "-0.21", 
        "percent_change_24h": "2.85", 
        "percent_change_7d": "-8.3", 
        "last_updated": "1523402044"
    }, 
    {
        "id": "revain", 
        "name": "Revain", 
        "symbol": "R", 
        "rank": "76", 
        "price_usd": "0.774757", 
        "price_btc": "0.00011397", 
        "24h_volume_usd": "2981800.0", 
        "market_cap_usd": "142903929.0", 
        "available_supply": "184450000.0", 
        "total_supply": "484450000.0", 
        "max_supply": "484450000.0", 
        "percent_change_1h": "-0.77", 
        "percent_change_24h": "-0.08", 
        "percent_change_7d": "-4.89", 
        "last_updated": "1523402056"
    }, 
    {
        "id": "electroneum", 
        "name": "Electroneum", 
        "symbol": "ETN", 
        "rank": "77", 
        "price_usd": "0.021097", 
        "price_btc": "0.00000310", 
        "24h_volume_usd": "708148.0", 
        "market_cap_usd": "140819474.0", 
        "available_supply": "6674857737.0", 
        "total_supply": "6674857737.0", 
        "max_supply": "21000000000.0", 
        "percent_change_1h": "-0.59", 
        "percent_change_24h": "-0.63", 
        "percent_change_7d": "-5.59", 
        "last_updated": "1523402056"
    }, 
    {
        "id": "kyber-network", 
        "name": "Kyber Network", 
        "symbol": "KNC", 
        "rank": "78", 
        "price_usd": "1.03353", 
        "price_btc": "0.00015203", 
        "24h_volume_usd": "8335730.0", 
        "market_cap_usd": "138630166.0", 
        "available_supply": "134132697.0", 
        "total_supply": "215625349.0", 
        "max_supply": null, 
        "percent_change_1h": "-1.37", 
        "percent_change_24h": "4.97", 
        "percent_change_7d": "-0.26", 
        "last_updated": "1523402054"
    }, 
    {
        "id": "funfair", 
        "name": "FunFair", 
        "symbol": "FUN", 
        "rank": "79", 
        "price_usd": "0.0292732", 
        "price_btc": "0.00000431", 
        "24h_volume_usd": "679270.0", 
        "market_cap_usd": "138271175.0", 
        "available_supply": "4723473189.0", 
        "total_supply": "10999873621.0", 
        "max_supply": null, 
        "percent_change_1h": "-0.76", 
        "percent_change_24h": "1.69", 
        "percent_change_7d": "-9.52", 
        "last_updated": "1523402052"
    }, 
    {
        "id": "skycoin", 
        "name": "Skycoin", 
        "symbol": "SKY", 
        "rank": "80", 
        "price_usd": "17.7063", 
        "price_btc": "0.00260465", 
        "24h_volume_usd": "6743990.0", 
        "market_cap_usd": "137882871.0", 
        "available_supply": "7787221.0", 
        "total_supply": "25000000.0", 
        "max_supply": "100000000.0", 
        "percent_change_1h": "1.71", 
        "percent_change_24h": "14.43", 
        "percent_change_7d": "30.37", 
        "last_updated": "1523402050"
    }, 
    {
        "id": "reddcoin", 
        "name": "ReddCoin", 
        "symbol": "RDD", 
        "rank": "81", 
        "price_usd": "0.00450344", 
        "price_btc": "0.00000066", 
        "24h_volume_usd": "5372320.0", 
        "market_cap_usd": "129738311.0", 
        "available_supply": "28808713174.0", 
        "total_supply": "28808713174.0", 
        "max_supply": null, 
        "percent_change_1h": "1.55", 
        "percent_change_24h": "13.35", 
        "percent_change_7d": "-1.34", 
        "last_updated": "1523402041"
    }, 
    {
        "id": "zcoin", 
        "name": "ZCoin", 
        "symbol": "XZC", 
        "rank": "82", 
        "price_usd": "28.3682", 
        "price_btc": "0.00417305", 
        "24h_volume_usd": "918867.0", 
        "market_cap_usd": "127700462.0", 
        "available_supply": "4501536.0", 
        "total_supply": "4501536.0", 
        "max_supply": "21400000.0", 
        "percent_change_1h": "-0.83", 
        "percent_change_24h": "1.61", 
        "percent_change_7d": "-8.81", 
        "last_updated": "1523402048"
    }, 
    {
        "id": "nxt", 
        "name": "Nxt", 
        "symbol": "NXT", 
        "rank": "83", 
        "price_usd": "0.127011", 
        "price_btc": "0.00001868", 
        "24h_volume_usd": "5437130.0", 
        "market_cap_usd": "126883982.0", 
        "available_supply": "998999942.0", 
        "total_supply": "998999942.0", 
        "max_supply": "1000000000.0", 
        "percent_change_1h": "0.58", 
        "percent_change_24h": "8.56", 
        "percent_change_7d": "-0.18", 
        "last_updated": "1523402041"
    }, 
    {
        "id": "maidsafecoin", 
        "name": "MaidSafeCoin", 
        "symbol": "MAID", 
        "rank": "84", 
        "price_usd": "0.277567", 
        "price_btc": "0.00004083", 
        "24h_volume_usd": "1136010.0", 
        "market_cap_usd": "125613615.0", 
        "available_supply": "452552412.0", 
        "total_supply": "452552412.0", 
        "max_supply": null, 
        "percent_change_1h": "-1.81", 
        "percent_change_24h": "6.4", 
        "percent_change_7d": "2.36", 
        "last_updated": "1523402042"
    }, 
    {
        "id": "mixin", 
        "name": "Mixin", 
        "symbol": "XIN", 
        "rank": "85", 
        "price_usd": "307.597", 
        "price_btc": "0.0452484", 
        "24h_volume_usd": "1135360.0", 
        "market_cap_usd": "124932462.0", 
        "available_supply": "406156.0", 
        "total_supply": "1000000.0", 
        "max_supply": null, 
        "percent_change_1h": "-1.32", 
        "percent_change_24h": "-13.45", 
        "percent_change_7d": "31.61", 
        "last_updated": "1523402059"
    }, 
    {
        "id": "chainlink", 
        "name": "ChainLink", 
        "symbol": "LINK", 
        "rank": "86", 
        "price_usd": "0.35495", 
        "price_btc": "0.00005221", 
        "24h_volume_usd": "9442900.0", 
        "market_cap_usd": "124232500.0", 
        "available_supply": "350000000.0", 
        "total_supply": "1000000000.0", 
        "max_supply": null, 
        "percent_change_1h": "0.64", 
        "percent_change_24h": "14.96", 
        "percent_change_7d": "20.65", 
        "last_updated": "1523402054"
    }, 
    {
        "id": "byteball", 
        "name": "Byteball Bytes", 
        "symbol": "GBYTE", 
        "rank": "87", 
        "price_usd": "190.47", 
        "price_btc": "0.0280187", 
        "24h_volume_usd": "344805.0", 
        "market_cap_usd": "122895444.0", 
        "available_supply": "645222.0", 
        "total_supply": "1000000.0", 
        "max_supply": null, 
        "percent_change_1h": "-1.0", 
        "percent_change_24h": "4.24", 
        "percent_change_7d": "1.99", 
        "last_updated": "1523402049"
    }, 
    {
        "id": "salt", 
        "name": "SALT", 
        "symbol": "SALT", 
        "rank": "88", 
        "price_usd": "2.14475", 
        "price_btc": "0.0003155", 
        "24h_volume_usd": "13082800.0", 
        "market_cap_usd": "120890390.0", 
        "available_supply": "56365726.0", 
        "total_supply": "120000000.0", 
        "max_supply": null, 
        "percent_change_1h": "-1.74", 
        "percent_change_24h": "6.21", 
        "percent_change_7d": "-2.77", 
        "last_updated": "1523402056"
    }, 
    {
        "id": "storm", 
        "name": "Storm", 
        "symbol": "STORM", 
        "rank": "89", 
        "price_usd": "0.028652", 
        "price_btc": "0.00000421", 
        "24h_volume_usd": "16263400.0", 
        "market_cap_usd": "117153817.0", 
        "available_supply": "4088853037.0", 
        "total_supply": "10000000000.0", 
        "max_supply": null, 
        "percent_change_1h": "-0.79", 
        "percent_change_24h": "0.9", 
        "percent_change_7d": "-11.41", 
        "last_updated": "1523402059"
    }, 
    {
        "id": "nucleus-vision", 
        "name": "Nucleus Vision", 
        "symbol": "NCASH", 
        "rank": "90", 
        "price_usd": "0.029157", 
        "price_btc": "0.00000429", 
        "24h_volume_usd": "19544200.0", 
        "market_cap_usd": "116995239.0", 
        "available_supply": "4012595236.0", 
        "total_supply": "10000000000.0", 
        "max_supply": null, 
        "percent_change_1h": "-1.79", 
        "percent_change_24h": "6.58", 
        "percent_change_7d": "4.89", 
        "last_updated": "1523402061"
    }, 
    {
        "id": "power-ledger", 
        "name": "Power Ledger", 
        "symbol": "POWR", 
        "rank": "91", 
        "price_usd": "0.308701", 
        "price_btc": "0.00004541", 
        "24h_volume_usd": "6440570.0", 
        "market_cap_usd": "112346465.0", 
        "available_supply": "363932947.0", 
        "total_supply": "1000000000.0", 
        "max_supply": null, 
        "percent_change_1h": "-1.22", 
        "percent_change_24h": "3.65", 
        "percent_change_7d": "-11.72", 
        "last_updated": "1523402056"
    }, 
    {
        "id": "particl", 
        "name": "Particl", 
        "symbol": "PART", 
        "rank": "92", 
        "price_usd": "12.249", 
        "price_btc": "0.00180187", 
        "24h_volume_usd": "2117520.0", 
        "market_cap_usd": "109397075.0", 
        "available_supply": "8931103.0", 
        "total_supply": "8931103.0", 
        "max_supply": null, 
        "percent_change_1h": "-0.46", 
        "percent_change_24h": "-1.36", 
        "percent_change_7d": "15.78", 
        "last_updated": "1523402052"
    }, 
    {
        "id": "bancor", 
        "name": "Bancor", 
        "symbol": "BNT", 
        "rank": "93", 
        "price_usd": "2.41923", 
        "price_btc": "0.00035588", 
        "24h_volume_usd": "5015100.0", 
        "market_cap_usd": "108967549.0", 
        "available_supply": "45042244.0", 
        "total_supply": "74716805.0", 
        "max_supply": null, 
        "percent_change_1h": "-0.49", 
        "percent_change_24h": "5.18", 
        "percent_change_7d": "3.47", 
        "last_updated": "1523402051"
    }, 
    {
        "id": "wax", 
        "name": "WAX", 
        "symbol": "WAX", 
        "rank": "94", 
        "price_usd": "0.175265", 
        "price_btc": "0.00002578", 
        "24h_volume_usd": "3825560.0", 
        "market_cap_usd": "108490943.0", 
        "available_supply": "619010888.0", 
        "total_supply": "1850000000.0", 
        "max_supply": null, 
        "percent_change_1h": "-0.43", 
        "percent_change_24h": "7.4", 
        "percent_change_7d": "3.61", 
        "last_updated": "1523402059"
    }, 
    {
        "id": "request-network", 
        "name": "Request Network", 
        "symbol": "REQ", 
        "rank": "95", 
        "price_usd": "0.157473", 
        "price_btc": "0.00002316", 
        "24h_volume_usd": "3019840.0", 
        "market_cap_usd": "104398503.0", 
        "available_supply": "662961287.0", 
        "total_supply": "999999783.0", 
        "max_supply": null, 
        "percent_change_1h": "-0.83", 
        "percent_change_24h": "1.11", 
        "percent_change_7d": "-5.51", 
        "last_updated": "1523402055"
    }, 
    {
        "id": "enigma-project", 
        "name": "Enigma", 
        "symbol": "ENG", 
        "rank": "96", 
        "price_usd": "1.39439", 
        "price_btc": "0.00020512", 
        "24h_volume_usd": "5539810.0", 
        "market_cap_usd": "104350809.0", 
        "available_supply": "74836171.0", 
        "total_supply": "150000000.0", 
        "max_supply": null, 
        "percent_change_1h": "-1.13", 
        "percent_change_24h": "2.99", 
        "percent_change_7d": "-8.1", 
        "last_updated": "1523402055"
    }, 
    {
        "id": "dent", 
        "name": "Dent", 
        "symbol": "DENT", 
        "rank": "97", 
        "price_usd": "0.00975477", 
        "price_btc": "0.00000143", 
        "24h_volume_usd": "817332.0", 
        "market_cap_usd": "103544552.0", 
        "available_supply": "10614760961.0", 
        "total_supply": "100000000000", 
        "max_supply": null, 
        "percent_change_1h": "-0.47", 
        "percent_change_24h": "-0.39", 
        "percent_change_7d": "-14.83", 
        "last_updated": "1523402054"
    }, 
    {
        "id": "neblio", 
        "name": "Neblio", 
        "symbol": "NEBL", 
        "rank": "98", 
        "price_usd": "7.81139", 
        "price_btc": "0.00114908", 
        "24h_volume_usd": "9036570.0", 
        "market_cap_usd": "101466388.0", 
        "available_supply": "12989543.0", 
        "total_supply": "13746466.0", 
        "max_supply": null, 
        "percent_change_1h": "-1.29", 
        "percent_change_24h": "4.87", 
        "percent_change_7d": "-2.72", 
        "last_updated": "1523402054"
    }, 
    {
        "id": "storj", 
        "name": "Storj", 
        "symbol": "STORJ", 
        "rank": "99", 
        "price_usd": "0.7485", 
        "price_btc": "0.00011011", 
        "24h_volume_usd": "10693700.0", 
        "market_cap_usd": "99868981.0", 
        "available_supply": "133425493.0", 
        "total_supply": "424999998.0", 
        "max_supply": null, 
        "percent_change_1h": "-0.98", 
        "percent_change_24h": "3.55", 
        "percent_change_7d": "-10.58", 
        "last_updated": "1523402052"
    }, 
    {
        "id": "dentacoin", 
        "name": "Dentacoin", 
        "symbol": "DCN", 
        "rank": "100", 
        "price_usd": "0.00030664", 
        "price_btc": "0.00000005", 
        "24h_volume_usd": "84163.2", 
        "market_cap_usd": "99727489.0", 
        "available_supply": "325226613094", 
        "total_supply": "1963173416169", 
        "max_supply": "8000000000000", 
        "percent_change_1h": "0.39", 
        "percent_change_24h": "4.52", 
        "percent_change_7d": "-4.57", 
        "last_updated": "1523402053"
    }
]