[
    {
        "id": "bitcoin", 
        "name": "Bitcoin", 
        "symbol": "BTC", 
        "rank": "1", 
        "price_usd": "6848.72", 
        "price_btc": "1.0", 
        "24h_volume_usd": "4344110000.0", 
        "market_cap_usd": "116215244808", 
        "available_supply": "16968900.0", 
        "total_supply": "16968900.0", 
        "max_supply": "21000000.0", 
        "percent_change_1h": "-0.12", 
        "percent_change_24h": "1.18", 
        "percent_change_7d": "-7.59", 
        "last_updated": "1523412268"
    }, 
    {
        "id": "ethereum", 
        "name": "Ethereum", 
        "symbol": "ETH", 
        "rank": "2", 
        "price_usd": "416.111", 
        "price_btc": "0.0608268", 
        "24h_volume_usd": "1236240000.0", 
        "market_cap_usd": "41088313223.0", 
        "available_supply": "98743636.0", 
        "total_supply": "98743636.0", 
        "max_supply": null, 
        "percent_change_1h": "-0.09", 
        "percent_change_24h": "4.54", 
        "percent_change_7d": "1.39", 
        "last_updated": "1523412256"
    }, 
    {
        "id": "ripple", 
        "name": "Ripple", 
        "symbol": "XRP", 
        "rank": "3", 
        "price_usd": "0.492057", 
        "price_btc": "0.00007193", 
        "24h_volume_usd": "151697000.0", 
        "market_cap_usd": "19236732534.0", 
        "available_supply": "39094520623.0", 
        "total_supply": "99992405149.0", 
        "max_supply": "100000000000", 
        "percent_change_1h": "-0.11", 
        "percent_change_24h": "0.88", 
        "percent_change_7d": "-9.83", 
        "last_updated": "1523412241"
    }, 
    {
        "id": "bitcoin-cash", 
        "name": "Bitcoin Cash", 
        "symbol": "BCH", 
        "rank": "4", 
        "price_usd": "651.217", 
        "price_btc": "0.0951945", 
        "24h_volume_usd": "230460000.0", 
        "market_cap_usd": "11114043772.0", 
        "available_supply": "17066575.0", 
        "total_supply": "17066575.0", 
        "max_supply": "21000000.0", 
        "percent_change_1h": "-0.43", 
        "percent_change_24h": "2.23", 
        "percent_change_7d": "-7.17", 
        "last_updated": "1523412252"
    }, 
    {
        "id": "litecoin", 
        "name": "Litecoin", 
        "symbol": "LTC", 
        "rank": "5", 
        "price_usd": "114.311", 
        "price_btc": "0.0167099", 
        "24h_volume_usd": "204520000.0", 
        "market_cap_usd": "6404626737.0", 
        "available_supply": "56028088.0", 
        "total_supply": "56028088.0", 
        "max_supply": "84000000.0", 
        "percent_change_1h": "-0.15", 
        "percent_change_24h": "-0.47", 
        "percent_change_7d": "-13.25", 
        "last_updated": "1523412241"
    }, 
    {
        "id": "eos", 
        "name": "EOS", 
        "symbol": "EOS", 
        "rank": "6", 
        "price_usd": "6.00294", 
        "price_btc": "0.0008775", 
        "24h_volume_usd": "228789000.0", 
        "market_cap_usd": "4710468587.0", 
        "available_supply": "784693598.0", 
        "total_supply": "900000000.0", 
        "max_supply": "1000000000.0", 
        "percent_change_1h": "0.03", 
        "percent_change_24h": "2.53", 
        "percent_change_7d": "-0.91", 
        "last_updated": "1523412251"
    }, 
    {
        "id": "cardano", 
        "name": "Cardano", 
        "symbol": "ADA", 
        "rank": "7", 
        "price_usd": "0.155686", 
        "price_btc": "0.00002276", 
        "24h_volume_usd": "55645500.0", 
        "market_cap_usd": "4036481904.0", 
        "available_supply": "25927070538.0", 
        "total_supply": "31112483745.0", 
        "max_supply": "45000000000.0", 
        "percent_change_1h": "-0.51", 
        "percent_change_24h": "3.11", 
        "percent_change_7d": "-9.1", 
        "last_updated": "1523412254"
    }, 
    {
        "id": "stellar", 
        "name": "Stellar", 
        "symbol": "XLM", 
        "rank": "8", 
        "price_usd": "0.199319", 
        "price_btc": "0.00002914", 
        "24h_volume_usd": "27268800.0", 
        "market_cap_usd": "3697615885.0", 
        "available_supply": "18551246419.0", 
        "total_supply": "103847435165", 
        "max_supply": null, 
        "percent_change_1h": "-0.09", 
        "percent_change_24h": "1.05", 
        "percent_change_7d": "-14.08", 
        "last_updated": "1523412244"
    }, 
    {
        "id": "neo", 
        "name": "NEO", 
        "symbol": "NEO", 
        "rank": "9", 
        "price_usd": "54.1228", 
        "price_btc": "0.00791163", 
        "24h_volume_usd": "95285800.0", 
        "market_cap_usd": "3517982000.0", 
        "available_supply": "65000000.0", 
        "total_supply": "100000000.0", 
        "max_supply": "100000000.0", 
        "percent_change_1h": "2.49", 
        "percent_change_24h": "5.29", 
        "percent_change_7d": "3.09", 
        "last_updated": "1523412248"
    }, 
    {
        "id": "iota", 
        "name": "IOTA", 
        "symbol": "MIOTA", 
        "rank": "10", 
        "price_usd": "1.0097", 
        "price_btc": "0.0001476", 
        "24h_volume_usd": "21449700.0", 
        "market_cap_usd": "2806491727.0", 
        "available_supply": "2779530283.0", 
        "total_supply": "2779530283.0", 
        "max_supply": "2779530283.0", 
        "percent_change_1h": "0.37", 
        "percent_change_24h": "2.24", 
        "percent_change_7d": "-7.01", 
        "last_updated": "1523412251"
    }, 
    {
        "id": "monero", 
        "name": "Monero", 
        "symbol": "XMR", 
        "rank": "11", 
        "price_usd": "165.334", 
        "price_btc": "0.0241683", 
        "24h_volume_usd": "31436600.0", 
        "market_cap_usd": "2631532810.0", 
        "available_supply": "15916465.0", 
        "total_supply": "15916465.0", 
        "max_supply": null, 
        "percent_change_1h": "-0.18", 
        "percent_change_24h": "-0.57", 
        "percent_change_7d": "-11.89", 
        "last_updated": "1523412243"
    }, 
    {
        "id": "tron", 
        "name": "TRON", 
        "symbol": "TRX", 
        "rank": "12", 
        "price_usd": "0.0367049", 
        "price_btc": "0.00000537", 
        "24h_volume_usd": "302828000.0", 
        "market_cap_usd": "2413277863.0", 
        "available_supply": "65748111645.0", 
        "total_supply": "100000000000", 
        "max_supply": null, 
        "percent_change_1h": "-0.33", 
        "percent_change_24h": "3.78", 
        "percent_change_7d": "7.24", 
        "last_updated": "1523412253"
    }, 
    {
        "id": "dash", 
        "name": "Dash", 
        "symbol": "DASH", 
        "rank": "13", 
        "price_usd": "298.505", 
        "price_btc": "0.0436353", 
        "24h_volume_usd": "70147900.0", 
        "market_cap_usd": "2388960898.0", 
        "available_supply": "8003085.0", 
        "total_supply": "8003085.0", 
        "max_supply": "18900000.0", 
        "percent_change_1h": "-0.15", 
        "percent_change_24h": "-0.05", 
        "percent_change_7d": "-11.32", 
        "last_updated": "1523412241"
    }, 
    {
        "id": "tether", 
        "name": "Tether", 
        "symbol": "USDT", 
        "rank": "14", 
        "price_usd": "0.998097", 
        "price_btc": "0.0001459", 
        "24h_volume_usd": "1277700000.0", 
        "market_cap_usd": "2282788385.0", 
        "available_supply": "2287140814.0", 
        "total_supply": "2580109970.0", 
        "max_supply": null, 
        "percent_change_1h": "-0.04", 
        "percent_change_24h": "-0.07", 
        "percent_change_7d": "-0.36", 
        "last_updated": "1523412245"
    }, 
    {
        "id": "nem", 
        "name": "NEM", 
        "symbol": "XEM", 
        "rank": "15", 
        "price_usd": "0.235318", 
        "price_btc": "0.00003440", 
        "24h_volume_usd": "12458300.0", 
        "market_cap_usd": "2117862000.0", 
        "available_supply": "8999999999.0", 
        "total_supply": "8999999999.0", 
        "max_supply": null, 
        "percent_change_1h": "-0.22", 
        "percent_change_24h": "2.71", 
        "percent_change_7d": "-7.09", 
        "last_updated": "1523412244"
    }, 
    {
        "id": "vechain", 
        "name": "VeChain", 
        "symbol": "VEN", 
        "rank": "16", 
        "price_usd": "2.81294", 
        "price_btc": "0.00041119", 
        "24h_volume_usd": "73409800.0", 
        "market_cap_usd": "1476147945.0", 
        "available_supply": "524770505.0", 
        "total_supply": "873378637.0", 
        "max_supply": null, 
        "percent_change_1h": "0.64", 
        "percent_change_24h": "10.45", 
        "percent_change_7d": "-0.76", 
        "last_updated": "1523412255"
    }, 
    {
        "id": "binance-coin", 
        "name": "Binance Coin", 
        "symbol": "BNB", 
        "rank": "17", 
        "price_usd": "11.9509", 
        "price_btc": "0.00174697", 
        "24h_volume_usd": "89220600.0", 
        "market_cap_usd": "1389430805.0", 
        "available_supply": "116261604.0", 
        "total_supply": "197192382.0", 
        "max_supply": null, 
        "percent_change_1h": "-0.07", 
        "percent_change_24h": "-0.37", 
        "percent_change_7d": "-8.59", 
        "last_updated": "1523412253"
    }, 
    {
        "id": "ethereum-classic", 
        "name": "Ethereum Classic", 
        "symbol": "ETC", 
        "rank": "18", 
        "price_usd": "13.6719", 
        "price_btc": "0.00199855", 
        "24h_volume_usd": "73116200.0", 
        "market_cap_usd": "1382123844.0", 
        "available_supply": "101092302.0", 
        "total_supply": "101092302.0", 
        "max_supply": null, 
        "percent_change_1h": "-0.01", 
        "percent_change_24h": "0.87", 
        "percent_change_7d": "-8.26", 
        "last_updated": "1523412247"
    }, 
    {
        "id": "verge", 
        "name": "Verge", 
        "symbol": "XVG", 
        "rank": "19", 
        "price_usd": "0.0830636", 
        "price_btc": "0.00001214", 
        "24h_volume_usd": "436412000.0", 
        "market_cap_usd": "1234346417.0", 
        "available_supply": "14860256683.0", 
        "total_supply": "14860256683.0", 
        "max_supply": "16555000000.0", 
        "percent_change_1h": "-0.98", 
        "percent_change_24h": "4.4", 
        "percent_change_7d": "22.18", 
        "last_updated": "1523412244"
    }, 
    {
        "id": "qtum", 
        "name": "Qtum", 
        "symbol": "QTUM", 
        "rank": "20", 
        "price_usd": "13.51", 
        "price_btc": "0.00197488", 
        "24h_volume_usd": "88809400.0", 
        "market_cap_usd": "1195822951.0", 
        "available_supply": "88513912.0", 
        "total_supply": "100513912.0", 
        "max_supply": null, 
        "percent_change_1h": "-0.16", 
        "percent_change_24h": "1.14", 
        "percent_change_7d": "-9.32", 
        "last_updated": "1523412251"
    }, 
    {
        "id": "ontology", 
        "name": "Ontology", 
        "symbol": "ONT", 
        "rank": "21", 
        "price_usd": "4.40666", 
        "price_btc": "0.00064416", 
        "24h_volume_usd": "171772000.0", 
        "market_cap_usd": "1063047019.0", 
        "available_supply": "241236451.0", 
        "total_supply": "1000000000.0", 
        "max_supply": null, 
        "percent_change_1h": "-0.62", 
        "percent_change_24h": "16.93", 
        "percent_change_7d": "89.89", 
        "last_updated": "1523412261"
    }, 
    {
        "id": "omisego", 
        "name": "OmiseGO", 
        "symbol": "OMG", 
        "rank": "22", 
        "price_usd": "9.28711", 
        "price_btc": "0.00135758", 
        "24h_volume_usd": "28283700.0", 
        "market_cap_usd": "947680403.0", 
        "available_supply": "102042552.0", 
        "total_supply": "140245398.0", 
        "max_supply": null, 
        "percent_change_1h": "-0.16", 
        "percent_change_24h": "2.23", 
        "percent_change_7d": "-0.64", 
        "last_updated": "1523412252"
    }, 
    {
        "id": "lisk", 
        "name": "Lisk", 
        "symbol": "LSK", 
        "rank": "23", 
        "price_usd": "8.48362", 
        "price_btc": "0.00124013", 
        "24h_volume_usd": "14224600.0", 
        "market_cap_usd": "879949802.0", 
        "available_supply": "103723387.0", 
        "total_supply": "119973904.0", 
        "max_supply": null, 
        "percent_change_1h": "-0.11", 
        "percent_change_24h": "-0.85", 
        "percent_change_7d": "-11.73", 
        "last_updated": "1523412246"
    }, 
    {
        "id": "icon", 
        "name": "ICON", 
        "symbol": "ICX", 
        "rank": "24", 
        "price_usd": "2.10744", 
        "price_btc": "0.00030806", 
        "24h_volume_usd": "47754700.0", 
        "market_cap_usd": "815666230.0", 
        "available_supply": "387041258.0", 
        "total_supply": "400228750.0", 
        "max_supply": null, 
        "percent_change_1h": "0.22", 
        "percent_change_24h": "5.29", 
        "percent_change_7d": "-6.7", 
        "last_updated": "1523412255"
    }, 
    {
        "id": "bitcoin-gold", 
        "name": "Bitcoin Gold", 
        "symbol": "BTG", 
        "rank": "25", 
        "price_usd": "40.9741", 
        "price_btc": "0.00598956", 
        "24h_volume_usd": "7686880.0", 
        "market_cap_usd": "693927568.0", 
        "available_supply": "16935761.0", 
        "total_supply": "17035761.0", 
        "max_supply": "21000000.0", 
        "percent_change_1h": "0.05", 
        "percent_change_24h": "-0.18", 
        "percent_change_7d": "-11.07", 
        "last_updated": "1523412255"
    }, 
    {
        "id": "zcash", 
        "name": "Zcash", 
        "symbol": "ZEC", 
        "rank": "26", 
        "price_usd": "180.561", 
        "price_btc": "0.0263943", 
        "24h_volume_usd": "33906100.0", 
        "market_cap_usd": "663477037.0", 
        "available_supply": "3674531.0", 
        "total_supply": "3674531.0", 
        "max_supply": null, 
        "percent_change_1h": "0.01", 
        "percent_change_24h": "1.65", 
        "percent_change_7d": "-11.0", 
        "last_updated": "1523412248"
    }, 
    {
        "id": "nano", 
        "name": "Nano", 
        "symbol": "NANO", 
        "rank": "27", 
        "price_usd": "4.84675", 
        "price_btc": "0.00070849", 
        "24h_volume_usd": "6878020.0", 
        "market_cap_usd": "645821146.0", 
        "available_supply": "133248289.0", 
        "total_supply": "133248289.0", 
        "max_supply": "133248290.0", 
        "percent_change_1h": "-0.01", 
        "percent_change_24h": "0.03", 
        "percent_change_7d": "-18.28", 
        "last_updated": "1523412249"
    }, 
    {
        "id": "bytom", 
        "name": "Bytom", 
        "symbol": "BTM", 
        "rank": "28", 
        "price_usd": "0.595007", 
        "price_btc": "0.00008698", 
        "24h_volume_usd": "26232300.0", 
        "market_cap_usd": "587271909.0", 
        "available_supply": "987000000.0", 
        "total_supply": "1407000000.0", 
        "max_supply": null, 
        "percent_change_1h": "0.48", 
        "percent_change_24h": "13.93", 
        "percent_change_7d": "22.39", 
        "last_updated": "1523412254"
    }, 
    {
        "id": "wanchain", 
        "name": "Wanchain", 
        "symbol": "WAN", 
        "rank": "29", 
        "price_usd": "4.45805", 
        "price_btc": "0.00065167", 
        "24h_volume_usd": "32361100.0", 
        "market_cap_usd": "473233120.0", 
        "available_supply": "106152493.0", 
        "total_supply": "210000000.0", 
        "max_supply": null, 
        "percent_change_1h": "-1.22", 
        "percent_change_24h": "20.52", 
        "percent_change_7d": "29.79", 
        "last_updated": "1523412262"
    }, 
    {
        "id": "steem", 
        "name": "Steem", 
        "symbol": "STEEM", 
        "rank": "30", 
        "price_usd": "1.8351", 
        "price_btc": "0.00026825", 
        "24h_volume_usd": "2083050.0", 
        "market_cap_usd": "470076437.0", 
        "available_supply": "256158486.0", 
        "total_supply": "273132580.0", 
        "max_supply": null, 
        "percent_change_1h": "0.22", 
        "percent_change_24h": "1.5", 
        "percent_change_7d": "-9.82", 
        "last_updated": "1523412246"
    }, 
    {
        "id": "bytecoin-bcn", 
        "name": "Bytecoin", 
        "symbol": "BCN", 
        "rank": "31", 
        "price_usd": "0.00238604", 
        "price_btc": "0.00000035", 
        "24h_volume_usd": "4585210.0", 
        "market_cap_usd": "438628222.0", 
        "available_supply": "183831042924", 
        "total_supply": "183831042924", 
        "max_supply": "184470000000", 
        "percent_change_1h": "-0.03", 
        "percent_change_24h": "12.18", 
        "percent_change_7d": "3.33", 
        "last_updated": "1523412242"
    }, 
    {
        "id": "populous", 
        "name": "Populous", 
        "symbol": "PPT", 
        "rank": "32", 
        "price_usd": "11.8033", 
        "price_btc": "0.0017254", 
        "24h_volume_usd": "1192800.0", 
        "market_cap_usd": "436769631.0", 
        "available_supply": "37004027.0", 
        "total_supply": "53252246.0", 
        "max_supply": "53252246.0", 
        "percent_change_1h": "0.51", 
        "percent_change_24h": "2.05", 
        "percent_change_7d": "-8.67", 
        "last_updated": "1523412251"
    }, 
    {
        "id": "digixdao", 
        "name": "DigixDAO", 
        "symbol": "DGD", 
        "rank": "33", 
        "price_usd": "208.921", 
        "price_btc": "0.0305399", 
        "24h_volume_usd": "11006400.0", 
        "market_cap_usd": "417842000.0", 
        "available_supply": "2000000.0", 
        "total_supply": "2000000.0", 
        "max_supply": null, 
        "percent_change_1h": "0.93", 
        "percent_change_24h": "0.51", 
        "percent_change_7d": "-10.28", 
        "last_updated": "1523412246"
    }, 
    {
        "id": "siacoin", 
        "name": "Siacoin", 
        "symbol": "SC", 
        "rank": "34", 
        "price_usd": "0.0116952", 
        "price_btc": "0.00000171", 
        "24h_volume_usd": "10061900.0", 
        "market_cap_usd": "394160697.0", 
        "available_supply": "33702775230.0", 
        "total_supply": "33702775230.0", 
        "max_supply": null, 
        "percent_change_1h": "1.87", 
        "percent_change_24h": "6.97", 
        "percent_change_7d": "-1.31", 
        "last_updated": "1523412245"
    }, 
    {
        "id": "bitcoin-diamond", 
        "name": "Bitcoin Diamond", 
        "symbol": "BCD", 
        "rank": "35", 
        "price_usd": "2.48796", 
        "price_btc": "0.00036369", 
        "24h_volume_usd": "1700870.0", 
        "market_cap_usd": "380735318.0", 
        "available_supply": "153031125.0", 
        "total_supply": "156031125.0", 
        "max_supply": "210000000.0", 
        "percent_change_1h": "-0.21", 
        "percent_change_24h": "3.29", 
        "percent_change_7d": "11.49", 
        "last_updated": "1523412257"
    }, 
    {
        "id": "stratis", 
        "name": "Stratis", 
        "symbol": "STRAT", 
        "rank": "36", 
        "price_usd": "3.78245", 
        "price_btc": "0.00055291", 
        "24h_volume_usd": "6279170.0", 
        "market_cap_usd": "373750958.0", 
        "available_supply": "98811870.0", 
        "total_supply": "98811870.0", 
        "max_supply": null, 
        "percent_change_1h": "0.84", 
        "percent_change_24h": "6.19", 
        "percent_change_7d": "-4.69", 
        "last_updated": "1523412247"
    }, 
    {
        "id": "bitshares", 
        "name": "BitShares", 
        "symbol": "BTS", 
        "rank": "37", 
        "price_usd": "0.142386", 
        "price_btc": "0.00002081", 
        "24h_volume_usd": "6293950.0", 
        "market_cap_usd": "372299522.0", 
        "available_supply": "2614720000.0", 
        "total_supply": "2614720000.0", 
        "max_supply": "3600570502.0", 
        "percent_change_1h": "0.02", 
        "percent_change_24h": "2.3", 
        "percent_change_7d": "-4.49", 
        "last_updated": "1523412243"
    }, 
    {
        "id": "dogecoin", 
        "name": "Dogecoin", 
        "symbol": "DOGE", 
        "rank": "38", 
        "price_usd": "0.00324926", 
        "price_btc": "0.00000047", 
        "24h_volume_usd": "16294800.0", 
        "market_cap_usd": "370292059.0", 
        "available_supply": "113961966538", 
        "total_supply": "113961966538", 
        "max_supply": null, 
        "percent_change_1h": "4.94", 
        "percent_change_24h": "17.35", 
        "percent_change_7d": "9.44", 
        "last_updated": "1523412241"
    }, 
    {
        "id": "rchain", 
        "name": "RChain", 
        "symbol": "RHOC", 
        "rank": "39", 
        "price_usd": "1.01827", 
        "price_btc": "0.00014885", 
        "24h_volume_usd": "1862310.0", 
        "market_cap_usd": "366189713.0", 
        "available_supply": "359619465.0", 
        "total_supply": "870663574.0", 
        "max_supply": "1000000000.0", 
        "percent_change_1h": "-0.15", 
        "percent_change_24h": "5.65", 
        "percent_change_7d": "3.06", 
        "last_updated": "1523412256"
    }, 
    {
        "id": "decred", 
        "name": "Decred", 
        "symbol": "DCR", 
        "rank": "40", 
        "price_usd": "51.2351", 
        "price_btc": "0.00748951", 
        "24h_volume_usd": "18332200.0", 
        "market_cap_usd": "363953187.0", 
        "available_supply": "7103591.0", 
        "total_supply": "7523591.0", 
        "max_supply": "21000000.0", 
        "percent_change_1h": "0.08", 
        "percent_change_24h": "6.19", 
        "percent_change_7d": "10.25", 
        "last_updated": "1523412246"
    }, 
    {
        "id": "waves", 
        "name": "Waves", 
        "symbol": "WAVES", 
        "rank": "41", 
        "price_usd": "3.6152", 
        "price_btc": "0.00052847", 
        "24h_volume_usd": "17074300.0", 
        "market_cap_usd": "361520000.0", 
        "available_supply": "100000000.0", 
        "total_supply": "100000000.0", 
        "max_supply": null, 
        "percent_change_1h": "-0.07", 
        "percent_change_24h": "4.18", 
        "percent_change_7d": "-9.3", 
        "last_updated": "1523412247"
    }, 
    {
        "id": "maker", 
        "name": "Maker", 
        "symbol": "MKR", 
        "rank": "42", 
        "price_usd": "572.199", 
        "price_btc": "0.0836436", 
        "24h_volume_usd": "223157.0", 
        "market_cap_usd": "353749312.0", 
        "available_supply": "618228.0", 
        "total_supply": "1000000.0", 
        "max_supply": null, 
        "percent_change_1h": "1.91", 
        "percent_change_24h": "7.96", 
        "percent_change_7d": "8.99", 
        "last_updated": "1523412249"
    }, 
    {
        "id": "aeternity", 
        "name": "Aeternity", 
        "symbol": "AE", 
        "rank": "43", 
        "price_usd": "1.36146", 
        "price_btc": "0.00019902", 
        "24h_volume_usd": "4048070.0", 
        "market_cap_usd": "317248052.0", 
        "available_supply": "233020472.0", 
        "total_supply": "273685830.0", 
        "max_supply": null, 
        "percent_change_1h": "-0.07", 
        "percent_change_24h": "3.33", 
        "percent_change_7d": "-8.49", 
        "last_updated": "1523412250"
    }, 
    {
        "id": "status", 
        "name": "Status", 
        "symbol": "SNT", 
        "rank": "44", 
        "price_usd": "0.0899185", 
        "price_btc": "0.00001314", 
        "24h_volume_usd": "19024800.0", 
        "market_cap_usd": "312060696.0", 
        "available_supply": "3470483788.0", 
        "total_supply": "6804870174.0", 
        "max_supply": null, 
        "percent_change_1h": "0.14", 
        "percent_change_24h": "3.02", 
        "percent_change_7d": "-12.89", 
        "last_updated": "1523412252"
    }, 
    {
        "id": "zilliqa", 
        "name": "Zilliqa", 
        "symbol": "ZIL", 
        "rank": "45", 
        "price_usd": "0.0416702", 
        "price_btc": "0.00000609", 
        "24h_volume_usd": "15429200.0", 
        "market_cap_usd": "297860181.0", 
        "available_supply": "7148038186.0", 
        "total_supply": "12600000000.0", 
        "max_supply": null, 
        "percent_change_1h": "1.93", 
        "percent_change_24h": "7.46", 
        "percent_change_7d": "-7.74", 
        "last_updated": "1523412260"
    }, 
    {
        "id": "0x", 
        "name": "0x", 
        "symbol": "ZRX", 
        "rank": "46", 
        "price_usd": "0.561158", 
        "price_btc": "0.00008203", 
        "24h_volume_usd": "4602740.0", 
        "market_cap_usd": "293327859.0", 
        "available_supply": "522718841.0", 
        "total_supply": "1000000000.0", 
        "max_supply": null, 
        "percent_change_1h": "-0.01", 
        "percent_change_24h": "3.34", 
        "percent_change_7d": "-4.67", 
        "last_updated": "1523412253"
    }, 
    {
        "id": "komodo", 
        "name": "Komodo", 
        "symbol": "KMD", 
        "rank": "47", 
        "price_usd": "2.64339", 
        "price_btc": "0.00038641", 
        "24h_volume_usd": "2468550.0", 
        "market_cap_usd": "275015119.0", 
        "available_supply": "104038798.0", 
        "total_supply": "104038798.0", 
        "max_supply": null, 
        "percent_change_1h": "0.14", 
        "percent_change_24h": "5.0", 
        "percent_change_7d": "-8.53", 
        "last_updated": "1523412249"
    }, 
    {
        "id": "augur", 
        "name": "Augur", 
        "symbol": "REP", 
        "rank": "48", 
        "price_usd": "24.6781", 
        "price_btc": "0.00360742", 
        "24h_volume_usd": "2220220.0", 
        "market_cap_usd": "271459100.0", 
        "available_supply": "11000000.0", 
        "total_supply": "11000000.0", 
        "max_supply": null, 
        "percent_change_1h": "-0.33", 
        "percent_change_24h": "0.59", 
        "percent_change_7d": "-7.78", 
        "last_updated": "1523412245"
    }, 
    {
        "id": "ardor", 
        "name": "Ardor", 
        "symbol": "ARDR", 
        "rank": "49", 
        "price_usd": "0.254593", 
        "price_btc": "0.00003722", 
        "24h_volume_usd": "2155450.0", 
        "market_cap_usd": "254338278.0", 
        "available_supply": "998999495.0", 
        "total_supply": "998999495.0", 
        "max_supply": "998999495.0", 
        "percent_change_1h": "0.28", 
        "percent_change_24h": "3.25", 
        "percent_change_7d": "-17.81", 
        "last_updated": "1523412247"
    }, 
    {
        "id": "iostoken", 
        "name": "IOStoken", 
        "symbol": "IOST", 
        "rank": "50", 
        "price_usd": "0.0289269", 
        "price_btc": "0.00000423", 
        "24h_volume_usd": "44972200.0", 
        "market_cap_usd": "242985960.0", 
        "available_supply": "8400000000.0", 
        "total_supply": "21000000000.0", 
        "max_supply": null, 
        "percent_change_1h": "-0.56", 
        "percent_change_24h": "-4.45", 
        "percent_change_7d": "8.57", 
        "last_updated": "1523412260"
    }, 
    {
        "id": "loopring", 
        "name": "Loopring", 
        "symbol": "LRC", 
        "rank": "51", 
        "price_usd": "0.421445", 
        "price_btc": "0.00006161", 
        "24h_volume_usd": "4952060.0", 
        "market_cap_usd": "241097745.0", 
        "available_supply": "572074043.0", 
        "total_supply": "1374956262.0", 
        "max_supply": null, 
        "percent_change_1h": "0.96", 
        "percent_change_24h": "4.31", 
        "percent_change_7d": "5.75", 
        "last_updated": "1523412253"
    }, 
    {
        "id": "aion", 
        "name": "Aion", 
        "symbol": "AION", 
        "rank": "52", 
        "price_usd": "2.07081", 
        "price_btc": "0.00030271", 
        "24h_volume_usd": "11054300.0", 
        "market_cap_usd": "238805542.0", 
        "available_supply": "115319871.0", 
        "total_supply": "465934587.0", 
        "max_supply": null, 
        "percent_change_1h": "-0.4", 
        "percent_change_24h": "-0.61", 
        "percent_change_7d": "-5.05", 
        "last_updated": "1523412255"
    }, 
    {
        "id": "kucoin-shares", 
        "name": "KuCoin Shares", 
        "symbol": "KCS", 
        "rank": "53", 
        "price_usd": "2.51085", 
        "price_btc": "0.00036703", 
        "24h_volume_usd": "292128.0", 
        "market_cap_usd": "228595507.0", 
        "available_supply": "91043076.0", 
        "total_supply": "181043076.0", 
        "max_supply": null, 
        "percent_change_1h": "0.67", 
        "percent_change_24h": "5.99", 
        "percent_change_7d": "2.7", 
        "last_updated": "1523412255"
    }, 
    {
        "id": "ark", 
        "name": "Ark", 
        "symbol": "ARK", 
        "rank": "54", 
        "price_usd": "2.21785", 
        "price_btc": "0.0003242", 
        "24h_volume_usd": "2026610.0", 
        "market_cap_usd": "225817677.0", 
        "available_supply": "101818282.0", 
        "total_supply": "133068282.0", 
        "max_supply": null, 
        "percent_change_1h": "0.8", 
        "percent_change_24h": "6.71", 
        "percent_change_7d": "-4.83", 
        "last_updated": "1523412249"
    }, 
    {
        "id": "hshare", 
        "name": "Hshare", 
        "symbol": "HSR", 
        "rank": "55", 
        "price_usd": "5.21379", 
        "price_btc": "0.00076215", 
        "24h_volume_usd": "14297400.0", 
        "market_cap_usd": "223398003.0", 
        "available_supply": "42847526.0", 
        "total_supply": "42847526.0", 
        "max_supply": "84000000.0", 
        "percent_change_1h": "0.35", 
        "percent_change_24h": "0.36", 
        "percent_change_7d": "-8.28", 
        "last_updated": "1523412255"
    }, 
    {
        "id": "golem-network-tokens", 
        "name": "Golem", 
        "symbol": "GNT", 
        "rank": "56", 
        "price_usd": "0.264361", 
        "price_btc": "0.00003864", 
        "24h_volume_usd": "35767400.0", 
        "market_cap_usd": "220546337.0", 
        "available_supply": "834262000.0", 
        "total_supply": "1000000000.0", 
        "max_supply": null, 
        "percent_change_1h": "-4.98", 
        "percent_change_24h": "10.23", 
        "percent_change_7d": "22.41", 
        "last_updated": "1523412249"
    }, 
    {
        "id": "pivx", 
        "name": "PIVX", 
        "symbol": "PIVX", 
        "rank": "57", 
        "price_usd": "3.87233", 
        "price_btc": "0.00056605", 
        "24h_volume_usd": "1435560.0", 
        "market_cap_usd": "216661236.0", 
        "available_supply": "55951129.0", 
        "total_supply": "55951129.0", 
        "max_supply": null, 
        "percent_change_1h": "-0.24", 
        "percent_change_24h": "0.66", 
        "percent_change_7d": "-6.74", 
        "last_updated": "1523412246"
    }, 
    {
        "id": "waltonchain", 
        "name": "Waltonchain", 
        "symbol": "WTC", 
        "rank": "58", 
        "price_usd": "8.66307", 
        "price_btc": "0.00126636", 
        "24h_volume_usd": "1939970.0", 
        "market_cap_usd": "215694659.0", 
        "available_supply": "24898178.0", 
        "total_supply": "70000000.0", 
        "max_supply": "100000000.0", 
        "percent_change_1h": "-0.5", 
        "percent_change_24h": "3.17", 
        "percent_change_7d": "-17.39", 
        "last_updated": "1523412253"
    }, 
    {
        "id": "cryptonex", 
        "name": "Cryptonex", 
        "symbol": "CNX", 
        "rank": "59", 
        "price_usd": "4.72745", 
        "price_btc": "0.00069105", 
        "24h_volume_usd": "1199300.0", 
        "market_cap_usd": "213715240.0", 
        "available_supply": "45207298.0", 
        "total_supply": "106644923.0", 
        "max_supply": "210000000.0", 
        "percent_change_1h": "0.35", 
        "percent_change_24h": "-0.15", 
        "percent_change_7d": "-7.22", 
        "last_updated": "1523412255"
    }, 
    {
        "id": "digibyte", 
        "name": "DigiByte", 
        "symbol": "DGB", 
        "rank": "60", 
        "price_usd": "0.020167", 
        "price_btc": "0.00000295", 
        "24h_volume_usd": "3247210.0", 
        "market_cap_usd": "203642189.0", 
        "available_supply": "10097792891.0", 
        "total_supply": "10097792891.0", 
        "max_supply": "21000000000.0", 
        "percent_change_1h": "1.38", 
        "percent_change_24h": "10.09", 
        "percent_change_7d": "0.24", 
        "last_updated": "1523412241"
    }, 
    {
        "id": "aelf", 
        "name": "aelf", 
        "symbol": "ELF", 
        "rank": "61", 
        "price_usd": "0.797443", 
        "price_btc": "0.00011657", 
        "24h_volume_usd": "90206700.0", 
        "market_cap_usd": "199360750.0", 
        "available_supply": "250000000.0", 
        "total_supply": "280000000.0", 
        "max_supply": "1000000000.0", 
        "percent_change_1h": "-0.08", 
        "percent_change_24h": "35.1", 
        "percent_change_7d": "40.92", 
        "last_updated": "1523412258"
    }, 
    {
        "id": "basic-attention-token", 
        "name": "Basic Attention Token", 
        "symbol": "BAT", 
        "rank": "62", 
        "price_usd": "0.198855", 
        "price_btc": "0.00002907", 
        "24h_volume_usd": "5214900.0", 
        "market_cap_usd": "198855000.0", 
        "available_supply": "1000000000.0", 
        "total_supply": "1500000000.0", 
        "max_supply": null, 
        "percent_change_1h": "-0.48", 
        "percent_change_24h": "6.39", 
        "percent_change_7d": "-5.28", 
        "last_updated": "1523412251"
    }, 
    {
        "id": "centrality", 
        "name": "Centrality", 
        "symbol": "CENNZ", 
        "rank": "63", 
        "price_usd": "0.298127", 
        "price_btc": "0.00004358", 
        "24h_volume_usd": "108839.0", 
        "market_cap_usd": "196458906.0", 
        "available_supply": "658977236.0", 
        "total_supply": "1200000000.0", 
        "max_supply": null, 
        "percent_change_1h": "0.35", 
        "percent_change_24h": "1.24", 
        "percent_change_7d": "-18.34", 
        "last_updated": "1523412262"
    }, 
    {
        "id": "monacoin", 
        "name": "MonaCoin", 
        "symbol": "MONA", 
        "rank": "64", 
        "price_usd": "3.27", 
        "price_btc": "0.000478", 
        "24h_volume_usd": "852057.0", 
        "market_cap_usd": "191907307.0", 
        "available_supply": "58687250.0", 
        "total_supply": "58687250.0", 
        "max_supply": null, 
        "percent_change_1h": "-0.34", 
        "percent_change_24h": "0.78", 
        "percent_change_7d": "-7.45", 
        "last_updated": "1523412242"
    }, 
    {
        "id": "qash", 
        "name": "QASH", 
        "symbol": "QASH", 
        "rank": "65", 
        "price_usd": "0.534015", 
        "price_btc": "0.00007806", 
        "24h_volume_usd": "3712180.0", 
        "market_cap_usd": "186905250.0", 
        "available_supply": "350000000.0", 
        "total_supply": "1000000000.0", 
        "max_supply": null, 
        "percent_change_1h": "0.96", 
        "percent_change_24h": "0.69", 
        "percent_change_7d": "-13.69", 
        "last_updated": "1523412258"
    }, 
    {
        "id": "veritaseum", 
        "name": "Veritaseum", 
        "symbol": "VERI", 
        "rank": "66", 
        "price_usd": "91.3875", 
        "price_btc": "0.013359", 
        "24h_volume_usd": "310397.0", 
        "market_cap_usd": "186123935.0", 
        "available_supply": "2036645.0", 
        "total_supply": "100000000.0", 
        "max_supply": null, 
        "percent_change_1h": "-0.58", 
        "percent_change_24h": "-1.01", 
        "percent_change_7d": "-25.12", 
        "last_updated": "1523412250"
    }, 
    {
        "id": "factom", 
        "name": "Factom", 
        "symbol": "FCT", 
        "rank": "67", 
        "price_usd": "20.3431", 
        "price_btc": "0.00297375", 
        "24h_volume_usd": "458623.0", 
        "market_cap_usd": "177902484.0", 
        "available_supply": "8745102.0", 
        "total_supply": "8745102.0", 
        "max_supply": null, 
        "percent_change_1h": "-0.23", 
        "percent_change_24h": "3.28", 
        "percent_change_7d": "-4.58", 
        "last_updated": "1523412246"
    }, 
    {
        "id": "dragonchain", 
        "name": "Dragonchain", 
        "symbol": "DRGN", 
        "rank": "68", 
        "price_usd": "0.719194", 
        "price_btc": "0.00010513", 
        "24h_volume_usd": "1240050.0", 
        "market_cap_usd": "171471629.0", 
        "available_supply": "238421940.0", 
        "total_supply": "433494437.0", 
        "max_supply": null, 
        "percent_change_1h": "-0.42", 
        "percent_change_24h": "1.88", 
        "percent_change_7d": "-4.93", 
        "last_updated": "1523412257"
    }, 
    {
        "id": "reddcoin", 
        "name": "ReddCoin", 
        "symbol": "RDD", 
        "rank": "69", 
        "price_usd": "0.00581269", 
        "price_btc": "0.00000085", 
        "24h_volume_usd": "24449100.0", 
        "market_cap_usd": "167456119.0", 
        "available_supply": "28808713174.0", 
        "total_supply": "28808713174.0", 
        "max_supply": null, 
        "percent_change_1h": "17.6", 
        "percent_change_24h": "45.43", 
        "percent_change_7d": "27.78", 
        "last_updated": "1523412241"
    }, 
    {
        "id": "elastos", 
        "name": "Elastos", 
        "symbol": "ELA", 
        "rank": "70", 
        "price_usd": "33.4302", 
        "price_btc": "0.00488681", 
        "24h_volume_usd": "13263500.0", 
        "market_cap_usd": "165980107.0", 
        "available_supply": "4964975.0", 
        "total_supply": "33379033.0", 
        "max_supply": null, 
        "percent_change_1h": "0.15", 
        "percent_change_24h": "3.55", 
        "percent_change_7d": "21.36", 
        "last_updated": "1523412261"
    }, 
    {
        "id": "nebulas-token", 
        "name": "Nebulas", 
        "symbol": "NAS", 
        "rank": "71", 
        "price_usd": "4.50801", 
        "price_btc": "0.00065898", 
        "24h_volume_usd": "8361880.0", 
        "market_cap_usd": "160034355.0", 
        "available_supply": "35500000.0", 
        "total_supply": "100000000.0", 
        "max_supply": "100000000.0", 
        "percent_change_1h": "-1.01", 
        "percent_change_24h": "2.05", 
        "percent_change_7d": "-7.05", 
        "last_updated": "1523412252"
    }, 
    {
        "id": "gas", 
        "name": "Gas", 
        "symbol": "GAS", 
        "rank": "72", 
        "price_usd": "15.7186", 
        "price_btc": "0.00229773", 
        "24h_volume_usd": "4082640.0", 
        "market_cap_usd": "158161466.0", 
        "available_supply": "10062058.0", 
        "total_supply": "16916881.0", 
        "max_supply": "100000000.0", 
        "percent_change_1h": "1.41", 
        "percent_change_24h": "2.96", 
        "percent_change_7d": "-6.45", 
        "last_updated": "1523412253"
    }, 
    {
        "id": "substratum", 
        "name": "Substratum", 
        "symbol": "SUB", 
        "rank": "73", 
        "price_usd": "0.410706", 
        "price_btc": "0.00006004", 
        "24h_volume_usd": "5789100.0", 
        "market_cap_usd": "157309023.0", 
        "available_supply": "383021000.0", 
        "total_supply": "472000000.0", 
        "max_supply": null, 
        "percent_change_1h": "2.72", 
        "percent_change_24h": "8.37", 
        "percent_change_7d": "10.3", 
        "last_updated": "1523412254"
    }, 
    {
        "id": "ethos", 
        "name": "Ethos", 
        "symbol": "ETHOS", 
        "rank": "74", 
        "price_usd": "2.00363", 
        "price_btc": "0.00029289", 
        "24h_volume_usd": "3451720.0", 
        "market_cap_usd": "153071140.0", 
        "available_supply": "76396909.0", 
        "total_supply": "222295208.0", 
        "max_supply": null, 
        "percent_change_1h": "0.84", 
        "percent_change_24h": "3.44", 
        "percent_change_7d": "-7.26", 
        "last_updated": "1523412251"
    }, 
    {
        "id": "gxchain", 
        "name": "GXChain", 
        "symbol": "GXS", 
        "rank": "75", 
        "price_usd": "2.48427", 
        "price_btc": "0.00036315", 
        "24h_volume_usd": "13456200.0", 
        "market_cap_usd": "149056200.0", 
        "available_supply": "60000000.0", 
        "total_supply": "100000000.0", 
        "max_supply": "100000000.0", 
        "percent_change_1h": "-0.17", 
        "percent_change_24h": "2.63", 
        "percent_change_7d": "-9.33", 
        "last_updated": "1523412251"
    }, 
    {
        "id": "syscoin", 
        "name": "Syscoin", 
        "symbol": "SYS", 
        "rank": "76", 
        "price_usd": "0.276764", 
        "price_btc": "0.00004046", 
        "24h_volume_usd": "1492910.0", 
        "market_cap_usd": "147296648.0", 
        "available_supply": "532210289.0", 
        "total_supply": "532210289.0", 
        "max_supply": "888000000.0", 
        "percent_change_1h": "0.04", 
        "percent_change_24h": "2.8", 
        "percent_change_7d": "-7.63", 
        "last_updated": "1523412243"
    }, 
    {
        "id": "revain", 
        "name": "Revain", 
        "symbol": "R", 
        "rank": "77", 
        "price_usd": "0.778019", 
        "price_btc": "0.00011373", 
        "24h_volume_usd": "2840900.0", 
        "market_cap_usd": "143505605.0", 
        "available_supply": "184450000.0", 
        "total_supply": "484450000.0", 
        "max_supply": "484450000.0", 
        "percent_change_1h": "0.13", 
        "percent_change_24h": "0.47", 
        "percent_change_7d": "-4.32", 
        "last_updated": "1523412257"
    }, 
    {
        "id": "electroneum", 
        "name": "Electroneum", 
        "symbol": "ETN", 
        "rank": "78", 
        "price_usd": "0.0212393", 
        "price_btc": "0.00000310", 
        "24h_volume_usd": "742215.0", 
        "market_cap_usd": "141788453.0", 
        "available_supply": "6675759229.0", 
        "total_supply": "6675759229.0", 
        "max_supply": "21000000000.0", 
        "percent_change_1h": "0.64", 
        "percent_change_24h": "-0.07", 
        "percent_change_7d": "-5.38", 
        "last_updated": "1523412255"
    }, 
    {
        "id": "kyber-network", 
        "name": "Kyber Network", 
        "symbol": "KNC", 
        "rank": "79", 
        "price_usd": "1.04406", 
        "price_btc": "0.00015262", 
        "24h_volume_usd": "8706880.0", 
        "market_cap_usd": "140042584.0", 
        "available_supply": "134132697.0", 
        "total_supply": "215625349.0", 
        "max_supply": null, 
        "percent_change_1h": "-0.4", 
        "percent_change_24h": "6.08", 
        "percent_change_7d": "1.29", 
        "last_updated": "1523412255"
    }, 
    {
        "id": "funfair", 
        "name": "FunFair", 
        "symbol": "FUN", 
        "rank": "80", 
        "price_usd": "0.0295868", 
        "price_btc": "0.00000432", 
        "24h_volume_usd": "705044.0", 
        "market_cap_usd": "139752457.0", 
        "available_supply": "4723473189.0", 
        "total_supply": "10999873621.0", 
        "max_supply": null, 
        "percent_change_1h": "0.22", 
        "percent_change_24h": "2.37", 
        "percent_change_7d": "-7.68", 
        "last_updated": "1523412251"
    }, 
    {
        "id": "chainlink", 
        "name": "ChainLink", 
        "symbol": "LINK", 
        "rank": "81", 
        "price_usd": "0.374506", 
        "price_btc": "0.00005474", 
        "24h_volume_usd": "9885070.0", 
        "market_cap_usd": "131077100.0", 
        "available_supply": "350000000.0", 
        "total_supply": "1000000000.0", 
        "max_supply": null, 
        "percent_change_1h": "2.59", 
        "percent_change_24h": "17.2", 
        "percent_change_7d": "26.76", 
        "last_updated": "1523412254"
    }, 
    {
        "id": "zcoin", 
        "name": "ZCoin", 
        "symbol": "XZC", 
        "rank": "82", 
        "price_usd": "28.7551", 
        "price_btc": "0.00420339", 
        "24h_volume_usd": "967138.0", 
        "market_cap_usd": "129468002.0", 
        "available_supply": "4502436.0", 
        "total_supply": "4502436.0", 
        "max_supply": "21400000.0", 
        "percent_change_1h": "0.3", 
        "percent_change_24h": "2.84", 
        "percent_change_7d": "-7.39", 
        "last_updated": "1523412249"
    }, 
    {
        "id": "skycoin", 
        "name": "Skycoin", 
        "symbol": "SKY", 
        "rank": "83", 
        "price_usd": "16.6218", 
        "price_btc": "0.00242977", 
        "24h_volume_usd": "7216260.0", 
        "market_cap_usd": "129437630.0", 
        "available_supply": "7787221.0", 
        "total_supply": "25000000.0", 
        "max_supply": "100000000.0", 
        "percent_change_1h": "-4.08", 
        "percent_change_24h": "8.54", 
        "percent_change_7d": "21.97", 
        "last_updated": "1523412249"
    }, 
    {
        "id": "mixin", 
        "name": "Mixin", 
        "symbol": "XIN", 
        "rank": "84", 
        "price_usd": "310.33", 
        "price_btc": "0.0453637", 
        "24h_volume_usd": "1132220.0", 
        "market_cap_usd": "126042487.0", 
        "available_supply": "406156.0", 
        "total_supply": "1000000.0", 
        "max_supply": null, 
        "percent_change_1h": "0.04", 
        "percent_change_24h": "-15.05", 
        "percent_change_7d": "36.27", 
        "last_updated": "1523412259"
    }, 
    {
        "id": "nxt", 
        "name": "Nxt", 
        "symbol": "NXT", 
        "rank": "85", 
        "price_usd": "0.125875", 
        "price_btc": "0.00001840", 
        "24h_volume_usd": "5666700.0", 
        "market_cap_usd": "125749118.0", 
        "available_supply": "998999942.0", 
        "total_supply": "998999942.0", 
        "max_supply": "1000000000.0", 
        "percent_change_1h": "-0.31", 
        "percent_change_24h": "7.54", 
        "percent_change_7d": "-0.94", 
        "last_updated": "1523412241"
    }, 
    {
        "id": "maidsafecoin", 
        "name": "MaidSafeCoin", 
        "symbol": "MAID", 
        "rank": "86", 
        "price_usd": "0.276648", 
        "price_btc": "0.00004044", 
        "24h_volume_usd": "1224340.0", 
        "market_cap_usd": "125197720.0", 
        "available_supply": "452552412.0", 
        "total_supply": "452552412.0", 
        "max_supply": null, 
        "percent_change_1h": "-1.41", 
        "percent_change_24h": "4.87", 
        "percent_change_7d": "2.19", 
        "last_updated": "1523412242"
    }, 
    {
        "id": "byteball", 
        "name": "Byteball Bytes", 
        "symbol": "GBYTE", 
        "rank": "87", 
        "price_usd": "193.37", 
        "price_btc": "0.0282667", 
        "24h_volume_usd": "342778.0", 
        "market_cap_usd": "124766588.0", 
        "available_supply": "645222.0", 
        "total_supply": "1000000.0", 
        "max_supply": null, 
        "percent_change_1h": "-0.43", 
        "percent_change_24h": "5.52", 
        "percent_change_7d": "3.18", 
        "last_updated": "1523412248"
    }, 
    {
        "id": "salt", 
        "name": "SALT", 
        "symbol": "SALT", 
        "rank": "88", 
        "price_usd": "2.17408", 
        "price_btc": "0.0003178", 
        "24h_volume_usd": "11312200.0", 
        "market_cap_usd": "122543596.0", 
        "available_supply": "56365726.0", 
        "total_supply": "120000000.0", 
        "max_supply": null, 
        "percent_change_1h": "0.21", 
        "percent_change_24h": "3.78", 
        "percent_change_7d": "-1.5", 
        "last_updated": "1523412254"
    }, 
    {
        "id": "nucleus-vision", 
        "name": "Nucleus Vision", 
        "symbol": "NCASH", 
        "rank": "89", 
        "price_usd": "0.0301532", 
        "price_btc": "0.00000441", 
        "24h_volume_usd": "21666300.0", 
        "market_cap_usd": "120992587.0", 
        "available_supply": "4012595236.0", 
        "total_supply": "10000000000.0", 
        "max_supply": null, 
        "percent_change_1h": "0.09", 
        "percent_change_24h": "9.47", 
        "percent_change_7d": "8.19", 
        "last_updated": "1523412261"
    }, 
    {
        "id": "storm", 
        "name": "Storm", 
        "symbol": "STORM", 
        "rank": "90", 
        "price_usd": "0.0289845", 
        "price_btc": "0.00000424", 
        "24h_volume_usd": "16330800.0", 
        "market_cap_usd": "118513361.0", 
        "available_supply": "4088853037.0", 
        "total_supply": "10000000000.0", 
        "max_supply": null, 
        "percent_change_1h": "1.13", 
        "percent_change_24h": "3.05", 
        "percent_change_7d": "-9.77", 
        "last_updated": "1523412259"
    }, 
    {
        "id": "power-ledger", 
        "name": "Power Ledger", 
        "symbol": "POWR", 
        "rank": "91", 
        "price_usd": "0.315855", 
        "price_btc": "0.00004617", 
        "24h_volume_usd": "6541470.0", 
        "market_cap_usd": "114950041.0", 
        "available_supply": "363932947.0", 
        "total_supply": "1000000000.0", 
        "max_supply": null, 
        "percent_change_1h": "1.98", 
        "percent_change_24h": "5.86", 
        "percent_change_7d": "-10.29", 
        "last_updated": "1523412255"
    }, 
    {
        "id": "bancor", 
        "name": "Bancor", 
        "symbol": "BNT", 
        "rank": "92", 
        "price_usd": "2.44558", 
        "price_btc": "0.00035749", 
        "24h_volume_usd": "5050750.0", 
        "market_cap_usd": "110114159.0", 
        "available_supply": "45025785.0", 
        "total_supply": "74700345.0", 
        "max_supply": null, 
        "percent_change_1h": "0.19", 
        "percent_change_24h": "5.81", 
        "percent_change_7d": "4.83", 
        "last_updated": "1523412251"
    }, 
    {
        "id": "particl", 
        "name": "Particl", 
        "symbol": "PART", 
        "rank": "93", 
        "price_usd": "12.2015", 
        "price_btc": "0.0017836", 
        "24h_volume_usd": "2013310.0", 
        "market_cap_usd": "108972848.0", 
        "available_supply": "8931103.0", 
        "total_supply": "8931103.0", 
        "max_supply": null, 
        "percent_change_1h": "-1.25", 
        "percent_change_24h": "4.73", 
        "percent_change_7d": "15.62", 
        "last_updated": "1523412253"
    }, 
    {
        "id": "enigma-project", 
        "name": "Enigma", 
        "symbol": "ENG", 
        "rank": "94", 
        "price_usd": "1.44272", 
        "price_btc": "0.0002109", 
        "24h_volume_usd": "5985450.0", 
        "market_cap_usd": "107967641.0", 
        "available_supply": "74836171.0", 
        "total_supply": "150000000.0", 
        "max_supply": null, 
        "percent_change_1h": "-0.54", 
        "percent_change_24h": "6.53", 
        "percent_change_7d": "-3.62", 
        "last_updated": "1523412255"
    }, 
    {
        "id": "wax", 
        "name": "WAX", 
        "symbol": "WAX", 
        "rank": "95", 
        "price_usd": "0.172718", 
        "price_btc": "0.00002525", 
        "24h_volume_usd": "3498140.0", 
        "market_cap_usd": "106913979.0", 
        "available_supply": "619008898.0", 
        "total_supply": "1850000000.0", 
        "max_supply": null, 
        "percent_change_1h": "-1.03", 
        "percent_change_24h": "6.21", 
        "percent_change_7d": "4.1", 
        "last_updated": "1523412258"
    }, 
    {
        "id": "request-network", 
        "name": "Request Network", 
        "symbol": "REQ", 
        "rank": "96", 
        "price_usd": "0.159159", 
        "price_btc": "0.00002327", 
        "24h_volume_usd": "3086710.0", 
        "market_cap_usd": "105516255.0", 
        "available_supply": "662961287.0", 
        "total_supply": "999999783.0", 
        "max_supply": null, 
        "percent_change_1h": "-0.19", 
        "percent_change_24h": "2.0", 
        "percent_change_7d": "-4.0", 
        "last_updated": "1523412255"
    }, 
    {
        "id": "dent", 
        "name": "Dent", 
        "symbol": "DENT", 
        "rank": "97", 
        "price_usd": "0.00976327", 
        "price_btc": "0.00000143", 
        "24h_volume_usd": "870866.0", 
        "market_cap_usd": "103634777.0", 
        "available_supply": "10614760961.0", 
        "total_supply": "100000000000", 
        "max_supply": null, 
        "percent_change_1h": "0.65", 
        "percent_change_24h": "-1.54", 
        "percent_change_7d": "-14.97", 
        "last_updated": "1523412252"
    }, 
    {
        "id": "neblio", 
        "name": "Neblio", 
        "symbol": "NEBL", 
        "rank": "98", 
        "price_usd": "7.87481", 
        "price_btc": "0.00115113", 
        "24h_volume_usd": "9506390.0", 
        "market_cap_usd": "102292847.0", 
        "available_supply": "12989881.0", 
        "total_supply": "13746819.0", 
        "max_supply": null, 
        "percent_change_1h": "-1.01", 
        "percent_change_24h": "4.97", 
        "percent_change_7d": "-1.16", 
        "last_updated": "1523412255"
    }, 
    {
        "id": "dentacoin", 
        "name": "Dentacoin", 
        "symbol": "DCN", 
        "rank": "99", 
        "price_usd": "0.000308496", 
        "price_btc": "0.00000005", 
        "24h_volume_usd": "87504.2", 
        "market_cap_usd": "100331109.0", 
        "available_supply": "325226613094", 
        "total_supply": "1963173416169", 
        "max_supply": "8000000000000", 
        "percent_change_1h": "-0.51", 
        "percent_change_24h": "2.47", 
        "percent_change_7d": "-5.28", 
        "last_updated": "1523412252"
    }, 
    {
        "id": "storj", 
        "name": "Storj", 
        "symbol": "STORJ", 
        "rank": "100", 
        "price_usd": "0.750643", 
        "price_btc": "0.00010973", 
        "24h_volume_usd": "8173350.0", 
        "market_cap_usd": "100154912.0", 
        "available_supply": "133425493.0", 
        "total_supply": "424999998.0", 
        "max_supply": null, 
        "percent_change_1h": "0.04", 
        "percent_change_24h": "0.66", 
        "percent_change_7d": "-10.88", 
        "last_updated": "1523412251"
    }
]