[
    {
        "id": "bitcoin", 
        "name": "Bitcoin", 
        "symbol": "BTC", 
        "rank": "1", 
        "price_usd": "6814.7", 
        "price_btc": "1.0", 
        "24h_volume_usd": "4287320000.0", 
        "market_cap_usd": "115637962830", 
        "available_supply": "16968900.0", 
        "total_supply": "16968900.0", 
        "max_supply": "21000000.0", 
        "percent_change_1h": "-0.72", 
        "percent_change_24h": "0.86", 
        "percent_change_7d": "-8.28", 
        "last_updated": "1523403269"
    }, 
    {
        "id": "ethereum", 
        "name": "Ethereum", 
        "symbol": "ETH", 
        "rank": "2", 
        "price_usd": "411.716", 
        "price_btc": "0.0605234", 
        "24h_volume_usd": "1190870000.0", 
        "market_cap_usd": "40653361607.0", 
        "available_supply": "98741272.0", 
        "total_supply": "98741272.0", 
        "max_supply": null, 
        "percent_change_1h": "-0.79", 
        "percent_change_24h": "3.66", 
        "percent_change_7d": "0.07", 
        "last_updated": "1523403255"
    }, 
    {
        "id": "ripple", 
        "name": "Ripple", 
        "symbol": "XRP", 
        "rank": "3", 
        "price_usd": "0.490023", 
        "price_btc": "0.00007203", 
        "24h_volume_usd": "155736000.0", 
        "market_cap_usd": "19157214279.0", 
        "available_supply": "39094520623.0", 
        "total_supply": "99992405149.0", 
        "max_supply": "100000000000", 
        "percent_change_1h": "-0.69", 
        "percent_change_24h": "0.14", 
        "percent_change_7d": "-10.19", 
        "last_updated": "1523403240"
    }, 
    {
        "id": "bitcoin-cash", 
        "name": "Bitcoin Cash", 
        "symbol": "BCH", 
        "rank": "4", 
        "price_usd": "647.966", 
        "price_btc": "0.0952527", 
        "24h_volume_usd": "224831000.0", 
        "market_cap_usd": "11058430743.0", 
        "available_supply": "17066375.0", 
        "total_supply": "17066375.0", 
        "max_supply": "21000000.0", 
        "percent_change_1h": "-0.59", 
        "percent_change_24h": "2.05", 
        "percent_change_7d": "-8.2", 
        "last_updated": "1523403252"
    }, 
    {
        "id": "litecoin", 
        "name": "Litecoin", 
        "symbol": "LTC", 
        "rank": "5", 
        "price_usd": "113.771", 
        "price_btc": "0.0167246", 
        "24h_volume_usd": "203388000.0", 
        "market_cap_usd": "6374206601.0", 
        "available_supply": "56026638.0", 
        "total_supply": "56026638.0", 
        "max_supply": "84000000.0", 
        "percent_change_1h": "-0.54", 
        "percent_change_24h": "-0.94", 
        "percent_change_7d": "-14.12", 
        "last_updated": "1523403241"
    }, 
    {
        "id": "eos", 
        "name": "EOS", 
        "symbol": "EOS", 
        "rank": "6", 
        "price_usd": "5.98202", 
        "price_btc": "0.00087937", 
        "24h_volume_usd": "225017000.0", 
        "market_cap_usd": "4694043286.0", 
        "available_supply": "784692008.0", 
        "total_supply": "900000000.0", 
        "max_supply": "1000000000.0", 
        "percent_change_1h": "-0.63", 
        "percent_change_24h": "2.15", 
        "percent_change_7d": "-1.4", 
        "last_updated": "1523403251"
    }, 
    {
        "id": "cardano", 
        "name": "Cardano", 
        "symbol": "ADA", 
        "rank": "7", 
        "price_usd": "0.155479", 
        "price_btc": "0.00002286", 
        "24h_volume_usd": "56510000.0", 
        "market_cap_usd": "4031115000.0", 
        "available_supply": "25927070538.0", 
        "total_supply": "31112483745.0", 
        "max_supply": "45000000000.0", 
        "percent_change_1h": "-1.24", 
        "percent_change_24h": "2.13", 
        "percent_change_7d": "-8.68", 
        "last_updated": "1523403254"
    }, 
    {
        "id": "stellar", 
        "name": "Stellar", 
        "symbol": "XLM", 
        "rank": "8", 
        "price_usd": "0.198455", 
        "price_btc": "0.00002917", 
        "24h_volume_usd": "26896400.0", 
        "market_cap_usd": "3681587688.0", 
        "available_supply": "18551246819.0", 
        "total_supply": "103847435165", 
        "max_supply": null, 
        "percent_change_1h": "-0.79", 
        "percent_change_24h": "1.02", 
        "percent_change_7d": "-14.64", 
        "last_updated": "1523403244"
    }, 
    {
        "id": "neo", 
        "name": "NEO", 
        "symbol": "NEO", 
        "rank": "9", 
        "price_usd": "51.9424", 
        "price_btc": "0.00763567", 
        "24h_volume_usd": "92774600.0", 
        "market_cap_usd": "3376256000.0", 
        "available_supply": "65000000.0", 
        "total_supply": "100000000.0", 
        "max_supply": "100000000.0", 
        "percent_change_1h": "-1.08", 
        "percent_change_24h": "-0.29", 
        "percent_change_7d": "-1.61", 
        "last_updated": "1523403247"
    }, 
    {
        "id": "iota", 
        "name": "IOTA", 
        "symbol": "MIOTA", 
        "rank": "10", 
        "price_usd": "1.00303", 
        "price_btc": "0.00014745", 
        "24h_volume_usd": "21173000.0", 
        "market_cap_usd": "2787952260.0", 
        "available_supply": "2779530283.0", 
        "total_supply": "2779530283.0", 
        "max_supply": "2779530283.0", 
        "percent_change_1h": "-0.97", 
        "percent_change_24h": "1.94", 
        "percent_change_7d": "-8.02", 
        "last_updated": "1523403251"
    }, 
    {
        "id": "monero", 
        "name": "Monero", 
        "symbol": "XMR", 
        "rank": "11", 
        "price_usd": "165.274", 
        "price_btc": "0.0242957", 
        "24h_volume_usd": "30914900.0", 
        "market_cap_usd": "2630520389.0", 
        "available_supply": "15916117.0", 
        "total_supply": "15916117.0", 
        "max_supply": null, 
        "percent_change_1h": "-0.59", 
        "percent_change_24h": "-0.65", 
        "percent_change_7d": "-12.12", 
        "last_updated": "1523403243"
    }, 
    {
        "id": "tron", 
        "name": "TRON", 
        "symbol": "TRX", 
        "rank": "12", 
        "price_usd": "0.036735", 
        "price_btc": "0.00000540", 
        "24h_volume_usd": "302819000.0", 
        "market_cap_usd": "2415256881.0", 
        "available_supply": "65748111645.0", 
        "total_supply": "100000000000", 
        "max_supply": null, 
        "percent_change_1h": "-0.77", 
        "percent_change_24h": "3.36", 
        "percent_change_7d": "6.61", 
        "last_updated": "1523403253"
    }, 
    {
        "id": "dash", 
        "name": "Dash", 
        "symbol": "DASH", 
        "rank": "13", 
        "price_usd": "296.822", 
        "price_btc": "0.0436337", 
        "24h_volume_usd": "71328100.0", 
        "market_cap_usd": "2375436586.0", 
        "available_supply": "8002899.0", 
        "total_supply": "8002899.0", 
        "max_supply": "18900000.0", 
        "percent_change_1h": "-0.47", 
        "percent_change_24h": "-0.17", 
        "percent_change_7d": "-12.06", 
        "last_updated": "1523403242"
    }, 
    {
        "id": "tether", 
        "name": "Tether", 
        "symbol": "USDT", 
        "rank": "14", 
        "price_usd": "0.99954", 
        "price_btc": "0.00014694", 
        "24h_volume_usd": "1261340000.0", 
        "market_cap_usd": "2286088729.0", 
        "available_supply": "2287140814.0", 
        "total_supply": "2580109970.0", 
        "max_supply": null, 
        "percent_change_1h": "0.07", 
        "percent_change_24h": "0.07", 
        "percent_change_7d": "-0.18", 
        "last_updated": "1523403246"
    }, 
    {
        "id": "nem", 
        "name": "NEM", 
        "symbol": "XEM", 
        "rank": "15", 
        "price_usd": "0.234171", 
        "price_btc": "0.00003442", 
        "24h_volume_usd": "12759800.0", 
        "market_cap_usd": "2107539000.0", 
        "available_supply": "8999999999.0", 
        "total_supply": "8999999999.0", 
        "max_supply": null, 
        "percent_change_1h": "-0.03", 
        "percent_change_24h": "2.52", 
        "percent_change_7d": "-7.39", 
        "last_updated": "1523403245"
    }, 
    {
        "id": "vechain", 
        "name": "VeChain", 
        "symbol": "VEN", 
        "rank": "16", 
        "price_usd": "2.68802", 
        "price_btc": "0.00039515", 
        "24h_volume_usd": "65500400.0", 
        "market_cap_usd": "1410593613.0", 
        "available_supply": "524770505.0", 
        "total_supply": "873378637.0", 
        "max_supply": null, 
        "percent_change_1h": "-0.31", 
        "percent_change_24h": "5.3", 
        "percent_change_7d": "-5.87", 
        "last_updated": "1523403254"
    }, 
    {
        "id": "binance-coin", 
        "name": "Binance Coin", 
        "symbol": "BNB", 
        "rank": "17", 
        "price_usd": "11.9034", 
        "price_btc": "0.00174983", 
        "24h_volume_usd": "86599600.0", 
        "market_cap_usd": "1383908378.0", 
        "available_supply": "116261604.0", 
        "total_supply": "197192382.0", 
        "max_supply": null, 
        "percent_change_1h": "-0.59", 
        "percent_change_24h": "0.79", 
        "percent_change_7d": "-9.94", 
        "last_updated": "1523403254"
    }, 
    {
        "id": "ethereum-classic", 
        "name": "Ethereum Classic", 
        "symbol": "ETC", 
        "rank": "18", 
        "price_usd": "13.608", 
        "price_btc": "0.00200041", 
        "24h_volume_usd": "73337500.0", 
        "market_cap_usd": "1375629536.0", 
        "available_supply": "101089766.0", 
        "total_supply": "101089766.0", 
        "max_supply": null, 
        "percent_change_1h": "-1.0", 
        "percent_change_24h": "0.2", 
        "percent_change_7d": "-9.18", 
        "last_updated": "1523403247"
    }, 
    {
        "id": "verge", 
        "name": "Verge", 
        "symbol": "XVG", 
        "rank": "19", 
        "price_usd": "0.0849247", 
        "price_btc": "0.00001248", 
        "24h_volume_usd": "452562000.0", 
        "market_cap_usd": "1261969058.0", 
        "available_supply": "14859858891.0", 
        "total_supply": "14859858891.0", 
        "max_supply": "16555000000.0", 
        "percent_change_1h": "-0.13", 
        "percent_change_24h": "11.57", 
        "percent_change_7d": "24.17", 
        "last_updated": "1523403243"
    }, 
    {
        "id": "qtum", 
        "name": "Qtum", 
        "symbol": "QTUM", 
        "rank": "20", 
        "price_usd": "13.4377", 
        "price_btc": "0.00197538", 
        "24h_volume_usd": "89325700.0", 
        "market_cap_usd": "1189419848.0", 
        "available_supply": "88513648.0", 
        "total_supply": "100513648.0", 
        "max_supply": null, 
        "percent_change_1h": "-0.79", 
        "percent_change_24h": "0.1", 
        "percent_change_7d": "-10.32", 
        "last_updated": "1523403250"
    }, 
    {
        "id": "ontology", 
        "name": "Ontology", 
        "symbol": "ONT", 
        "rank": "21", 
        "price_usd": "4.65481", 
        "price_btc": "0.00068427", 
        "24h_volume_usd": "159273000.0", 
        "market_cap_usd": "1122909844.0", 
        "available_supply": "241236451.0", 
        "total_supply": "1000000000.0", 
        "max_supply": null, 
        "percent_change_1h": "-1.41", 
        "percent_change_24h": "30.63", 
        "percent_change_7d": "102.16", 
        "last_updated": "1523403262"
    }, 
    {
        "id": "omisego", 
        "name": "OmiseGO", 
        "symbol": "OMG", 
        "rank": "22", 
        "price_usd": "9.19732", 
        "price_btc": "0.00135203", 
        "24h_volume_usd": "27825300.0", 
        "market_cap_usd": "938518002.0", 
        "available_supply": "102042552.0", 
        "total_supply": "140245398.0", 
        "max_supply": null, 
        "percent_change_1h": "-0.87", 
        "percent_change_24h": "1.64", 
        "percent_change_7d": "-2.42", 
        "last_updated": "1523403252"
    }, 
    {
        "id": "lisk", 
        "name": "Lisk", 
        "symbol": "LSK", 
        "rank": "23", 
        "price_usd": "8.46508", 
        "price_btc": "0.00124439", 
        "24h_volume_usd": "14112800.0", 
        "market_cap_usd": "877994264.0", 
        "available_supply": "103719547.0", 
        "total_supply": "119970064.0", 
        "max_supply": null, 
        "percent_change_1h": "-0.78", 
        "percent_change_24h": "-1.17", 
        "percent_change_7d": "-11.8", 
        "last_updated": "1523403246"
    }, 
    {
        "id": "icon", 
        "name": "ICON", 
        "symbol": "ICX", 
        "rank": "24", 
        "price_usd": "2.10397", 
        "price_btc": "0.00030929", 
        "24h_volume_usd": "45360900.0", 
        "market_cap_usd": "814323197.0", 
        "available_supply": "387041258.0", 
        "total_supply": "400228750.0", 
        "max_supply": null, 
        "percent_change_1h": "-1.8", 
        "percent_change_24h": "5.02", 
        "percent_change_7d": "-7.03", 
        "last_updated": "1523403257"
    }, 
    {
        "id": "bitcoin-gold", 
        "name": "Bitcoin Gold", 
        "symbol": "BTG", 
        "rank": "25", 
        "price_usd": "40.7152", 
        "price_btc": "0.00598524", 
        "24h_volume_usd": "7618330.0", 
        "market_cap_usd": "689525087.0", 
        "available_supply": "16935324.0", 
        "total_supply": "17035324.0", 
        "max_supply": "21000000.0", 
        "percent_change_1h": "-0.22", 
        "percent_change_24h": "-0.82", 
        "percent_change_7d": "-12.35", 
        "last_updated": "1523403255"
    }, 
    {
        "id": "zcash", 
        "name": "Zcash", 
        "symbol": "ZEC", 
        "rank": "26", 
        "price_usd": "179.08", 
        "price_btc": "0.0263253", 
        "24h_volume_usd": "33134600.0", 
        "market_cap_usd": "657894031.0", 
        "available_supply": "3673744.0", 
        "total_supply": "3673744.0", 
        "max_supply": null, 
        "percent_change_1h": "-0.0", 
        "percent_change_24h": "1.19", 
        "percent_change_7d": "-12.36", 
        "last_updated": "1523403248"
    }, 
    {
        "id": "nano", 
        "name": "Nano", 
        "symbol": "NANO", 
        "rank": "27", 
        "price_usd": "4.81913", 
        "price_btc": "0.00070843", 
        "24h_volume_usd": "6631410.0", 
        "market_cap_usd": "642140828.0", 
        "available_supply": "133248289.0", 
        "total_supply": "133248289.0", 
        "max_supply": "133248290.0", 
        "percent_change_1h": "-0.65", 
        "percent_change_24h": "0.02", 
        "percent_change_7d": "-18.86", 
        "last_updated": "1523403249"
    }, 
    {
        "id": "bytom", 
        "name": "Bytom", 
        "symbol": "BTM", 
        "rank": "28", 
        "price_usd": "0.587856", 
        "price_btc": "0.00008642", 
        "24h_volume_usd": "22924900.0", 
        "market_cap_usd": "580213872.0", 
        "available_supply": "987000000.0", 
        "total_supply": "1407000000.0", 
        "max_supply": null, 
        "percent_change_1h": "1.76", 
        "percent_change_24h": "12.01", 
        "percent_change_7d": "20.77", 
        "last_updated": "1523403253"
    }, 
    {
        "id": "wanchain", 
        "name": "Wanchain", 
        "symbol": "WAN", 
        "rank": "29", 
        "price_usd": "4.44572", 
        "price_btc": "0.00065353", 
        "24h_volume_usd": "27001100.0", 
        "market_cap_usd": "471924260.0", 
        "available_supply": "106152493.0", 
        "total_supply": "210000000.0", 
        "max_supply": null, 
        "percent_change_1h": "1.08", 
        "percent_change_24h": "21.23", 
        "percent_change_7d": "29.6", 
        "last_updated": "1523403262"
    }, 
    {
        "id": "steem", 
        "name": "Steem", 
        "symbol": "STEEM", 
        "rank": "30", 
        "price_usd": "1.83121", 
        "price_btc": "0.00026919", 
        "24h_volume_usd": "2165580.0", 
        "market_cap_usd": "469066403.0", 
        "available_supply": "256151071.0", 
        "total_supply": "273125165.0", 
        "max_supply": null, 
        "percent_change_1h": "-0.8", 
        "percent_change_24h": "0.68", 
        "percent_change_7d": "-10.45", 
        "last_updated": "1523403246"
    }, 
    {
        "id": "populous", 
        "name": "Populous", 
        "symbol": "PPT", 
        "rank": "31", 
        "price_usd": "11.6834", 
        "price_btc": "0.00171749", 
        "24h_volume_usd": "1256410.0", 
        "market_cap_usd": "432332848.0", 
        "available_supply": "37004027.0", 
        "total_supply": "53252246.0", 
        "max_supply": "53252246.0", 
        "percent_change_1h": "-1.0", 
        "percent_change_24h": "1.09", 
        "percent_change_7d": "-11.06", 
        "last_updated": "1523403251"
    }, 
    {
        "id": "bytecoin-bcn", 
        "name": "Bytecoin", 
        "symbol": "BCN", 
        "rank": "32", 
        "price_usd": "0.00230023", 
        "price_btc": "0.00000034", 
        "24h_volume_usd": "4325980.0", 
        "market_cap_usd": "422853261.0", 
        "available_supply": "183830860822", 
        "total_supply": "183830860822", 
        "max_supply": "184470000000", 
        "percent_change_1h": "-0.97", 
        "percent_change_24h": "8.2", 
        "percent_change_7d": "-0.23", 
        "last_updated": "1523403242"
    }, 
    {
        "id": "digixdao", 
        "name": "DigixDAO", 
        "symbol": "DGD", 
        "rank": "33", 
        "price_usd": "209.004", 
        "price_btc": "0.0307241", 
        "24h_volume_usd": "10754000.0", 
        "market_cap_usd": "418008000.0", 
        "available_supply": "2000000.0", 
        "total_supply": "2000000.0", 
        "max_supply": null, 
        "percent_change_1h": "0.04", 
        "percent_change_24h": "0.48", 
        "percent_change_7d": "-10.83", 
        "last_updated": "1523403247"
    }, 
    {
        "id": "siacoin", 
        "name": "Siacoin", 
        "symbol": "SC", 
        "rank": "34", 
        "price_usd": "0.0114435", 
        "price_btc": "0.00000168", 
        "24h_volume_usd": "8700940.0", 
        "market_cap_usd": "385641583.0", 
        "available_supply": "33699618384.0", 
        "total_supply": "33699618384.0", 
        "max_supply": null, 
        "percent_change_1h": "-1.22", 
        "percent_change_24h": "5.91", 
        "percent_change_7d": "-4.26", 
        "last_updated": "1523403245"
    }, 
    {
        "id": "bitcoin-diamond", 
        "name": "Bitcoin Diamond", 
        "symbol": "BCD", 
        "rank": "35", 
        "price_usd": "2.49631", 
        "price_btc": "0.00036696", 
        "24h_volume_usd": "1671570.0", 
        "market_cap_usd": "382009383.0", 
        "available_supply": "153029625.0", 
        "total_supply": "156029625.0", 
        "max_supply": "210000000.0", 
        "percent_change_1h": "-4.69", 
        "percent_change_24h": "4.5", 
        "percent_change_7d": "11.57", 
        "last_updated": "1523403257"
    }, 
    {
        "id": "bitshares", 
        "name": "BitShares", 
        "symbol": "BTS", 
        "rank": "36", 
        "price_usd": "0.142475", 
        "price_btc": "0.00002094", 
        "24h_volume_usd": "6483260.0", 
        "market_cap_usd": "372529383.0", 
        "available_supply": "2614700000.0", 
        "total_supply": "2614700000.0", 
        "max_supply": "3600570502.0", 
        "percent_change_1h": "-0.28", 
        "percent_change_24h": "3.09", 
        "percent_change_7d": "-5.55", 
        "last_updated": "1523403243"
    }, 
    {
        "id": "stratis", 
        "name": "Stratis", 
        "symbol": "STRAT", 
        "rank": "37", 
        "price_usd": "3.71121", 
        "price_btc": "0.00054556", 
        "24h_volume_usd": "5519830.0", 
        "market_cap_usd": "366711092.0", 
        "available_supply": "98811733.0", 
        "total_supply": "98811733.0", 
        "max_supply": null, 
        "percent_change_1h": "-1.23", 
        "percent_change_24h": "4.31", 
        "percent_change_7d": "-6.7", 
        "last_updated": "1523403247"
    }, 
    {
        "id": "rchain", 
        "name": "RChain", 
        "symbol": "RHOC", 
        "rank": "38", 
        "price_usd": "1.01279", 
        "price_btc": "0.00014888", 
        "24h_volume_usd": "1969740.0", 
        "market_cap_usd": "364218998.0", 
        "available_supply": "359619465.0", 
        "total_supply": "870663574.0", 
        "max_supply": "1000000000.0", 
        "percent_change_1h": "-2.02", 
        "percent_change_24h": "5.07", 
        "percent_change_7d": "2.68", 
        "last_updated": "1523403255"
    }, 
    {
        "id": "waves", 
        "name": "Waves", 
        "symbol": "WAVES", 
        "rank": "39", 
        "price_usd": "3.60252", 
        "price_btc": "0.00052958", 
        "24h_volume_usd": "16314200.0", 
        "market_cap_usd": "360252000.0", 
        "available_supply": "100000000.0", 
        "total_supply": "100000000.0", 
        "max_supply": null, 
        "percent_change_1h": "-1.05", 
        "percent_change_24h": "4.12", 
        "percent_change_7d": "-10.16", 
        "last_updated": "1523403247"
    }, 
    {
        "id": "decred", 
        "name": "Decred", 
        "symbol": "DCR", 
        "rank": "40", 
        "price_usd": "50.7159", 
        "price_btc": "0.00745538", 
        "24h_volume_usd": "18284100.0", 
        "market_cap_usd": "360222304.0", 
        "available_supply": "7102749.0", 
        "total_supply": "7522749.0", 
        "max_supply": "21000000.0", 
        "percent_change_1h": "-0.55", 
        "percent_change_24h": "5.43", 
        "percent_change_7d": "9.02", 
        "last_updated": "1523403246"
    }, 
    {
        "id": "maker", 
        "name": "Maker", 
        "symbol": "MKR", 
        "rank": "41", 
        "price_usd": "561.615", 
        "price_btc": "0.0825589", 
        "24h_volume_usd": "256537.0", 
        "market_cap_usd": "347205989.0", 
        "available_supply": "618228.0", 
        "total_supply": "1000000.0", 
        "max_supply": null, 
        "percent_change_1h": "0.05", 
        "percent_change_24h": "6.38", 
        "percent_change_7d": "7.47", 
        "last_updated": "1523403248"
    }, 
    {
        "id": "dogecoin", 
        "name": "Dogecoin", 
        "symbol": "DOGE", 
        "rank": "42", 
        "price_usd": "0.00302401", 
        "price_btc": "0.00000044", 
        "24h_volume_usd": "9961810.0", 
        "market_cap_usd": "344622126.0", 
        "available_supply": "113961966538", 
        "total_supply": "113961966538", 
        "max_supply": null, 
        "percent_change_1h": "-1.07", 
        "percent_change_24h": "9.81", 
        "percent_change_7d": "1.86", 
        "last_updated": "1523403241"
    }, 
    {
        "id": "aeternity", 
        "name": "Aeternity", 
        "symbol": "AE", 
        "rank": "43", 
        "price_usd": "1.35179", 
        "price_btc": "0.00019872", 
        "24h_volume_usd": "5244100.0", 
        "market_cap_usd": "314994744.0", 
        "available_supply": "233020472.0", 
        "total_supply": "273685830.0", 
        "max_supply": null, 
        "percent_change_1h": "-0.51", 
        "percent_change_24h": "2.84", 
        "percent_change_7d": "-9.72", 
        "last_updated": "1523403250"
    }, 
    {
        "id": "status", 
        "name": "Status", 
        "symbol": "SNT", 
        "rank": "44", 
        "price_usd": "0.0890035", 
        "price_btc": "0.00001308", 
        "24h_volume_usd": "19481500.0", 
        "market_cap_usd": "308885204.0", 
        "available_supply": "3470483788.0", 
        "total_supply": "6804870174.0", 
        "max_supply": null, 
        "percent_change_1h": "-0.88", 
        "percent_change_24h": "1.1", 
        "percent_change_7d": "-14.26", 
        "last_updated": "1523403252"
    }, 
    {
        "id": "0x", 
        "name": "0x", 
        "symbol": "ZRX", 
        "rank": "45", 
        "price_usd": "0.559204", 
        "price_btc": "0.00008220", 
        "24h_volume_usd": "4884980.0", 
        "market_cap_usd": "292306467.0", 
        "available_supply": "522718841.0", 
        "total_supply": "1000000000.0", 
        "max_supply": null, 
        "percent_change_1h": "-0.31", 
        "percent_change_24h": "3.7", 
        "percent_change_7d": "-6.21", 
        "last_updated": "1523403253"
    }, 
    {
        "id": "zilliqa", 
        "name": "Zilliqa", 
        "symbol": "ZIL", 
        "rank": "46", 
        "price_usd": "0.0399724", 
        "price_btc": "0.00000588", 
        "24h_volume_usd": "14290200.0", 
        "market_cap_usd": "285724242.0", 
        "available_supply": "7148038186.0", 
        "total_supply": "12600000000.0", 
        "max_supply": null, 
        "percent_change_1h": "-1.04", 
        "percent_change_24h": "2.54", 
        "percent_change_7d": "-11.74", 
        "last_updated": "1523403261"
    }, 
    {
        "id": "komodo", 
        "name": "Komodo", 
        "symbol": "KMD", 
        "rank": "47", 
        "price_usd": "2.64447", 
        "price_btc": "0.00038874", 
        "24h_volume_usd": "2224650.0", 
        "market_cap_usd": "275127481.0", 
        "available_supply": "104038798.0", 
        "total_supply": "104038798.0", 
        "max_supply": null, 
        "percent_change_1h": "-1.31", 
        "percent_change_24h": "5.37", 
        "percent_change_7d": "-8.86", 
        "last_updated": "1523403248"
    }, 
    {
        "id": "augur", 
        "name": "Augur", 
        "symbol": "REP", 
        "rank": "48", 
        "price_usd": "24.612", 
        "price_btc": "0.00361803", 
        "24h_volume_usd": "2484670.0", 
        "market_cap_usd": "270732000.0", 
        "available_supply": "11000000.0", 
        "total_supply": "11000000.0", 
        "max_supply": null, 
        "percent_change_1h": "-0.61", 
        "percent_change_24h": "1.24", 
        "percent_change_7d": "-8.37", 
        "last_updated": "1523403261"
    }, 
    {
        "id": "ardor", 
        "name": "Ardor", 
        "symbol": "ARDR", 
        "rank": "49", 
        "price_usd": "0.252365", 
        "price_btc": "0.00003710", 
        "24h_volume_usd": "2387480.0", 
        "market_cap_usd": "252112508.0", 
        "available_supply": "998999495.0", 
        "total_supply": "998999495.0", 
        "max_supply": "998999495.0", 
        "percent_change_1h": "-1.5", 
        "percent_change_24h": "4.11", 
        "percent_change_7d": "-14.5", 
        "last_updated": "1523403247"
    }, 
    {
        "id": "aion", 
        "name": "Aion", 
        "symbol": "AION", 
        "rank": "50", 
        "price_usd": "2.11949", 
        "price_btc": "0.00031157", 
        "24h_volume_usd": "9358620.0", 
        "market_cap_usd": "244419313.0", 
        "available_supply": "115319871.0", 
        "total_supply": "465934587.0", 
        "max_supply": null, 
        "percent_change_1h": "-0.19", 
        "percent_change_24h": "2.33", 
        "percent_change_7d": "-3.42", 
        "last_updated": "1523403255"
    }, 
    {
        "id": "iostoken", 
        "name": "IOStoken", 
        "symbol": "IOST", 
        "rank": "51", 
        "price_usd": "0.0288943", 
        "price_btc": "0.00000425", 
        "24h_volume_usd": "45791200.0", 
        "market_cap_usd": "242712120.0", 
        "available_supply": "8400000000.0", 
        "total_supply": "21000000000.0", 
        "max_supply": null, 
        "percent_change_1h": "-1.57", 
        "percent_change_24h": "-2.76", 
        "percent_change_7d": "11.32", 
        "last_updated": "1523403260"
    }, 
    {
        "id": "loopring", 
        "name": "Loopring", 
        "symbol": "LRC", 
        "rank": "52", 
        "price_usd": "0.418071", 
        "price_btc": "0.00006146", 
        "24h_volume_usd": "6451730.0", 
        "market_cap_usd": "239167567.0", 
        "available_supply": "572074043.0", 
        "total_supply": "1374956262.0", 
        "max_supply": null, 
        "percent_change_1h": "-0.33", 
        "percent_change_24h": "2.52", 
        "percent_change_7d": "5.14", 
        "last_updated": "1523403253"
    }, 
    {
        "id": "golem-network-tokens", 
        "name": "Golem", 
        "symbol": "GNT", 
        "rank": "53", 
        "price_usd": "0.274405", 
        "price_btc": "0.00004034", 
        "24h_volume_usd": "54748300.0", 
        "market_cap_usd": "228925664.0", 
        "available_supply": "834262000.0", 
        "total_supply": "1000000000.0", 
        "max_supply": null, 
        "percent_change_1h": "-3.33", 
        "percent_change_24h": "16.48", 
        "percent_change_7d": "26.42", 
        "last_updated": "1523403248"
    }, 
    {
        "id": "kucoin-shares", 
        "name": "KuCoin Shares", 
        "symbol": "KCS", 
        "rank": "54", 
        "price_usd": "2.45611", 
        "price_btc": "0.00036105", 
        "24h_volume_usd": "288721.0", 
        "market_cap_usd": "223611809.0", 
        "available_supply": "91043076.0", 
        "total_supply": "181043076.0", 
        "max_supply": null, 
        "percent_change_1h": "-0.82", 
        "percent_change_24h": "5.2", 
        "percent_change_7d": "0.17", 
        "last_updated": "1523403255"
    }, 
    {
        "id": "hshare", 
        "name": "Hshare", 
        "symbol": "HSR", 
        "rank": "55", 
        "price_usd": "5.2015", 
        "price_btc": "0.00076463", 
        "24h_volume_usd": "13476200.0", 
        "market_cap_usd": "222869084.0", 
        "available_supply": "42847079.0", 
        "total_supply": "42847079.0", 
        "max_supply": "84000000.0", 
        "percent_change_1h": "-0.21", 
        "percent_change_24h": "0.24", 
        "percent_change_7d": "-9.25", 
        "last_updated": "1523403254"
    }, 
    {
        "id": "ark", 
        "name": "Ark", 
        "symbol": "ARK", 
        "rank": "56", 
        "price_usd": "2.18316", 
        "price_btc": "0.00032093", 
        "24h_volume_usd": "1926160.0", 
        "market_cap_usd": "222280361.0", 
        "available_supply": "101815882.0", 
        "total_supply": "133065882.0", 
        "max_supply": null, 
        "percent_change_1h": "-2.24", 
        "percent_change_24h": "5.59", 
        "percent_change_7d": "-6.53", 
        "last_updated": "1523403249"
    }, 
    {
        "id": "pivx", 
        "name": "PIVX", 
        "symbol": "PIVX", 
        "rank": "57", 
        "price_usd": "3.87365", 
        "price_btc": "0.00056944", 
        "24h_volume_usd": "1456620.0", 
        "market_cap_usd": "216732292.0", 
        "available_supply": "55950406.0", 
        "total_supply": "55950406.0", 
        "max_supply": null, 
        "percent_change_1h": "-0.61", 
        "percent_change_24h": "-0.36", 
        "percent_change_7d": "-6.5", 
        "last_updated": "1523403246"
    }, 
    {
        "id": "waltonchain", 
        "name": "Waltonchain", 
        "symbol": "WTC", 
        "rank": "58", 
        "price_usd": "8.60713", 
        "price_btc": "0.00126527", 
        "24h_volume_usd": "1872430.0", 
        "market_cap_usd": "214301855.0", 
        "available_supply": "24898178.0", 
        "total_supply": "70000000.0", 
        "max_supply": "100000000.0", 
        "percent_change_1h": "-1.38", 
        "percent_change_24h": "2.89", 
        "percent_change_7d": "-17.88", 
        "last_updated": "1523403253"
    }, 
    {
        "id": "cryptonex", 
        "name": "Cryptonex", 
        "symbol": "CNX", 
        "rank": "59", 
        "price_usd": "4.63845", 
        "price_btc": "0.00068187", 
        "24h_volume_usd": "1211380.0", 
        "market_cap_usd": "209690908.0", 
        "available_supply": "45207108.0", 
        "total_supply": "106644733.0", 
        "max_supply": "210000000.0", 
        "percent_change_1h": "-2.45", 
        "percent_change_24h": "-1.61", 
        "percent_change_7d": "-9.07", 
        "last_updated": "1523403255"
    }, 
    {
        "id": "digibyte", 
        "name": "DigiByte", 
        "symbol": "DGB", 
        "rank": "60", 
        "price_usd": "0.0200869", 
        "price_btc": "0.00000295", 
        "24h_volume_usd": "2960790.0", 
        "market_cap_usd": "202823404.0", 
        "available_supply": "10097297441.0", 
        "total_supply": "10097297441.0", 
        "max_supply": "21000000000.0", 
        "percent_change_1h": "-0.84", 
        "percent_change_24h": "10.37", 
        "percent_change_7d": "-0.34", 
        "last_updated": "1523403241"
    }, 
    {
        "id": "aelf", 
        "name": "aelf", 
        "symbol": "ELF", 
        "rank": "61", 
        "price_usd": "0.796163", 
        "price_btc": "0.00011704", 
        "24h_volume_usd": "82705400.0", 
        "market_cap_usd": "199040750.0", 
        "available_supply": "250000000.0", 
        "total_supply": "280000000.0", 
        "max_supply": "1000000000.0", 
        "percent_change_1h": "-1.48", 
        "percent_change_24h": "35.64", 
        "percent_change_7d": "40.12", 
        "last_updated": "1523403258"
    }, 
    {
        "id": "basic-attention-token", 
        "name": "Basic Attention Token", 
        "symbol": "BAT", 
        "rank": "62", 
        "price_usd": "0.196162", 
        "price_btc": "0.00002884", 
        "24h_volume_usd": "5069960.0", 
        "market_cap_usd": "196162000.0", 
        "available_supply": "1000000000.0", 
        "total_supply": "1500000000.0", 
        "max_supply": null, 
        "percent_change_1h": "-0.7", 
        "percent_change_24h": "5.1", 
        "percent_change_7d": "-6.98", 
        "last_updated": "1523403250"
    }, 
    {
        "id": "centrality", 
        "name": "Centrality", 
        "symbol": "CENNZ", 
        "rank": "63", 
        "price_usd": "0.296457", 
        "price_btc": "0.00004358", 
        "24h_volume_usd": "110442.0", 
        "market_cap_usd": "195358414.0", 
        "available_supply": "658977236.0", 
        "total_supply": "1200000000.0", 
        "max_supply": null, 
        "percent_change_1h": "-0.16", 
        "percent_change_24h": "4.69", 
        "percent_change_7d": "-13.37", 
        "last_updated": "1523403262"
    }, 
    {
        "id": "monacoin", 
        "name": "MonaCoin", 
        "symbol": "MONA", 
        "rank": "64", 
        "price_usd": "3.2567", 
        "price_btc": "0.00047874", 
        "24h_volume_usd": "876540.0", 
        "market_cap_usd": "191118788.0", 
        "available_supply": "58684800.0", 
        "total_supply": "58684800.0", 
        "max_supply": null, 
        "percent_change_1h": "-0.33", 
        "percent_change_24h": "0.83", 
        "percent_change_7d": "-8.15", 
        "last_updated": "1523403242"
    }, 
    {
        "id": "qash", 
        "name": "QASH", 
        "symbol": "QASH", 
        "rank": "65", 
        "price_usd": "0.527671", 
        "price_btc": "0.00007757", 
        "24h_volume_usd": "3691460.0", 
        "market_cap_usd": "184684850.0", 
        "available_supply": "350000000.0", 
        "total_supply": "1000000000.0", 
        "max_supply": null, 
        "percent_change_1h": "-0.27", 
        "percent_change_24h": "-0.27", 
        "percent_change_7d": "-15.01", 
        "last_updated": "1523403257"
    }, 
    {
        "id": "veritaseum", 
        "name": "Veritaseum", 
        "symbol": "VERI", 
        "rank": "66", 
        "price_usd": "89.5005", 
        "price_btc": "0.0131568", 
        "24h_volume_usd": "327636.0", 
        "market_cap_usd": "182280785.0", 
        "available_supply": "2036645.0", 
        "total_supply": "100000000.0", 
        "max_supply": null, 
        "percent_change_1h": "-3.24", 
        "percent_change_24h": "-1.96", 
        "percent_change_7d": "-26.7", 
        "last_updated": "1523403251"
    }, 
    {
        "id": "factom", 
        "name": "Factom", 
        "symbol": "FCT", 
        "rank": "67", 
        "price_usd": "20.4034", 
        "price_btc": "0.00299936", 
        "24h_volume_usd": "480655.0", 
        "market_cap_usd": "178429814.0", 
        "available_supply": "8745102.0", 
        "total_supply": "8745102.0", 
        "max_supply": null, 
        "percent_change_1h": "-0.08", 
        "percent_change_24h": "3.46", 
        "percent_change_7d": "-5.31", 
        "last_updated": "1523403245"
    }, 
    {
        "id": "dragonchain", 
        "name": "Dragonchain", 
        "symbol": "DRGN", 
        "rank": "68", 
        "price_usd": "0.710977", 
        "price_btc": "0.00010452", 
        "24h_volume_usd": "1202780.0", 
        "market_cap_usd": "169512516.0", 
        "available_supply": "238421940.0", 
        "total_supply": "433494437.0", 
        "max_supply": null, 
        "percent_change_1h": "-1.6", 
        "percent_change_24h": "0.18", 
        "percent_change_7d": "-1.55", 
        "last_updated": "1523403257"
    }, 
    {
        "id": "elastos", 
        "name": "Elastos", 
        "symbol": "ELA", 
        "rank": "69", 
        "price_usd": "33.3563", 
        "price_btc": "0.00490346", 
        "24h_volume_usd": "13218300.0", 
        "market_cap_usd": "165613196.0", 
        "available_supply": "4964975.0", 
        "total_supply": "33379033.0", 
        "max_supply": null, 
        "percent_change_1h": "0.02", 
        "percent_change_24h": "1.19", 
        "percent_change_7d": "20.98", 
        "last_updated": "1523403261"
    }, 
    {
        "id": "nebulas-token", 
        "name": "Nebulas", 
        "symbol": "NAS", 
        "rank": "70", 
        "price_usd": "4.56847", 
        "price_btc": "0.00067158", 
        "24h_volume_usd": "8122000.0", 
        "market_cap_usd": "162180685.0", 
        "available_supply": "35500000.0", 
        "total_supply": "100000000.0", 
        "max_supply": "100000000.0", 
        "percent_change_1h": "-1.12", 
        "percent_change_24h": "3.59", 
        "percent_change_7d": "-6.38", 
        "last_updated": "1523403253"
    }, 
    {
        "id": "gas", 
        "name": "Gas", 
        "symbol": "GAS", 
        "rank": "71", 
        "price_usd": "15.3804", 
        "price_btc": "0.00226096", 
        "24h_volume_usd": "4181340.0", 
        "market_cap_usd": "154747353.0", 
        "available_supply": "10061335.0", 
        "total_supply": "16913808.0", 
        "max_supply": "100000000.0", 
        "percent_change_1h": "-0.33", 
        "percent_change_24h": "2.85", 
        "percent_change_7d": "-9.65", 
        "last_updated": "1523403251"
    }, 
    {
        "id": "substratum", 
        "name": "Substratum", 
        "symbol": "SUB", 
        "rank": "72", 
        "price_usd": "0.397065", 
        "price_btc": "0.00005837", 
        "24h_volume_usd": "5078390.0", 
        "market_cap_usd": "152084233.0", 
        "available_supply": "383021000.0", 
        "total_supply": "472000000.0", 
        "max_supply": null, 
        "percent_change_1h": "-0.0", 
        "percent_change_24h": "4.92", 
        "percent_change_7d": "5.82", 
        "last_updated": "1523403254"
    }, 
    {
        "id": "ethos", 
        "name": "Ethos", 
        "symbol": "ETHOS", 
        "rank": "73", 
        "price_usd": "1.97129", 
        "price_btc": "0.00028978", 
        "24h_volume_usd": "3549670.0", 
        "market_cap_usd": "150600464.0", 
        "available_supply": "76396909.0", 
        "total_supply": "222295208.0", 
        "max_supply": null, 
        "percent_change_1h": "-1.13", 
        "percent_change_24h": "2.04", 
        "percent_change_7d": "-9.86", 
        "last_updated": "1523403252"
    }, 
    {
        "id": "gxchain", 
        "name": "GXChain", 
        "symbol": "GXS", 
        "rank": "74", 
        "price_usd": "2.47595", 
        "price_btc": "0.00036397", 
        "24h_volume_usd": "12934000.0", 
        "market_cap_usd": "148557000.0", 
        "available_supply": "60000000.0", 
        "total_supply": "100000000.0", 
        "max_supply": "100000000.0", 
        "percent_change_1h": "-0.58", 
        "percent_change_24h": "2.48", 
        "percent_change_7d": "-9.84", 
        "last_updated": "1523403251"
    }, 
    {
        "id": "syscoin", 
        "name": "Syscoin", 
        "symbol": "SYS", 
        "rank": "75", 
        "price_usd": "0.277278", 
        "price_btc": "0.00004076", 
        "24h_volume_usd": "1484460.0", 
        "market_cap_usd": "147569531.0", 
        "available_supply": "532207861.0", 
        "total_supply": "532207861.0", 
        "max_supply": "888000000.0", 
        "percent_change_1h": "-0.35", 
        "percent_change_24h": "3.01", 
        "percent_change_7d": "-7.99", 
        "last_updated": "1523403243"
    }, 
    {
        "id": "revain", 
        "name": "Revain", 
        "symbol": "R", 
        "rank": "76", 
        "price_usd": "0.775989", 
        "price_btc": "0.00011407", 
        "24h_volume_usd": "2967710.0", 
        "market_cap_usd": "143131171.0", 
        "available_supply": "184450000.0", 
        "total_supply": "484450000.0", 
        "max_supply": "484450000.0", 
        "percent_change_1h": "-0.79", 
        "percent_change_24h": "0.08", 
        "percent_change_7d": "-4.78", 
        "last_updated": "1523403256"
    }, 
    {
        "id": "electroneum", 
        "name": "Electroneum", 
        "symbol": "ETN", 
        "rank": "77", 
        "price_usd": "0.0211667", 
        "price_btc": "0.00000311", 
        "24h_volume_usd": "708747.0", 
        "market_cap_usd": "141286610.0", 
        "available_supply": "6674947461.0", 
        "total_supply": "6674947461.0", 
        "max_supply": "21000000000.0", 
        "percent_change_1h": "-0.14", 
        "percent_change_24h": "-0.36", 
        "percent_change_7d": "-5.34", 
        "last_updated": "1523403256"
    }, 
    {
        "id": "kyber-network", 
        "name": "Kyber Network", 
        "symbol": "KNC", 
        "rank": "78", 
        "price_usd": "1.03622", 
        "price_btc": "0.00015233", 
        "24h_volume_usd": "8408140.0", 
        "market_cap_usd": "138990983.0", 
        "available_supply": "134132697.0", 
        "total_supply": "215625349.0", 
        "max_supply": null, 
        "percent_change_1h": "-1.32", 
        "percent_change_24h": "5.07", 
        "percent_change_7d": "0.02", 
        "last_updated": "1523403254"
    }, 
    {
        "id": "funfair", 
        "name": "FunFair", 
        "symbol": "FUN", 
        "rank": "79", 
        "price_usd": "0.029319", 
        "price_btc": "0.00000431", 
        "24h_volume_usd": "676364.0", 
        "market_cap_usd": "138487510.0", 
        "available_supply": "4723473189.0", 
        "total_supply": "10999873621.0", 
        "max_supply": null, 
        "percent_change_1h": "-0.71", 
        "percent_change_24h": "1.8", 
        "percent_change_7d": "-9.32", 
        "last_updated": "1523403251"
    }, 
    {
        "id": "skycoin", 
        "name": "Skycoin", 
        "symbol": "SKY", 
        "rank": "80", 
        "price_usd": "17.7198", 
        "price_btc": "0.00260485", 
        "24h_volume_usd": "6834040.0", 
        "market_cap_usd": "137987999.0", 
        "available_supply": "7787221.0", 
        "total_supply": "25000000.0", 
        "max_supply": "100000000.0", 
        "percent_change_1h": "1.84", 
        "percent_change_24h": "14.04", 
        "percent_change_7d": "30.35", 
        "last_updated": "1523403250"
    }, 
    {
        "id": "reddcoin", 
        "name": "ReddCoin", 
        "symbol": "RDD", 
        "rank": "81", 
        "price_usd": "0.0046386", 
        "price_btc": "0.00000068", 
        "24h_volume_usd": "5804920.0", 
        "market_cap_usd": "133632097.0", 
        "available_supply": "28808713174.0", 
        "total_supply": "28808713174.0", 
        "max_supply": null, 
        "percent_change_1h": "4.79", 
        "percent_change_24h": "16.53", 
        "percent_change_7d": "1.61", 
        "last_updated": "1523403241"
    }, 
    {
        "id": "zcoin", 
        "name": "ZCoin", 
        "symbol": "XZC", 
        "rank": "82", 
        "price_usd": "28.4556", 
        "price_btc": "0.00418305", 
        "24h_volume_usd": "913112.0", 
        "market_cap_usd": "128096750.0", 
        "available_supply": "4501636.0", 
        "total_supply": "4501636.0", 
        "max_supply": "21400000.0", 
        "percent_change_1h": "-0.76", 
        "percent_change_24h": "1.89", 
        "percent_change_7d": "-8.53", 
        "last_updated": "1523403248"
    }, 
    {
        "id": "mixin", 
        "name": "Mixin", 
        "symbol": "XIN", 
        "rank": "83", 
        "price_usd": "314.606", 
        "price_btc": "0.0462479", 
        "24h_volume_usd": "1161260.0", 
        "market_cap_usd": "127779212.0", 
        "available_supply": "406156.0", 
        "total_supply": "1000000.0", 
        "max_supply": null, 
        "percent_change_1h": "1.11", 
        "percent_change_24h": "-11.89", 
        "percent_change_7d": "34.91", 
        "last_updated": "1523403258"
    }, 
    {
        "id": "nxt", 
        "name": "Nxt", 
        "symbol": "NXT", 
        "rank": "84", 
        "price_usd": "0.126983", 
        "price_btc": "0.00001867", 
        "24h_volume_usd": "5514590.0", 
        "market_cap_usd": "126856010.0", 
        "available_supply": "998999942.0", 
        "total_supply": "998999942.0", 
        "max_supply": "1000000000.0", 
        "percent_change_1h": "0.02", 
        "percent_change_24h": "8.54", 
        "percent_change_7d": "-0.2", 
        "last_updated": "1523403241"
    }, 
    {
        "id": "byteball", 
        "name": "Byteball Bytes", 
        "symbol": "GBYTE", 
        "rank": "85", 
        "price_usd": "195.23", 
        "price_btc": "0.0286994", 
        "24h_volume_usd": "345901.0", 
        "market_cap_usd": "125966701.0", 
        "available_supply": "645222.0", 
        "total_supply": "1000000.0", 
        "max_supply": null, 
        "percent_change_1h": "1.43", 
        "percent_change_24h": "6.72", 
        "percent_change_7d": "4.48", 
        "last_updated": "1523403248"
    }, 
    {
        "id": "maidsafecoin", 
        "name": "MaidSafeCoin", 
        "symbol": "MAID", 
        "rank": "86", 
        "price_usd": "0.27571", 
        "price_btc": "0.00004053", 
        "24h_volume_usd": "1130940.0", 
        "market_cap_usd": "124773226.0", 
        "available_supply": "452552412.0", 
        "total_supply": "452552412.0", 
        "max_supply": null, 
        "percent_change_1h": "-1.29", 
        "percent_change_24h": "5.39", 
        "percent_change_7d": "1.66", 
        "last_updated": "1523403242"
    }, 
    {
        "id": "chainlink", 
        "name": "ChainLink", 
        "symbol": "LINK", 
        "rank": "87", 
        "price_usd": "0.355482", 
        "price_btc": "0.00005226", 
        "24h_volume_usd": "9465610.0", 
        "market_cap_usd": "124418700.0", 
        "available_supply": "350000000.0", 
        "total_supply": "1000000000.0", 
        "max_supply": null, 
        "percent_change_1h": "-0.13", 
        "percent_change_24h": "14.73", 
        "percent_change_7d": "20.75", 
        "last_updated": "1523403254"
    }, 
    {
        "id": "salt", 
        "name": "SALT", 
        "symbol": "SALT", 
        "rank": "88", 
        "price_usd": "2.15907", 
        "price_btc": "0.00031739", 
        "24h_volume_usd": "13115000.0", 
        "market_cap_usd": "121697547.0", 
        "available_supply": "56365726.0", 
        "total_supply": "120000000.0", 
        "max_supply": null, 
        "percent_change_1h": "-1.14", 
        "percent_change_24h": "6.22", 
        "percent_change_7d": "-2.13", 
        "last_updated": "1523403254"
    }, 
    {
        "id": "nucleus-vision", 
        "name": "Nucleus Vision", 
        "symbol": "NCASH", 
        "rank": "89", 
        "price_usd": "0.0294479", 
        "price_btc": "0.00000433", 
        "24h_volume_usd": "19624800.0", 
        "market_cap_usd": "118162503.0", 
        "available_supply": "4012595236.0", 
        "total_supply": "10000000000.0", 
        "max_supply": null, 
        "percent_change_1h": "-0.3", 
        "percent_change_24h": "7.47", 
        "percent_change_7d": "5.87", 
        "last_updated": "1523403261"
    }, 
    {
        "id": "storm", 
        "name": "Storm", 
        "symbol": "STORM", 
        "rank": "90", 
        "price_usd": "0.0285482", 
        "price_btc": "0.00000420", 
        "24h_volume_usd": "16222000.0", 
        "market_cap_usd": "116729394.0", 
        "available_supply": "4088853037.0", 
        "total_supply": "10000000000.0", 
        "max_supply": null, 
        "percent_change_1h": "-1.13", 
        "percent_change_24h": "0.55", 
        "percent_change_7d": "-11.68", 
        "last_updated": "1523403258"
    }, 
    {
        "id": "power-ledger", 
        "name": "Power Ledger", 
        "symbol": "POWR", 
        "rank": "91", 
        "price_usd": "0.308179", 
        "price_btc": "0.00004530", 
        "24h_volume_usd": "6466590.0", 
        "market_cap_usd": "112156492.0", 
        "available_supply": "363932947.0", 
        "total_supply": "1000000000.0", 
        "max_supply": null, 
        "percent_change_1h": "-1.3", 
        "percent_change_24h": "3.32", 
        "percent_change_7d": "-11.98", 
        "last_updated": "1523403257"
    }, 
    {
        "id": "particl", 
        "name": "Particl", 
        "symbol": "PART", 
        "rank": "92", 
        "price_usd": "12.4487", 
        "price_btc": "0.00182999", 
        "24h_volume_usd": "2138510.0", 
        "market_cap_usd": "111180616.0", 
        "available_supply": "8931103.0", 
        "total_supply": "8931103.0", 
        "max_supply": null, 
        "percent_change_1h": "0.92", 
        "percent_change_24h": "0.9", 
        "percent_change_7d": "17.66", 
        "last_updated": "1523403252"
    }, 
    {
        "id": "bancor", 
        "name": "Bancor", 
        "symbol": "BNT", 
        "rank": "93", 
        "price_usd": "2.42297", 
        "price_btc": "0.00035618", 
        "24h_volume_usd": "5095450.0", 
        "market_cap_usd": "109136007.0", 
        "available_supply": "45042244.0", 
        "total_supply": "74716805.0", 
        "max_supply": null, 
        "percent_change_1h": "-0.71", 
        "percent_change_24h": "5.24", 
        "percent_change_7d": "3.63", 
        "last_updated": "1523403251"
    }, 
    {
        "id": "wax", 
        "name": "WAX", 
        "symbol": "WAX", 
        "rank": "94", 
        "price_usd": "0.175152", 
        "price_btc": "0.00002575", 
        "24h_volume_usd": "3839670.0", 
        "market_cap_usd": "108420995.0", 
        "available_supply": "619010888.0", 
        "total_supply": "1850000000.0", 
        "max_supply": null, 
        "percent_change_1h": "-0.6", 
        "percent_change_24h": "7.18", 
        "percent_change_7d": "3.66", 
        "last_updated": "1523403259"
    }, 
    {
        "id": "enigma-project", 
        "name": "Enigma", 
        "symbol": "ENG", 
        "rank": "95", 
        "price_usd": "1.40296", 
        "price_btc": "0.00020624", 
        "24h_volume_usd": "5705420.0", 
        "market_cap_usd": "104992155.0", 
        "available_supply": "74836171.0", 
        "total_supply": "150000000.0", 
        "max_supply": null, 
        "percent_change_1h": "-0.54", 
        "percent_change_24h": "3.59", 
        "percent_change_7d": "-7.4", 
        "last_updated": "1523403256"
    }, 
    {
        "id": "request-network", 
        "name": "Request Network", 
        "symbol": "REQ", 
        "rank": "96", 
        "price_usd": "0.157685", 
        "price_btc": "0.00002318", 
        "24h_volume_usd": "3027960.0", 
        "market_cap_usd": "104539051.0", 
        "available_supply": "662961287.0", 
        "total_supply": "999999783.0", 
        "max_supply": null, 
        "percent_change_1h": "-0.98", 
        "percent_change_24h": "1.16", 
        "percent_change_7d": "-5.39", 
        "last_updated": "1523403255"
    }, 
    {
        "id": "dent", 
        "name": "Dent", 
        "symbol": "DENT", 
        "rank": "97", 
        "price_usd": "0.00971095", 
        "price_btc": "0.00000143", 
        "24h_volume_usd": "820927.0", 
        "market_cap_usd": "103079413.0", 
        "available_supply": "10614760961.0", 
        "total_supply": "100000000000", 
        "max_supply": null, 
        "percent_change_1h": "-1.11", 
        "percent_change_24h": "-1.06", 
        "percent_change_7d": "-15.27", 
        "last_updated": "1523403253"
    }, 
    {
        "id": "neblio", 
        "name": "Neblio", 
        "symbol": "NEBL", 
        "rank": "98", 
        "price_usd": "7.82242", 
        "price_btc": "0.00114992", 
        "24h_volume_usd": "9095790.0", 
        "market_cap_usd": "101609807.0", 
        "available_supply": "12989562.0", 
        "total_supply": "13746484.0", 
        "max_supply": null, 
        "percent_change_1h": "-1.72", 
        "percent_change_24h": "4.8", 
        "percent_change_7d": "-2.53", 
        "last_updated": "1523403255"
    }, 
    {
        "id": "storj", 
        "name": "Storj", 
        "symbol": "STORJ", 
        "rank": "99", 
        "price_usd": "0.746055", 
        "price_btc": "0.00010967", 
        "24h_volume_usd": "10704900.0", 
        "market_cap_usd": "99542756.0", 
        "available_supply": "133425493.0", 
        "total_supply": "424999998.0", 
        "max_supply": null, 
        "percent_change_1h": "-1.22", 
        "percent_change_24h": "2.79", 
        "percent_change_7d": "-10.92", 
        "last_updated": "1523403251"
    }, 
    {
        "id": "dentacoin", 
        "name": "Dentacoin", 
        "symbol": "DCN", 
        "rank": "100", 
        "price_usd": "0.000303543", 
        "price_btc": "0.00000004", 
        "24h_volume_usd": "84586.4", 
        "market_cap_usd": "98720262.0", 
        "available_supply": "325226613094", 
        "total_supply": "1963173416169", 
        "max_supply": "8000000000000", 
        "percent_change_1h": "-1.35", 
        "percent_change_24h": "3.08", 
        "percent_change_7d": "-5.73", 
        "last_updated": "1523403252"
    }
]