[
    {
        "id": "bitcoin", 
        "name": "Bitcoin", 
        "symbol": "BTC", 
        "rank": "1", 
        "price_usd": "6818.96", 
        "price_btc": "1.0", 
        "24h_volume_usd": "4288680000.0", 
        "market_cap_usd": "115710250344", 
        "available_supply": "16968900.0", 
        "total_supply": "16968900.0", 
        "max_supply": "21000000.0", 
        "percent_change_1h": "-0.59", 
        "percent_change_24h": "0.9", 
        "percent_change_7d": "-8.22", 
        "last_updated": "1523403569"
    }, 
    {
        "id": "ethereum", 
        "name": "Ethereum", 
        "symbol": "ETH", 
        "rank": "2", 
        "price_usd": "412.047", 
        "price_btc": "0.0606152", 
        "24h_volume_usd": "1191510000.0", 
        "market_cap_usd": "40686176424.0", 
        "available_supply": "98741591.0", 
        "total_supply": "98741591.0", 
        "max_supply": null, 
        "percent_change_1h": "-0.66", 
        "percent_change_24h": "3.72", 
        "percent_change_7d": "0.15", 
        "last_updated": "1523403557"
    }, 
    {
        "id": "ripple", 
        "name": "Ripple", 
        "symbol": "XRP", 
        "rank": "3", 
        "price_usd": "0.490391", 
        "price_btc": "0.00007214", 
        "24h_volume_usd": "155827000.0", 
        "market_cap_usd": "19171601063.0", 
        "available_supply": "39094520623.0", 
        "total_supply": "99992405149.0", 
        "max_supply": "100000000000", 
        "percent_change_1h": "-0.56", 
        "percent_change_24h": "0.21", 
        "percent_change_7d": "-10.13", 
        "last_updated": "1523403541"
    }, 
    {
        "id": "bitcoin-cash", 
        "name": "Bitcoin Cash", 
        "symbol": "BCH", 
        "rank": "4", 
        "price_usd": "648.208", 
        "price_btc": "0.0953562", 
        "24h_volume_usd": "224451000.0", 
        "market_cap_usd": "11062577011.0", 
        "available_supply": "17066400.0", 
        "total_supply": "17066400.0", 
        "max_supply": "21000000.0", 
        "percent_change_1h": "-0.53", 
        "percent_change_24h": "2.08", 
        "percent_change_7d": "-8.15", 
        "last_updated": "1523403552"
    }, 
    {
        "id": "litecoin", 
        "name": "Litecoin", 
        "symbol": "LTC", 
        "rank": "5", 
        "price_usd": "114.078", 
        "price_btc": "0.0167818", 
        "24h_volume_usd": "203908000.0", 
        "market_cap_usd": "6391421039.0", 
        "available_supply": "56026763.0", 
        "total_supply": "56026763.0", 
        "max_supply": "84000000.0", 
        "percent_change_1h": "-0.23", 
        "percent_change_24h": "-0.68", 
        "percent_change_7d": "-13.89", 
        "last_updated": "1523403541"
    }, 
    {
        "id": "eos", 
        "name": "EOS", 
        "symbol": "EOS", 
        "rank": "6", 
        "price_usd": "5.98461", 
        "price_btc": "0.00088038", 
        "24h_volume_usd": "225232000.0", 
        "market_cap_usd": "4696075658.0", 
        "available_supply": "784692011.0", 
        "total_supply": "900000000.0", 
        "max_supply": "1000000000.0", 
        "percent_change_1h": "-0.54", 
        "percent_change_24h": "2.19", 
        "percent_change_7d": "-1.36", 
        "last_updated": "1523403551"
    }, 
    {
        "id": "cardano", 
        "name": "Cardano", 
        "symbol": "ADA", 
        "rank": "7", 
        "price_usd": "0.155814", 
        "price_btc": "0.00002292", 
        "24h_volume_usd": "56666000.0", 
        "market_cap_usd": "4039800569.0", 
        "available_supply": "25927070538.0", 
        "total_supply": "31112483745.0", 
        "max_supply": "45000000000.0", 
        "percent_change_1h": "-1.03", 
        "percent_change_24h": "2.33", 
        "percent_change_7d": "-8.5", 
        "last_updated": "1523403554"
    }, 
    {
        "id": "stellar", 
        "name": "Stellar", 
        "symbol": "XLM", 
        "rank": "8", 
        "price_usd": "0.198528", 
        "price_btc": "0.00002920", 
        "24h_volume_usd": "26984100.0", 
        "market_cap_usd": "3682941938.0", 
        "available_supply": "18551246869.0", 
        "total_supply": "103847435165", 
        "max_supply": null, 
        "percent_change_1h": "-0.69", 
        "percent_change_24h": "1.03", 
        "percent_change_7d": "-14.61", 
        "last_updated": "1523403544"
    }, 
    {
        "id": "neo", 
        "name": "NEO", 
        "symbol": "NEO", 
        "rank": "9", 
        "price_usd": "52.1791", 
        "price_btc": "0.00767594", 
        "24h_volume_usd": "92976900.0", 
        "market_cap_usd": "3391641500.0", 
        "available_supply": "65000000.0", 
        "total_supply": "100000000.0", 
        "max_supply": "100000000.0", 
        "percent_change_1h": "-0.45", 
        "percent_change_24h": "0.16", 
        "percent_change_7d": "-1.15", 
        "last_updated": "1523403547"
    }, 
    {
        "id": "iota", 
        "name": "IOTA", 
        "symbol": "MIOTA", 
        "rank": "10", 
        "price_usd": "1.0019", 
        "price_btc": "0.00014739", 
        "24h_volume_usd": "21120100.0", 
        "market_cap_usd": "2784811391.0", 
        "available_supply": "2779530283.0", 
        "total_supply": "2779530283.0", 
        "max_supply": "2779530283.0", 
        "percent_change_1h": "-0.97", 
        "percent_change_24h": "1.78", 
        "percent_change_7d": "-8.12", 
        "last_updated": "1523403551"
    }, 
    {
        "id": "monero", 
        "name": "Monero", 
        "symbol": "XMR", 
        "rank": "11", 
        "price_usd": "165.281", 
        "price_btc": "0.024314", 
        "24h_volume_usd": "30929900.0", 
        "market_cap_usd": "2630638982.0", 
        "available_supply": "15916161.0", 
        "total_supply": "15916161.0", 
        "max_supply": null, 
        "percent_change_1h": "-0.55", 
        "percent_change_24h": "-0.66", 
        "percent_change_7d": "-12.11", 
        "last_updated": "1523403543"
    }, 
    {
        "id": "tron", 
        "name": "TRON", 
        "symbol": "TRX", 
        "rank": "12", 
        "price_usd": "0.0367643", 
        "price_btc": "0.00000541", 
        "24h_volume_usd": "302806000.0", 
        "market_cap_usd": "2417183301.0", 
        "available_supply": "65748111645.0", 
        "total_supply": "100000000000", 
        "max_supply": null, 
        "percent_change_1h": "-0.63", 
        "percent_change_24h": "3.44", 
        "percent_change_7d": "6.71", 
        "last_updated": "1523403553"
    }, 
    {
        "id": "dash", 
        "name": "Dash", 
        "symbol": "DASH", 
        "rank": "13", 
        "price_usd": "297.105", 
        "price_btc": "0.0437063", 
        "24h_volume_usd": "71465100.0", 
        "market_cap_usd": "2377712341.0", 
        "available_supply": "8002936.0", 
        "total_supply": "8002936.0", 
        "max_supply": "18900000.0", 
        "percent_change_1h": "-0.36", 
        "percent_change_24h": "-0.11", 
        "percent_change_7d": "-11.97", 
        "last_updated": "1523403542"
    }, 
    {
        "id": "tether", 
        "name": "Tether", 
        "symbol": "USDT", 
        "rank": "14", 
        "price_usd": "0.99699", 
        "price_btc": "0.00014667", 
        "24h_volume_usd": "1263340000.0", 
        "market_cap_usd": "2280256520.0", 
        "available_supply": "2287140814.0", 
        "total_supply": "2580109970.0", 
        "max_supply": null, 
        "percent_change_1h": "-0.25", 
        "percent_change_24h": "-0.19", 
        "percent_change_7d": "-0.44", 
        "last_updated": "1523403546"
    }, 
    {
        "id": "nem", 
        "name": "NEM", 
        "symbol": "XEM", 
        "rank": "15", 
        "price_usd": "0.234012", 
        "price_btc": "0.00003443", 
        "24h_volume_usd": "12754700.0", 
        "market_cap_usd": "2106108000.0", 
        "available_supply": "8999999999.0", 
        "total_supply": "8999999999.0", 
        "max_supply": null, 
        "percent_change_1h": "-0.06", 
        "percent_change_24h": "2.42", 
        "percent_change_7d": "-7.47", 
        "last_updated": "1523403544"
    }, 
    {
        "id": "vechain", 
        "name": "VeChain", 
        "symbol": "VEN", 
        "rank": "16", 
        "price_usd": "2.68372", 
        "price_btc": "0.00039479", 
        "24h_volume_usd": "65424200.0", 
        "market_cap_usd": "1408337100.0", 
        "available_supply": "524770505.0", 
        "total_supply": "873378637.0", 
        "max_supply": null, 
        "percent_change_1h": "-0.42", 
        "percent_change_24h": "5.11", 
        "percent_change_7d": "-6.01", 
        "last_updated": "1523403553"
    }, 
    {
        "id": "binance-coin", 
        "name": "Binance Coin", 
        "symbol": "BNB", 
        "rank": "17", 
        "price_usd": "11.9392", 
        "price_btc": "0.00175634", 
        "24h_volume_usd": "86706400.0", 
        "market_cap_usd": "1388070544.0", 
        "available_supply": "116261604.0", 
        "total_supply": "197192382.0", 
        "max_supply": null, 
        "percent_change_1h": "-0.29", 
        "percent_change_24h": "1.06", 
        "percent_change_7d": "-9.66", 
        "last_updated": "1523403552"
    }, 
    {
        "id": "ethereum-classic", 
        "name": "Ethereum Classic", 
        "symbol": "ETC", 
        "rank": "18", 
        "price_usd": "13.6089", 
        "price_btc": "0.00200197", 
        "24h_volume_usd": "73396300.0", 
        "market_cap_usd": "1375725919.0", 
        "available_supply": "101090163.0", 
        "total_supply": "101090163.0", 
        "max_supply": null, 
        "percent_change_1h": "-0.98", 
        "percent_change_24h": "0.2", 
        "percent_change_7d": "-9.17", 
        "last_updated": "1523403548"
    }, 
    {
        "id": "verge", 
        "name": "Verge", 
        "symbol": "XVG", 
        "rank": "19", 
        "price_usd": "0.0847245", 
        "price_btc": "0.00001246", 
        "24h_volume_usd": "451621000.0", 
        "market_cap_usd": "1258998873.0", 
        "available_supply": "14859915054.0", 
        "total_supply": "14859915054.0", 
        "max_supply": "16555000000.0", 
        "percent_change_1h": "0.26", 
        "percent_change_24h": "11.29", 
        "percent_change_7d": "23.78", 
        "last_updated": "1523403544"
    }, 
    {
        "id": "qtum", 
        "name": "Qtum", 
        "symbol": "QTUM", 
        "rank": "20", 
        "price_usd": "13.4213", 
        "price_btc": "0.00197437", 
        "24h_volume_usd": "89356800.0", 
        "market_cap_usd": "1187968707.0", 
        "available_supply": "88513684.0", 
        "total_supply": "100513684.0", 
        "max_supply": null, 
        "percent_change_1h": "-0.99", 
        "percent_change_24h": "-0.03", 
        "percent_change_7d": "-10.43", 
        "last_updated": "1523403550"
    }, 
    {
        "id": "ontology", 
        "name": "Ontology", 
        "symbol": "ONT", 
        "rank": "21", 
        "price_usd": "4.62197", 
        "price_btc": "0.00067993", 
        "24h_volume_usd": "159904000.0", 
        "market_cap_usd": "1114987639.0", 
        "available_supply": "241236451.0", 
        "total_supply": "1000000000.0", 
        "max_supply": null, 
        "percent_change_1h": "-2.09", 
        "percent_change_24h": "29.53", 
        "percent_change_7d": "100.69", 
        "last_updated": "1523403561"
    }, 
    {
        "id": "omisego", 
        "name": "OmiseGO", 
        "symbol": "OMG", 
        "rank": "22", 
        "price_usd": "9.20787", 
        "price_btc": "0.00135455", 
        "24h_volume_usd": "27851300.0", 
        "market_cap_usd": "939594551.0", 
        "available_supply": "102042552.0", 
        "total_supply": "140245398.0", 
        "max_supply": null, 
        "percent_change_1h": "-0.7", 
        "percent_change_24h": "1.71", 
        "percent_change_7d": "-2.29", 
        "last_updated": "1523403552"
    }, 
    {
        "id": "lisk", 
        "name": "Lisk", 
        "symbol": "LSK", 
        "rank": "23", 
        "price_usd": "8.45775", 
        "price_btc": "0.0012442", 
        "24h_volume_usd": "14090900.0", 
        "market_cap_usd": "877238059.0", 
        "available_supply": "103720027.0", 
        "total_supply": "119970544.0", 
        "max_supply": null, 
        "percent_change_1h": "-0.78", 
        "percent_change_24h": "-1.26", 
        "percent_change_7d": "-11.9", 
        "last_updated": "1523403546"
    }, 
    {
        "id": "icon", 
        "name": "ICON", 
        "symbol": "ICX", 
        "rank": "24", 
        "price_usd": "2.10282", 
        "price_btc": "0.00030934", 
        "24h_volume_usd": "45349400.0", 
        "market_cap_usd": "813878099.0", 
        "available_supply": "387041258.0", 
        "total_supply": "400228750.0", 
        "max_supply": null, 
        "percent_change_1h": "-1.63", 
        "percent_change_24h": "4.95", 
        "percent_change_7d": "-7.08", 
        "last_updated": "1523403556"
    }, 
    {
        "id": "bitcoin-gold", 
        "name": "Bitcoin Gold", 
        "symbol": "BTG", 
        "rank": "25", 
        "price_usd": "40.7189", 
        "price_btc": "0.00599006", 
        "24h_volume_usd": "7626990.0", 
        "market_cap_usd": "689597927.0", 
        "available_supply": "16935574.0", 
        "total_supply": "17035574.0", 
        "max_supply": "21000000.0", 
        "percent_change_1h": "-0.2", 
        "percent_change_24h": "-0.83", 
        "percent_change_7d": "-12.31", 
        "last_updated": "1523403555"
    }, 
    {
        "id": "zcash", 
        "name": "Zcash", 
        "symbol": "ZEC", 
        "rank": "26", 
        "price_usd": "178.917", 
        "price_btc": "0.0263201", 
        "24h_volume_usd": "33188400.0", 
        "market_cap_usd": "657304156.0", 
        "available_supply": "3673794.0", 
        "total_supply": "3673794.0", 
        "max_supply": null, 
        "percent_change_1h": "-0.08", 
        "percent_change_24h": "1.07", 
        "percent_change_7d": "-12.43", 
        "last_updated": "1523403548"
    }, 
    {
        "id": "nano", 
        "name": "Nano", 
        "symbol": "NANO", 
        "rank": "27", 
        "price_usd": "4.80842", 
        "price_btc": "0.00070735", 
        "24h_volume_usd": "6623390.0", 
        "market_cap_usd": "640713739.0", 
        "available_supply": "133248289.0", 
        "total_supply": "133248289.0", 
        "max_supply": "133248290.0", 
        "percent_change_1h": "-0.85", 
        "percent_change_24h": "-0.22", 
        "percent_change_7d": "-19.05", 
        "last_updated": "1523403549"
    }, 
    {
        "id": "bytom", 
        "name": "Bytom", 
        "symbol": "BTM", 
        "rank": "28", 
        "price_usd": "0.589011", 
        "price_btc": "0.00008665", 
        "24h_volume_usd": "22962500.0", 
        "market_cap_usd": "581353857.0", 
        "available_supply": "987000000.0", 
        "total_supply": "1407000000.0", 
        "max_supply": null, 
        "percent_change_1h": "1.81", 
        "percent_change_24h": "12.22", 
        "percent_change_7d": "21.02", 
        "last_updated": "1523403552"
    }, 
    {
        "id": "wanchain", 
        "name": "Wanchain", 
        "symbol": "WAN", 
        "rank": "29", 
        "price_usd": "4.43851", 
        "price_btc": "0.00065294", 
        "24h_volume_usd": "27096900.0", 
        "market_cap_usd": "471158900.0", 
        "available_supply": "106152493.0", 
        "total_supply": "210000000.0", 
        "max_supply": null, 
        "percent_change_1h": "0.82", 
        "percent_change_24h": "20.99", 
        "percent_change_7d": "29.37", 
        "last_updated": "1523403562"
    }, 
    {
        "id": "steem", 
        "name": "Steem", 
        "symbol": "STEEM", 
        "rank": "30", 
        "price_usd": "1.83311", 
        "price_btc": "0.00026966", 
        "24h_volume_usd": "2157660.0", 
        "market_cap_usd": "469554790.0", 
        "available_supply": "256151998.0", 
        "total_supply": "273126092.0", 
        "max_supply": null, 
        "percent_change_1h": "-0.68", 
        "percent_change_24h": "0.79", 
        "percent_change_7d": "-10.36", 
        "last_updated": "1523403546"
    }, 
    {
        "id": "populous", 
        "name": "Populous", 
        "symbol": "PPT", 
        "rank": "31", 
        "price_usd": "11.7148", 
        "price_btc": "0.00172333", 
        "24h_volume_usd": "1253120.0", 
        "market_cap_usd": "433494774.0", 
        "available_supply": "37004027.0", 
        "total_supply": "53252246.0", 
        "max_supply": "53252246.0", 
        "percent_change_1h": "-0.76", 
        "percent_change_24h": "1.29", 
        "percent_change_7d": "-10.79", 
        "last_updated": "1523403551"
    }, 
    {
        "id": "bytecoin-bcn", 
        "name": "Bytecoin", 
        "symbol": "BCN", 
        "rank": "32", 
        "price_usd": "0.00230185", 
        "price_btc": "0.00000034", 
        "24h_volume_usd": "4327120.0", 
        "market_cap_usd": "423151223.0", 
        "available_supply": "183830928813", 
        "total_supply": "183830928813", 
        "max_supply": "184470000000", 
        "percent_change_1h": "-1.16", 
        "percent_change_24h": "8.28", 
        "percent_change_7d": "-0.16", 
        "last_updated": "1523403542"
    }, 
    {
        "id": "digixdao", 
        "name": "DigixDAO", 
        "symbol": "DGD", 
        "rank": "33", 
        "price_usd": "208.365", 
        "price_btc": "0.0306521", 
        "24h_volume_usd": "10764100.0", 
        "market_cap_usd": "416730000.0", 
        "available_supply": "2000000.0", 
        "total_supply": "2000000.0", 
        "max_supply": null, 
        "percent_change_1h": "-0.27", 
        "percent_change_24h": "0.15", 
        "percent_change_7d": "-11.1", 
        "last_updated": "1523403546"
    }, 
    {
        "id": "siacoin", 
        "name": "Siacoin", 
        "symbol": "SC", 
        "rank": "34", 
        "price_usd": "0.0114096", 
        "price_btc": "0.00000168", 
        "24h_volume_usd": "8681390.0", 
        "market_cap_usd": "384506027.0", 
        "available_supply": "33700219722.0", 
        "total_supply": "33700219722.0", 
        "max_supply": null, 
        "percent_change_1h": "-1.36", 
        "percent_change_24h": "5.6", 
        "percent_change_7d": "-4.53", 
        "last_updated": "1523403546"
    }, 
    {
        "id": "bitcoin-diamond", 
        "name": "Bitcoin Diamond", 
        "symbol": "BCD", 
        "rank": "35", 
        "price_usd": "2.49487", 
        "price_btc": "0.00036701", 
        "24h_volume_usd": "1669960.0", 
        "market_cap_usd": "381789021.0", 
        "available_supply": "153029625.0", 
        "total_supply": "156029625.0", 
        "max_supply": "210000000.0", 
        "percent_change_1h": "-4.72", 
        "percent_change_24h": "4.4", 
        "percent_change_7d": "11.5", 
        "last_updated": "1523403557"
    }, 
    {
        "id": "bitshares", 
        "name": "BitShares", 
        "symbol": "BTS", 
        "rank": "36", 
        "price_usd": "0.142461", 
        "price_btc": "0.00002096", 
        "24h_volume_usd": "6482000.0", 
        "market_cap_usd": "372492777.0", 
        "available_supply": "2614700000.0", 
        "total_supply": "2614700000.0", 
        "max_supply": "3600570502.0", 
        "percent_change_1h": "-0.26", 
        "percent_change_24h": "3.08", 
        "percent_change_7d": "-5.52", 
        "last_updated": "1523403543"
    }, 
    {
        "id": "rchain", 
        "name": "RChain", 
        "symbol": "RHOC", 
        "rank": "37", 
        "price_usd": "1.0219", 
        "price_btc": "0.00015033", 
        "24h_volume_usd": "1992230.0", 
        "market_cap_usd": "367495132.0", 
        "available_supply": "359619465.0", 
        "total_supply": "870663574.0", 
        "max_supply": "1000000000.0", 
        "percent_change_1h": "-1.09", 
        "percent_change_24h": "5.99", 
        "percent_change_7d": "3.59", 
        "last_updated": "1523403554"
    }, 
    {
        "id": "stratis", 
        "name": "Stratis", 
        "symbol": "STRAT", 
        "rank": "38", 
        "price_usd": "3.71337", 
        "price_btc": "0.00054626", 
        "24h_volume_usd": "5512020.0", 
        "market_cap_usd": "366924593.0", 
        "available_supply": "98811751.0", 
        "total_supply": "98811751.0", 
        "max_supply": null, 
        "percent_change_1h": "-1.03", 
        "percent_change_24h": "4.35", 
        "percent_change_7d": "-6.65", 
        "last_updated": "1523403547"
    }, 
    {
        "id": "waves", 
        "name": "Waves", 
        "symbol": "WAVES", 
        "rank": "39", 
        "price_usd": "3.60566", 
        "price_btc": "0.00053042", 
        "24h_volume_usd": "16315000.0", 
        "market_cap_usd": "360566000.0", 
        "available_supply": "100000000.0", 
        "total_supply": "100000000.0", 
        "max_supply": null, 
        "percent_change_1h": "-0.95", 
        "percent_change_24h": "4.2", 
        "percent_change_7d": "-10.08", 
        "last_updated": "1523403546"
    }, 
    {
        "id": "decred", 
        "name": "Decred", 
        "symbol": "DCR", 
        "rank": "40", 
        "price_usd": "50.6071", 
        "price_btc": "0.00744468", 
        "24h_volume_usd": "18258900.0", 
        "market_cap_usd": "359450617.0", 
        "available_supply": "7102771.0", 
        "total_supply": "7522771.0", 
        "max_supply": "21000000.0", 
        "percent_change_1h": "-0.76", 
        "percent_change_24h": "5.16", 
        "percent_change_7d": "8.76", 
        "last_updated": "1523403546"
    }, 
    {
        "id": "maker", 
        "name": "Maker", 
        "symbol": "MKR", 
        "rank": "41", 
        "price_usd": "561.451", 
        "price_btc": "0.0825936", 
        "24h_volume_usd": "250804.0", 
        "market_cap_usd": "347104600.0", 
        "available_supply": "618228.0", 
        "total_supply": "1000000.0", 
        "max_supply": null, 
        "percent_change_1h": "0.33", 
        "percent_change_24h": "6.32", 
        "percent_change_7d": "7.41", 
        "last_updated": "1523403549"
    }, 
    {
        "id": "dogecoin", 
        "name": "Dogecoin", 
        "symbol": "DOGE", 
        "rank": "42", 
        "price_usd": "0.00304123", 
        "price_btc": "0.00000045", 
        "24h_volume_usd": "9991840.0", 
        "market_cap_usd": "346584551.0", 
        "available_supply": "113961966538", 
        "total_supply": "113961966538", 
        "max_supply": null, 
        "percent_change_1h": "-0.36", 
        "percent_change_24h": "10.42", 
        "percent_change_7d": "2.43", 
        "last_updated": "1523403541"
    }, 
    {
        "id": "aeternity", 
        "name": "Aeternity", 
        "symbol": "AE", 
        "rank": "43", 
        "price_usd": "1.34997", 
        "price_btc": "0.00019859", 
        "24h_volume_usd": "5241040.0", 
        "market_cap_usd": "314570647.0", 
        "available_supply": "233020472.0", 
        "total_supply": "273685830.0", 
        "max_supply": null, 
        "percent_change_1h": "-0.57", 
        "percent_change_24h": "2.66", 
        "percent_change_7d": "-9.83", 
        "last_updated": "1523403551"
    }, 
    {
        "id": "status", 
        "name": "Status", 
        "symbol": "SNT", 
        "rank": "44", 
        "price_usd": "0.0890897", 
        "price_btc": "0.00001311", 
        "24h_volume_usd": "19470100.0", 
        "market_cap_usd": "309184360.0", 
        "available_supply": "3470483788.0", 
        "total_supply": "6804870174.0", 
        "max_supply": null, 
        "percent_change_1h": "-0.74", 
        "percent_change_24h": "1.22", 
        "percent_change_7d": "-14.17", 
        "last_updated": "1523403551"
    }, 
    {
        "id": "0x", 
        "name": "0x", 
        "symbol": "ZRX", 
        "rank": "45", 
        "price_usd": "0.558365", 
        "price_btc": "0.00008214", 
        "24h_volume_usd": "4881850.0", 
        "market_cap_usd": "291867906.0", 
        "available_supply": "522718841.0", 
        "total_supply": "1000000000.0", 
        "max_supply": null, 
        "percent_change_1h": "-0.43", 
        "percent_change_24h": "3.54", 
        "percent_change_7d": "-6.3", 
        "last_updated": "1523403553"
    }, 
    {
        "id": "zilliqa", 
        "name": "Zilliqa", 
        "symbol": "ZIL", 
        "rank": "46", 
        "price_usd": "0.039944", 
        "price_btc": "0.00000588", 
        "24h_volume_usd": "14282400.0", 
        "market_cap_usd": "285521237.0", 
        "available_supply": "7148038186.0", 
        "total_supply": "12600000000.0", 
        "max_supply": null, 
        "percent_change_1h": "-1.06", 
        "percent_change_24h": "2.42", 
        "percent_change_7d": "-11.8", 
        "last_updated": "1523403560"
    }, 
    {
        "id": "augur", 
        "name": "Augur", 
        "symbol": "REP", 
        "rank": "47", 
        "price_usd": "24.6021", 
        "price_btc": "0.00361915", 
        "24h_volume_usd": "2480320.0", 
        "market_cap_usd": "270623100.0", 
        "available_supply": "11000000.0", 
        "total_supply": "11000000.0", 
        "max_supply": null, 
        "percent_change_1h": "-0.58", 
        "percent_change_24h": "1.18", 
        "percent_change_7d": "-8.4", 
        "last_updated": "1523403546"
    }, 
    {
        "id": "komodo", 
        "name": "Komodo", 
        "symbol": "KMD", 
        "rank": "48", 
        "price_usd": "2.5967", 
        "price_btc": "0.00038199", 
        "24h_volume_usd": "2300470.0", 
        "market_cap_usd": "270157548.0", 
        "available_supply": "104038798.0", 
        "total_supply": "104038798.0", 
        "max_supply": null, 
        "percent_change_1h": "-3.02", 
        "percent_change_24h": "3.45", 
        "percent_change_7d": "-10.51", 
        "last_updated": "1523403549"
    }, 
    {
        "id": "ardor", 
        "name": "Ardor", 
        "symbol": "ARDR", 
        "rank": "49", 
        "price_usd": "0.252788", 
        "price_btc": "0.00003719", 
        "24h_volume_usd": "2393830.0", 
        "market_cap_usd": "252535084.0", 
        "available_supply": "998999495.0", 
        "total_supply": "998999495.0", 
        "max_supply": "998999495.0", 
        "percent_change_1h": "-1.19", 
        "percent_change_24h": "4.23", 
        "percent_change_7d": "-14.5", 
        "last_updated": "1523403547"
    }, 
    {
        "id": "aion", 
        "name": "Aion", 
        "symbol": "AION", 
        "rank": "50", 
        "price_usd": "2.12238", 
        "price_btc": "0.00031222", 
        "24h_volume_usd": "9380650.0", 
        "market_cap_usd": "244752588.0", 
        "available_supply": "115319871.0", 
        "total_supply": "465934587.0", 
        "max_supply": null, 
        "percent_change_1h": "-0.14", 
        "percent_change_24h": "2.43", 
        "percent_change_7d": "-3.29", 
        "last_updated": "1523403555"
    }, 
    {
        "id": "iostoken", 
        "name": "IOStoken", 
        "symbol": "IOST", 
        "rank": "51", 
        "price_usd": "0.0289156", 
        "price_btc": "0.00000425", 
        "24h_volume_usd": "45768500.0", 
        "market_cap_usd": "242891040.0", 
        "available_supply": "8400000000.0", 
        "total_supply": "21000000000.0", 
        "max_supply": null, 
        "percent_change_1h": "-1.35", 
        "percent_change_24h": "-2.81", 
        "percent_change_7d": "11.33", 
        "last_updated": "1523403559"
    }, 
    {
        "id": "loopring", 
        "name": "Loopring", 
        "symbol": "LRC", 
        "rank": "52", 
        "price_usd": "0.418142", 
        "price_btc": "0.00006151", 
        "24h_volume_usd": "6465120.0", 
        "market_cap_usd": "239208185.0", 
        "available_supply": "572074043.0", 
        "total_supply": "1374956262.0", 
        "max_supply": null, 
        "percent_change_1h": "-0.18", 
        "percent_change_24h": "2.51", 
        "percent_change_7d": "5.14", 
        "last_updated": "1523403554"
    }, 
    {
        "id": "golem-network-tokens", 
        "name": "Golem", 
        "symbol": "GNT", 
        "rank": "53", 
        "price_usd": "0.276836", 
        "price_btc": "0.00004072", 
        "24h_volume_usd": "54957000.0", 
        "market_cap_usd": "230953755.0", 
        "available_supply": "834262000.0", 
        "total_supply": "1000000000.0", 
        "max_supply": null, 
        "percent_change_1h": "-3.68", 
        "percent_change_24h": "16.85", 
        "percent_change_7d": "27.57", 
        "last_updated": "1523403548"
    }, 
    {
        "id": "kucoin-shares", 
        "name": "KuCoin Shares", 
        "symbol": "KCS", 
        "rank": "54", 
        "price_usd": "2.45327", 
        "price_btc": "0.00036089", 
        "24h_volume_usd": "288978.0", 
        "market_cap_usd": "223353247.0", 
        "available_supply": "91043076.0", 
        "total_supply": "181043076.0", 
        "max_supply": null, 
        "percent_change_1h": "-0.84", 
        "percent_change_24h": "4.93", 
        "percent_change_7d": "0.05", 
        "last_updated": "1523403555"
    }, 
    {
        "id": "hshare", 
        "name": "Hshare", 
        "symbol": "HSR", 
        "rank": "55", 
        "price_usd": "5.20747", 
        "price_btc": "0.00076606", 
        "24h_volume_usd": "13480800.0", 
        "market_cap_usd": "223125194.0", 
        "available_supply": "42847140.0", 
        "total_supply": "42847140.0", 
        "max_supply": "84000000.0", 
        "percent_change_1h": "-0.1", 
        "percent_change_24h": "0.34", 
        "percent_change_7d": "-9.14", 
        "last_updated": "1523403553"
    }, 
    {
        "id": "ark", 
        "name": "Ark", 
        "symbol": "ARK", 
        "rank": "56", 
        "price_usd": "2.18088", 
        "price_btc": "0.00032082", 
        "24h_volume_usd": "1930810.0", 
        "market_cap_usd": "222048875.0", 
        "available_supply": "101816182.0", 
        "total_supply": "133066182.0", 
        "max_supply": null, 
        "percent_change_1h": "-2.2", 
        "percent_change_24h": "5.46", 
        "percent_change_7d": "-6.62", 
        "last_updated": "1523403549"
    }, 
    {
        "id": "pivx", 
        "name": "PIVX", 
        "symbol": "PIVX", 
        "rank": "57", 
        "price_usd": "3.87144", 
        "price_btc": "0.00056952", 
        "24h_volume_usd": "1443940.0", 
        "market_cap_usd": "216608972.0", 
        "available_supply": "55950492.0", 
        "total_supply": "55950492.0", 
        "max_supply": null, 
        "percent_change_1h": "-0.68", 
        "percent_change_24h": "-0.4", 
        "percent_change_7d": "-6.57", 
        "last_updated": "1523403546"
    }, 
    {
        "id": "waltonchain", 
        "name": "Waltonchain", 
        "symbol": "WTC", 
        "rank": "58", 
        "price_usd": "8.59796", 
        "price_btc": "0.00126483", 
        "24h_volume_usd": "1870280.0", 
        "market_cap_usd": "214073539.0", 
        "available_supply": "24898178.0", 
        "total_supply": "70000000.0", 
        "max_supply": "100000000.0", 
        "percent_change_1h": "-1.48", 
        "percent_change_24h": "2.77", 
        "percent_change_7d": "-17.98", 
        "last_updated": "1523403554"
    }, 
    {
        "id": "cryptonex", 
        "name": "Cryptonex", 
        "symbol": "CNX", 
        "rank": "59", 
        "price_usd": "4.715", 
        "price_btc": "0.00069361", 
        "24h_volume_usd": "1236280.0", 
        "market_cap_usd": "213151588.0", 
        "available_supply": "45207124.0", 
        "total_supply": "106644749.0", 
        "max_supply": "210000000.0", 
        "percent_change_1h": "-1.11", 
        "percent_change_24h": "-0.14", 
        "percent_change_7d": "-7.59", 
        "last_updated": "1523403555"
    }, 
    {
        "id": "digibyte", 
        "name": "DigiByte", 
        "symbol": "DGB", 
        "rank": "60", 
        "price_usd": "0.0200857", 
        "price_btc": "0.00000295", 
        "24h_volume_usd": "2957490.0", 
        "market_cap_usd": "202812585.0", 
        "available_supply": "10097362031.0", 
        "total_supply": "10097362031.0", 
        "max_supply": "21000000000.0", 
        "percent_change_1h": "-0.69", 
        "percent_change_24h": "10.35", 
        "percent_change_7d": "-0.35", 
        "last_updated": "1523403541"
    }, 
    {
        "id": "aelf", 
        "name": "aelf", 
        "symbol": "ELF", 
        "rank": "61", 
        "price_usd": "0.797009", 
        "price_btc": "0.00011725", 
        "24h_volume_usd": "82785900.0", 
        "market_cap_usd": "199252250.0", 
        "available_supply": "250000000.0", 
        "total_supply": "280000000.0", 
        "max_supply": "1000000000.0", 
        "percent_change_1h": "-1.18", 
        "percent_change_24h": "35.73", 
        "percent_change_7d": "40.28", 
        "last_updated": "1523403558"
    }, 
    {
        "id": "basic-attention-token", 
        "name": "Basic Attention Token", 
        "symbol": "BAT", 
        "rank": "62", 
        "price_usd": "0.195377", 
        "price_btc": "0.00002874", 
        "24h_volume_usd": "5064600.0", 
        "market_cap_usd": "195377000.0", 
        "available_supply": "1000000000.0", 
        "total_supply": "1500000000.0", 
        "max_supply": null, 
        "percent_change_1h": "-1.01", 
        "percent_change_24h": "4.66", 
        "percent_change_7d": "-7.34", 
        "last_updated": "1523403550"
    }, 
    {
        "id": "centrality", 
        "name": "Centrality", 
        "symbol": "CENNZ", 
        "rank": "63", 
        "price_usd": "0.296246", 
        "price_btc": "0.00004358", 
        "24h_volume_usd": "110363.0", 
        "market_cap_usd": "195219370.0", 
        "available_supply": "658977236.0", 
        "total_supply": "1200000000.0", 
        "max_supply": null, 
        "percent_change_1h": "-0.23", 
        "percent_change_24h": "4.49", 
        "percent_change_7d": "-13.62", 
        "last_updated": "1523403561"
    }, 
    {
        "id": "monacoin", 
        "name": "MonaCoin", 
        "symbol": "MONA", 
        "rank": "64", 
        "price_usd": "3.25533", 
        "price_btc": "0.00047888", 
        "24h_volume_usd": "875448.0", 
        "market_cap_usd": "191039773.0", 
        "available_supply": "58685225.0", 
        "total_supply": "58685225.0", 
        "max_supply": null, 
        "percent_change_1h": "-0.36", 
        "percent_change_24h": "0.76", 
        "percent_change_7d": "-8.18", 
        "last_updated": "1523403542"
    }, 
    {
        "id": "qash", 
        "name": "QASH", 
        "symbol": "QASH", 
        "rank": "65", 
        "price_usd": "0.527508", 
        "price_btc": "0.00007760", 
        "24h_volume_usd": "3695450.0", 
        "market_cap_usd": "184627800.0", 
        "available_supply": "350000000.0", 
        "total_supply": "1000000000.0", 
        "max_supply": null, 
        "percent_change_1h": "-0.31", 
        "percent_change_24h": "-0.27", 
        "percent_change_7d": "-15.03", 
        "last_updated": "1523403557"
    }, 
    {
        "id": "veritaseum", 
        "name": "Veritaseum", 
        "symbol": "VERI", 
        "rank": "66", 
        "price_usd": "89.4249", 
        "price_btc": "0.0131551", 
        "24h_volume_usd": "327163.0", 
        "market_cap_usd": "182126815.0", 
        "available_supply": "2036645.0", 
        "total_supply": "100000000.0", 
        "max_supply": null, 
        "percent_change_1h": "-2.99", 
        "percent_change_24h": "-2.13", 
        "percent_change_7d": "-26.76", 
        "last_updated": "1523403552"
    }, 
    {
        "id": "factom", 
        "name": "Factom", 
        "symbol": "FCT", 
        "rank": "67", 
        "price_usd": "20.2449", 
        "price_btc": "0.00297818", 
        "24h_volume_usd": "477668.0", 
        "market_cap_usd": "177043715.0", 
        "available_supply": "8745102.0", 
        "total_supply": "8745102.0", 
        "max_supply": null, 
        "percent_change_1h": "-0.91", 
        "percent_change_24h": "2.66", 
        "percent_change_7d": "-6.03", 
        "last_updated": "1523403545"
    }, 
    {
        "id": "dragonchain", 
        "name": "Dragonchain", 
        "symbol": "DRGN", 
        "rank": "68", 
        "price_usd": "0.712381", 
        "price_btc": "0.0001048", 
        "24h_volume_usd": "1204200.0", 
        "market_cap_usd": "169847260.0", 
        "available_supply": "238421940.0", 
        "total_supply": "433494437.0", 
        "max_supply": null, 
        "percent_change_1h": "-1.57", 
        "percent_change_24h": "0.34", 
        "percent_change_7d": "-1.49", 
        "last_updated": "1523403557"
    }, 
    {
        "id": "elastos", 
        "name": "Elastos", 
        "symbol": "ELA", 
        "rank": "69", 
        "price_usd": "33.4678", 
        "price_btc": "0.00492337", 
        "24h_volume_usd": "13211600.0", 
        "market_cap_usd": "166166790.0", 
        "available_supply": "4964975.0", 
        "total_supply": "33379033.0", 
        "max_supply": null, 
        "percent_change_1h": "0.35", 
        "percent_change_24h": "1.51", 
        "percent_change_7d": "21.39", 
        "last_updated": "1523403560"
    }, 
    {
        "id": "nebulas-token", 
        "name": "Nebulas", 
        "symbol": "NAS", 
        "rank": "70", 
        "price_usd": "4.59779", 
        "price_btc": "0.00067637", 
        "24h_volume_usd": "8227030.0", 
        "market_cap_usd": "163221545.0", 
        "available_supply": "35500000.0", 
        "total_supply": "100000000.0", 
        "max_supply": "100000000.0", 
        "percent_change_1h": "-0.39", 
        "percent_change_24h": "4.24", 
        "percent_change_7d": "-5.76", 
        "last_updated": "1523403553"
    }, 
    {
        "id": "gas", 
        "name": "Gas", 
        "symbol": "GAS", 
        "rank": "71", 
        "price_usd": "15.4234", 
        "price_btc": "0.0022689", 
        "24h_volume_usd": "4173850.0", 
        "market_cap_usd": "155181668.0", 
        "available_supply": "10061444.0", 
        "total_supply": "16914200.0", 
        "max_supply": "100000000.0", 
        "percent_change_1h": "0.02", 
        "percent_change_24h": "3.07", 
        "percent_change_7d": "-9.35", 
        "last_updated": "1523403552"
    }, 
    {
        "id": "substratum", 
        "name": "Substratum", 
        "symbol": "SUB", 
        "rank": "72", 
        "price_usd": "0.396844", 
        "price_btc": "0.00005838", 
        "24h_volume_usd": "5090670.0", 
        "market_cap_usd": "151999586.0", 
        "available_supply": "383021000.0", 
        "total_supply": "472000000.0", 
        "max_supply": null, 
        "percent_change_1h": "-0.15", 
        "percent_change_24h": "4.8", 
        "percent_change_7d": "5.78", 
        "last_updated": "1523403555"
    }, 
    {
        "id": "ethos", 
        "name": "Ethos", 
        "symbol": "ETHOS", 
        "rank": "73", 
        "price_usd": "1.96719", 
        "price_btc": "0.00028939", 
        "24h_volume_usd": "3521780.0", 
        "market_cap_usd": "150287236.0", 
        "available_supply": "76396909.0", 
        "total_supply": "222295208.0", 
        "max_supply": null, 
        "percent_change_1h": "-1.2", 
        "percent_change_24h": "1.79", 
        "percent_change_7d": "-10.03", 
        "last_updated": "1523403552"
    }, 
    {
        "id": "gxchain", 
        "name": "GXChain", 
        "symbol": "GXS", 
        "rank": "74", 
        "price_usd": "2.4736", 
        "price_btc": "0.00036389", 
        "24h_volume_usd": "12935500.0", 
        "market_cap_usd": "148416000.0", 
        "available_supply": "60000000.0", 
        "total_supply": "100000000.0", 
        "max_supply": "100000000.0", 
        "percent_change_1h": "-0.62", 
        "percent_change_24h": "2.37", 
        "percent_change_7d": "-9.92", 
        "last_updated": "1523403551"
    }, 
    {
        "id": "syscoin", 
        "name": "Syscoin", 
        "symbol": "SYS", 
        "rank": "75", 
        "price_usd": "0.277639", 
        "price_btc": "0.00004084", 
        "24h_volume_usd": "1491630.0", 
        "market_cap_usd": "147761700.0", 
        "available_supply": "532208010.0", 
        "total_supply": "532208010.0", 
        "max_supply": "888000000.0", 
        "percent_change_1h": "-0.17", 
        "percent_change_24h": "3.12", 
        "percent_change_7d": "-7.85", 
        "last_updated": "1523403543"
    }, 
    {
        "id": "revain", 
        "name": "Revain", 
        "symbol": "R", 
        "rank": "76", 
        "price_usd": "0.77563", 
        "price_btc": "0.0001141", 
        "24h_volume_usd": "2965080.0", 
        "market_cap_usd": "143064954.0", 
        "available_supply": "184450000.0", 
        "total_supply": "484450000.0", 
        "max_supply": "484450000.0", 
        "percent_change_1h": "-0.8", 
        "percent_change_24h": "0.04", 
        "percent_change_7d": "-4.84", 
        "last_updated": "1523403556"
    }, 
    {
        "id": "electroneum", 
        "name": "Electroneum", 
        "symbol": "ETN", 
        "rank": "77", 
        "price_usd": "0.0211738", 
        "price_btc": "0.00000311", 
        "24h_volume_usd": "709264.0", 
        "market_cap_usd": "141336173.0", 
        "available_supply": "6675049977.0", 
        "total_supply": "6675049977.0", 
        "max_supply": "21000000000.0", 
        "percent_change_1h": "-0.06", 
        "percent_change_24h": "-0.34", 
        "percent_change_7d": "-5.31", 
        "last_updated": "1523403556"
    }, 
    {
        "id": "kyber-network", 
        "name": "Kyber Network", 
        "symbol": "KNC", 
        "rank": "78", 
        "price_usd": "1.03631", 
        "price_btc": "0.00015245", 
        "24h_volume_usd": "8405260.0", 
        "market_cap_usd": "139003055.0", 
        "available_supply": "134132697.0", 
        "total_supply": "215625349.0", 
        "max_supply": null, 
        "percent_change_1h": "-1.29", 
        "percent_change_24h": "5.0", 
        "percent_change_7d": "0.04", 
        "last_updated": "1523403555"
    }, 
    {
        "id": "funfair", 
        "name": "FunFair", 
        "symbol": "FUN", 
        "rank": "79", 
        "price_usd": "0.0292271", 
        "price_btc": "0.00000430", 
        "24h_volume_usd": "675068.0", 
        "market_cap_usd": "138053423.0", 
        "available_supply": "4723473189.0", 
        "total_supply": "10999873621.0", 
        "max_supply": null, 
        "percent_change_1h": "-0.96", 
        "percent_change_24h": "1.45", 
        "percent_change_7d": "-9.59", 
        "last_updated": "1523403551"
    }, 
    {
        "id": "skycoin", 
        "name": "Skycoin", 
        "symbol": "SKY", 
        "rank": "80", 
        "price_usd": "17.5971", 
        "price_btc": "0.00258867", 
        "24h_volume_usd": "6849950.0", 
        "market_cap_usd": "137032507.0", 
        "available_supply": "7787221.0", 
        "total_supply": "25000000.0", 
        "max_supply": "100000000.0", 
        "percent_change_1h": "0.96", 
        "percent_change_24h": "12.93", 
        "percent_change_7d": "29.44", 
        "last_updated": "1523403550"
    }, 
    {
        "id": "reddcoin", 
        "name": "ReddCoin", 
        "symbol": "RDD", 
        "rank": "81", 
        "price_usd": "0.00463454", 
        "price_btc": "0.00000068", 
        "24h_volume_usd": "5863550.0", 
        "market_cap_usd": "133515134.0", 
        "available_supply": "28808713174.0", 
        "total_supply": "28808713174.0", 
        "max_supply": null, 
        "percent_change_1h": "4.75", 
        "percent_change_24h": "16.38", 
        "percent_change_7d": "1.53", 
        "last_updated": "1523403541"
    }, 
    {
        "id": "zcoin", 
        "name": "ZCoin", 
        "symbol": "XZC", 
        "rank": "82", 
        "price_usd": "28.456", 
        "price_btc": "0.00418609", 
        "24h_volume_usd": "912410.0", 
        "market_cap_usd": "128099975.0", 
        "available_supply": "4501686.0", 
        "total_supply": "4501686.0", 
        "max_supply": "21400000.0", 
        "percent_change_1h": "-0.72", 
        "percent_change_24h": "1.89", 
        "percent_change_7d": "-8.54", 
        "last_updated": "1523403548"
    }, 
    {
        "id": "mixin", 
        "name": "Mixin", 
        "symbol": "XIN", 
        "rank": "83", 
        "price_usd": "314.733", 
        "price_btc": "0.0462996", 
        "24h_volume_usd": "1161730.0", 
        "market_cap_usd": "127830793.0", 
        "available_supply": "406156.0", 
        "total_supply": "1000000.0", 
        "max_supply": null, 
        "percent_change_1h": "1.34", 
        "percent_change_24h": "-12.0", 
        "percent_change_7d": "35.07", 
        "last_updated": "1523403559"
    }, 
    {
        "id": "nxt", 
        "name": "Nxt", 
        "symbol": "NXT", 
        "rank": "84", 
        "price_usd": "0.127052", 
        "price_btc": "0.00001869", 
        "24h_volume_usd": "5509510.0", 
        "market_cap_usd": "126924941.0", 
        "available_supply": "998999942.0", 
        "total_supply": "998999942.0", 
        "max_supply": "1000000000.0", 
        "percent_change_1h": "-0.01", 
        "percent_change_24h": "8.61", 
        "percent_change_7d": "-0.15", 
        "last_updated": "1523403541"
    }, 
    {
        "id": "byteball", 
        "name": "Byteball Bytes", 
        "symbol": "GBYTE", 
        "rank": "85", 
        "price_usd": "194.651", 
        "price_btc": "0.0286347", 
        "24h_volume_usd": "344703.0", 
        "market_cap_usd": "125593118.0", 
        "available_supply": "645222.0", 
        "total_supply": "1000000.0", 
        "max_supply": null, 
        "percent_change_1h": "1.25", 
        "percent_change_24h": "6.35", 
        "percent_change_7d": "4.15", 
        "last_updated": "1523403548"
    }, 
    {
        "id": "maidsafecoin", 
        "name": "MaidSafeCoin", 
        "symbol": "MAID", 
        "rank": "86", 
        "price_usd": "0.275515", 
        "price_btc": "0.00004053", 
        "24h_volume_usd": "1128940.0", 
        "market_cap_usd": "124684978.0", 
        "available_supply": "452552412.0", 
        "total_supply": "452552412.0", 
        "max_supply": null, 
        "percent_change_1h": "-1.14", 
        "percent_change_24h": "5.25", 
        "percent_change_7d": "1.59", 
        "last_updated": "1523403542"
    }, 
    {
        "id": "chainlink", 
        "name": "ChainLink", 
        "symbol": "LINK", 
        "rank": "87", 
        "price_usd": "0.354993", 
        "price_btc": "0.00005222", 
        "24h_volume_usd": "9431380.0", 
        "market_cap_usd": "124247550.0", 
        "available_supply": "350000000.0", 
        "total_supply": "1000000000.0", 
        "max_supply": null, 
        "percent_change_1h": "-0.39", 
        "percent_change_24h": "14.27", 
        "percent_change_7d": "20.58", 
        "last_updated": "1523403554"
    }, 
    {
        "id": "salt", 
        "name": "SALT", 
        "symbol": "SALT", 
        "rank": "88", 
        "price_usd": "2.15767", 
        "price_btc": "0.00031741", 
        "24h_volume_usd": "13101300.0", 
        "market_cap_usd": "121618635.0", 
        "available_supply": "56365726.0", 
        "total_supply": "120000000.0", 
        "max_supply": null, 
        "percent_change_1h": "-1.16", 
        "percent_change_24h": "5.88", 
        "percent_change_7d": "-2.19", 
        "last_updated": "1523403554"
    }, 
    {
        "id": "nucleus-vision", 
        "name": "Nucleus Vision", 
        "symbol": "NCASH", 
        "rank": "89", 
        "price_usd": "0.0292992", 
        "price_btc": "0.00000431", 
        "24h_volume_usd": "19627200.0", 
        "market_cap_usd": "117565830.0", 
        "available_supply": "4012595236.0", 
        "total_supply": "10000000000.0", 
        "max_supply": null, 
        "percent_change_1h": "-0.59", 
        "percent_change_24h": "6.87", 
        "percent_change_7d": "5.31", 
        "last_updated": "1523403561"
    }, 
    {
        "id": "storm", 
        "name": "Storm", 
        "symbol": "STORM", 
        "rank": "90", 
        "price_usd": "0.028598", 
        "price_btc": "0.00000421", 
        "24h_volume_usd": "16262900.0", 
        "market_cap_usd": "116933019.0", 
        "available_supply": "4088853037.0", 
        "total_supply": "10000000000.0", 
        "max_supply": null, 
        "percent_change_1h": "-0.87", 
        "percent_change_24h": "0.75", 
        "percent_change_7d": "-11.52", 
        "last_updated": "1523403558"
    }, 
    {
        "id": "power-ledger", 
        "name": "Power Ledger", 
        "symbol": "POWR", 
        "rank": "91", 
        "price_usd": "0.30787", 
        "price_btc": "0.00004529", 
        "24h_volume_usd": "6469230.0", 
        "market_cap_usd": "112044036.0", 
        "available_supply": "363932947.0", 
        "total_supply": "1000000000.0", 
        "max_supply": null, 
        "percent_change_1h": "-1.37", 
        "percent_change_24h": "3.17", 
        "percent_change_7d": "-12.08", 
        "last_updated": "1523403555"
    }, 
    {
        "id": "particl", 
        "name": "Particl", 
        "symbol": "PART", 
        "rank": "92", 
        "price_usd": "12.5064", 
        "price_btc": "0.00183979", 
        "24h_volume_usd": "2146000.0", 
        "market_cap_usd": "111695941.0", 
        "available_supply": "8931103.0", 
        "total_supply": "8931103.0", 
        "max_supply": null, 
        "percent_change_1h": "1.4", 
        "percent_change_24h": "1.61", 
        "percent_change_7d": "18.2", 
        "last_updated": "1523403552"
    }, 
    {
        "id": "bancor", 
        "name": "Bancor", 
        "symbol": "BNT", 
        "rank": "93", 
        "price_usd": "2.42534", 
        "price_btc": "0.00035678", 
        "24h_volume_usd": "5099090.0", 
        "market_cap_usd": "109228767.0", 
        "available_supply": "45036476.0", 
        "total_supply": "74711036.0", 
        "max_supply": null, 
        "percent_change_1h": "-0.6", 
        "percent_change_24h": "5.31", 
        "percent_change_7d": "3.72", 
        "last_updated": "1523403551"
    }, 
    {
        "id": "wax", 
        "name": "WAX", 
        "symbol": "WAX", 
        "rank": "94", 
        "price_usd": "0.175209", 
        "price_btc": "0.00002577", 
        "24h_volume_usd": "3823810.0", 
        "market_cap_usd": "108455930.0", 
        "available_supply": "619008898.0", 
        "total_supply": "1850000000.0", 
        "max_supply": null, 
        "percent_change_1h": "-0.57", 
        "percent_change_24h": "7.21", 
        "percent_change_7d": "3.73", 
        "last_updated": "1523403557"
    }, 
    {
        "id": "enigma-project", 
        "name": "Enigma", 
        "symbol": "ENG", 
        "rank": "95", 
        "price_usd": "1.40972", 
        "price_btc": "0.00020738", 
        "24h_volume_usd": "5763340.0", 
        "market_cap_usd": "105498047.0", 
        "available_supply": "74836171.0", 
        "total_supply": "150000000.0", 
        "max_supply": null, 
        "percent_change_1h": "-0.06", 
        "percent_change_24h": "4.09", 
        "percent_change_7d": "-6.93", 
        "last_updated": "1523403554"
    }, 
    {
        "id": "request-network", 
        "name": "Request Network", 
        "symbol": "REQ", 
        "rank": "96", 
        "price_usd": "0.157577", 
        "price_btc": "0.00002318", 
        "24h_volume_usd": "3031130.0", 
        "market_cap_usd": "104467451.0", 
        "available_supply": "662961287.0", 
        "total_supply": "999999783.0", 
        "max_supply": null, 
        "percent_change_1h": "-0.98", 
        "percent_change_24h": "1.04", 
        "percent_change_7d": "-5.48", 
        "last_updated": "1523403556"
    }, 
    {
        "id": "dent", 
        "name": "Dent", 
        "symbol": "DENT", 
        "rank": "97", 
        "price_usd": "0.00972796", 
        "price_btc": "0.00000143", 
        "24h_volume_usd": "818876.0", 
        "market_cap_usd": "103259970.0", 
        "available_supply": "10614760961.0", 
        "total_supply": "100000000000", 
        "max_supply": null, 
        "percent_change_1h": "-0.96", 
        "percent_change_24h": "-0.97", 
        "percent_change_7d": "-15.13", 
        "last_updated": "1523403553"
    }, 
    {
        "id": "neblio", 
        "name": "Neblio", 
        "symbol": "NEBL", 
        "rank": "98", 
        "price_usd": "7.82327", 
        "price_btc": "0.00115086", 
        "24h_volume_usd": "9111560.0", 
        "market_cap_usd": "101621192.0", 
        "available_supply": "12989606.0", 
        "total_supply": "13746535.0", 
        "max_supply": null, 
        "percent_change_1h": "-1.71", 
        "percent_change_24h": "4.77", 
        "percent_change_7d": "-2.51", 
        "last_updated": "1523403553"
    }, 
    {
        "id": "storj", 
        "name": "Storj", 
        "symbol": "STORJ", 
        "rank": "99", 
        "price_usd": "0.746298", 
        "price_btc": "0.00010979", 
        "24h_volume_usd": "10692900.0", 
        "market_cap_usd": "99575178.0", 
        "available_supply": "133425493.0", 
        "total_supply": "424999998.0", 
        "max_supply": null, 
        "percent_change_1h": "-1.17", 
        "percent_change_24h": "2.72", 
        "percent_change_7d": "-10.9", 
        "last_updated": "1523403551"
    }, 
    {
        "id": "dentacoin", 
        "name": "Dentacoin", 
        "symbol": "DCN", 
        "rank": "100", 
        "price_usd": "0.000303222", 
        "price_btc": "0.00000004", 
        "24h_volume_usd": "84583.6", 
        "market_cap_usd": "98615864.0", 
        "available_supply": "325226613094", 
        "total_supply": "1963173416169", 
        "max_supply": "8000000000000", 
        "percent_change_1h": "-1.41", 
        "percent_change_24h": "2.8", 
        "percent_change_7d": "-5.89", 
        "last_updated": "1523403552"
    }
]