[
    {
        "id": "bitcoin", 
        "name": "Bitcoin", 
        "symbol": "BTC", 
        "rank": "1", 
        "price_usd": "6811.0", 
        "price_btc": "1.0", 
        "24h_volume_usd": "4285760000.0", 
        "market_cap_usd": "115575177900", 
        "available_supply": "16968900.0", 
        "total_supply": "16968900.0", 
        "max_supply": "21000000.0", 
        "percent_change_1h": "-0.74", 
        "percent_change_24h": "0.85", 
        "percent_change_7d": "-8.33", 
        "last_updated": "1523402369"
    }, 
    {
        "id": "ethereum", 
        "name": "Ethereum", 
        "symbol": "ETH", 
        "rank": "2", 
        "price_usd": "411.348", 
        "price_btc": "0.0604509", 
        "24h_volume_usd": "1187540000.0", 
        "market_cap_usd": "40617024819.0", 
        "available_supply": "98741272.0", 
        "total_supply": "98741272.0", 
        "max_supply": null, 
        "percent_change_1h": "-0.66", 
        "percent_change_24h": "3.6", 
        "percent_change_7d": "-0.01", 
        "last_updated": "1523402355"
    }, 
    {
        "id": "ripple", 
        "name": "Ripple", 
        "symbol": "XRP", 
        "rank": "3", 
        "price_usd": "0.490115", 
        "price_btc": "0.00007203", 
        "24h_volume_usd": "156119000.0", 
        "market_cap_usd": "19160810975.0", 
        "available_supply": "39094520623.0", 
        "total_supply": "99992405149.0", 
        "max_supply": "100000000000", 
        "percent_change_1h": "-0.63", 
        "percent_change_24h": "0.19", 
        "percent_change_7d": "-10.16", 
        "last_updated": "1523402340"
    }, 
    {
        "id": "bitcoin-cash", 
        "name": "Bitcoin Cash", 
        "symbol": "BCH", 
        "rank": "4", 
        "price_usd": "647.647", 
        "price_btc": "0.095177", 
        "24h_volume_usd": "225013000.0", 
        "market_cap_usd": "11052986570.0", 
        "available_supply": "17066375.0", 
        "total_supply": "17066375.0", 
        "max_supply": "21000000.0", 
        "percent_change_1h": "-0.61", 
        "percent_change_24h": "2.04", 
        "percent_change_7d": "-8.28", 
        "last_updated": "1523402352"
    }, 
    {
        "id": "litecoin", 
        "name": "Litecoin", 
        "symbol": "LTC", 
        "rank": "5", 
        "price_usd": "113.822", 
        "price_btc": "0.0167271", 
        "24h_volume_usd": "203809000.0", 
        "market_cap_usd": "6377063960.0", 
        "available_supply": "56026638.0", 
        "total_supply": "56026638.0", 
        "max_supply": "84000000.0", 
        "percent_change_1h": "-0.45", 
        "percent_change_24h": "-0.85", 
        "percent_change_7d": "-14.06", 
        "last_updated": "1523402341"
    }, 
    {
        "id": "eos", 
        "name": "EOS", 
        "symbol": "EOS", 
        "rank": "6", 
        "price_usd": "5.96966", 
        "price_btc": "0.00087729", 
        "24h_volume_usd": "224192000.0", 
        "market_cap_usd": "4684344493.0", 
        "available_supply": "784692008.0", 
        "total_supply": "900000000.0", 
        "max_supply": "1000000000.0", 
        "percent_change_1h": "-1.09", 
        "percent_change_24h": "1.99", 
        "percent_change_7d": "-1.61", 
        "last_updated": "1523402352"
    }, 
    {
        "id": "cardano", 
        "name": "Cardano", 
        "symbol": "ADA", 
        "rank": "7", 
        "price_usd": "0.155336", 
        "price_btc": "0.00002283", 
        "24h_volume_usd": "56650200.0", 
        "market_cap_usd": "4027407429.0", 
        "available_supply": "25927070538.0", 
        "total_supply": "31112483745.0", 
        "max_supply": "45000000000.0", 
        "percent_change_1h": "-1.3", 
        "percent_change_24h": "2.08", 
        "percent_change_7d": "-8.7", 
        "last_updated": "1523402354"
    }, 
    {
        "id": "stellar", 
        "name": "Stellar", 
        "symbol": "XLM", 
        "rank": "8", 
        "price_usd": "0.198381", 
        "price_btc": "0.00002915", 
        "24h_volume_usd": "26789300.0", 
        "market_cap_usd": "3680214895.0", 
        "available_supply": "18551246819.0", 
        "total_supply": "103847435165", 
        "max_supply": null, 
        "percent_change_1h": "-0.82", 
        "percent_change_24h": "1.09", 
        "percent_change_7d": "-14.67", 
        "last_updated": "1523402344"
    }, 
    {
        "id": "neo", 
        "name": "NEO", 
        "symbol": "NEO", 
        "rank": "9", 
        "price_usd": "51.8334", 
        "price_btc": "0.00761733", 
        "24h_volume_usd": "93092500.0", 
        "market_cap_usd": "3369171000.0", 
        "available_supply": "65000000.0", 
        "total_supply": "100000000.0", 
        "max_supply": "100000000.0", 
        "percent_change_1h": "-1.31", 
        "percent_change_24h": "-0.47", 
        "percent_change_7d": "-1.82", 
        "last_updated": "1523402347"
    }, 
    {
        "id": "iota", 
        "name": "IOTA", 
        "symbol": "MIOTA", 
        "rank": "10", 
        "price_usd": "1.00391", 
        "price_btc": "0.00014753", 
        "24h_volume_usd": "21127800.0", 
        "market_cap_usd": "2790398246.0", 
        "available_supply": "2779530283.0", 
        "total_supply": "2779530283.0", 
        "max_supply": "2779530283.0", 
        "percent_change_1h": "-0.93", 
        "percent_change_24h": "2.14", 
        "percent_change_7d": "-7.96", 
        "last_updated": "1523402350"
    }, 
    {
        "id": "monero", 
        "name": "Monero", 
        "symbol": "XMR", 
        "rank": "11", 
        "price_usd": "165.486", 
        "price_btc": "0.0243195", 
        "24h_volume_usd": "30782400.0", 
        "market_cap_usd": "2633894606.0", 
        "available_supply": "15916117.0", 
        "total_supply": "15916117.0", 
        "max_supply": null, 
        "percent_change_1h": "-0.22", 
        "percent_change_24h": "-0.48", 
        "percent_change_7d": "-11.99", 
        "last_updated": "1523402342"
    }, 
    {
        "id": "tron", 
        "name": "TRON", 
        "symbol": "TRX", 
        "rank": "12", 
        "price_usd": "0.0367237", 
        "price_btc": "0.00000540", 
        "24h_volume_usd": "304059000.0", 
        "market_cap_usd": "2414513928.0", 
        "available_supply": "65748111645.0", 
        "total_supply": "100000000000", 
        "max_supply": null, 
        "percent_change_1h": "-0.82", 
        "percent_change_24h": "3.36", 
        "percent_change_7d": "6.52", 
        "last_updated": "1523402353"
    }, 
    {
        "id": "dash", 
        "name": "Dash", 
        "symbol": "DASH", 
        "rank": "13", 
        "price_usd": "296.916", 
        "price_btc": "0.0436342", 
        "24h_volume_usd": "71584900.0", 
        "market_cap_usd": "2376188859.0", 
        "available_supply": "8002899.0", 
        "total_supply": "8002899.0", 
        "max_supply": "18900000.0", 
        "percent_change_1h": "-0.4", 
        "percent_change_24h": "-0.04", 
        "percent_change_7d": "-12.04", 
        "last_updated": "1523402341"
    }, 
    {
        "id": "tether", 
        "name": "Tether", 
        "symbol": "USDT", 
        "rank": "14", 
        "price_usd": "1.00019", 
        "price_btc": "0.00014699", 
        "24h_volume_usd": "1258660000.0", 
        "market_cap_usd": "2287575370.0", 
        "available_supply": "2287140814.0", 
        "total_supply": "2580109970.0", 
        "max_supply": null, 
        "percent_change_1h": "0.2", 
        "percent_change_24h": "0.14", 
        "percent_change_7d": "-0.12", 
        "last_updated": "1523402346"
    }, 
    {
        "id": "nem", 
        "name": "NEM", 
        "symbol": "XEM", 
        "rank": "15", 
        "price_usd": "0.23399", 
        "price_btc": "0.00003439", 
        "24h_volume_usd": "12624600.0", 
        "market_cap_usd": "2105910000.0", 
        "available_supply": "8999999999.0", 
        "total_supply": "8999999999.0", 
        "max_supply": null, 
        "percent_change_1h": "0.38", 
        "percent_change_24h": "2.51", 
        "percent_change_7d": "-7.43", 
        "last_updated": "1523402344"
    }, 
    {
        "id": "vechain", 
        "name": "VeChain", 
        "symbol": "VEN", 
        "rank": "16", 
        "price_usd": "2.67616", 
        "price_btc": "0.00039328", 
        "24h_volume_usd": "65339600.0", 
        "market_cap_usd": "1404369835.0", 
        "available_supply": "524770505.0", 
        "total_supply": "873378637.0", 
        "max_supply": null, 
        "percent_change_1h": "-0.82", 
        "percent_change_24h": "4.91", 
        "percent_change_7d": "-6.34", 
        "last_updated": "1523402353"
    }, 
    {
        "id": "binance-coin", 
        "name": "Binance Coin", 
        "symbol": "BNB", 
        "rank": "17", 
        "price_usd": "11.906", 
        "price_btc": "0.00174968", 
        "24h_volume_usd": "86403400.0", 
        "market_cap_usd": "1384210659.0", 
        "available_supply": "116261604.0", 
        "total_supply": "197192382.0", 
        "max_supply": null, 
        "percent_change_1h": "-0.69", 
        "percent_change_24h": "0.94", 
        "percent_change_7d": "-10.05", 
        "last_updated": "1523402353"
    }, 
    {
        "id": "ethereum-classic", 
        "name": "Ethereum Classic", 
        "symbol": "ETC", 
        "rank": "18", 
        "price_usd": "13.6087", 
        "price_btc": "0.00199992", 
        "24h_volume_usd": "73094600.0", 
        "market_cap_usd": "1375700299.0", 
        "available_supply": "101089766.0", 
        "total_supply": "101089766.0", 
        "max_supply": null, 
        "percent_change_1h": "-0.72", 
        "percent_change_24h": "0.24", 
        "percent_change_7d": "-9.2", 
        "last_updated": "1523402347"
    }, 
    {
        "id": "verge", 
        "name": "Verge", 
        "symbol": "XVG", 
        "rank": "19", 
        "price_usd": "0.0853507", 
        "price_btc": "0.00001254", 
        "24h_volume_usd": "454043000.0", 
        "market_cap_usd": "1268299358.0", 
        "available_supply": "14859858891.0", 
        "total_supply": "14859858891.0", 
        "max_supply": "16555000000.0", 
        "percent_change_1h": "-1.39", 
        "percent_change_24h": "12.18", 
        "percent_change_7d": "24.89", 
        "last_updated": "1523402344"
    }, 
    {
        "id": "qtum", 
        "name": "Qtum", 
        "symbol": "QTUM", 
        "rank": "20", 
        "price_usd": "13.4533", 
        "price_btc": "0.00197707", 
        "24h_volume_usd": "89512000.0", 
        "market_cap_usd": "1190800661.0", 
        "available_supply": "88513648.0", 
        "total_supply": "100513648.0", 
        "max_supply": null, 
        "percent_change_1h": "-0.74", 
        "percent_change_24h": "0.22", 
        "percent_change_7d": "-10.25", 
        "last_updated": "1523402350"
    }, 
    {
        "id": "ontology", 
        "name": "Ontology", 
        "symbol": "ONT", 
        "rank": "21", 
        "price_usd": "4.62644", 
        "price_btc": "0.00067989", 
        "24h_volume_usd": "157520000.0", 
        "market_cap_usd": "1116065966.0", 
        "available_supply": "241236451.0", 
        "total_supply": "1000000000.0", 
        "max_supply": null, 
        "percent_change_1h": "-0.05", 
        "percent_change_24h": "30.44", 
        "percent_change_7d": "101.03", 
        "last_updated": "1523402361"
    }, 
    {
        "id": "omisego", 
        "name": "OmiseGO", 
        "symbol": "OMG", 
        "rank": "22", 
        "price_usd": "9.2038", 
        "price_btc": "0.00135257", 
        "24h_volume_usd": "27791600.0", 
        "market_cap_usd": "939179238.0", 
        "available_supply": "102042552.0", 
        "total_supply": "140245398.0", 
        "max_supply": null, 
        "percent_change_1h": "-0.73", 
        "percent_change_24h": "1.81", 
        "percent_change_7d": "-2.38", 
        "last_updated": "1523402352"
    }, 
    {
        "id": "lisk", 
        "name": "Lisk", 
        "symbol": "LSK", 
        "rank": "23", 
        "price_usd": "8.45622", 
        "price_btc": "0.00124271", 
        "24h_volume_usd": "14086700.0", 
        "market_cap_usd": "877075309.0", 
        "available_supply": "103719547.0", 
        "total_supply": "119970064.0", 
        "max_supply": null, 
        "percent_change_1h": "-1.3", 
        "percent_change_24h": "-1.24", 
        "percent_change_7d": "-11.82", 
        "last_updated": "1523402346"
    }, 
    {
        "id": "icon", 
        "name": "ICON", 
        "symbol": "ICX", 
        "rank": "24", 
        "price_usd": "2.10544", 
        "price_btc": "0.00030941", 
        "24h_volume_usd": "45247800.0", 
        "market_cap_usd": "814892147.0", 
        "available_supply": "387041258.0", 
        "total_supply": "400228750.0", 
        "max_supply": null, 
        "percent_change_1h": "-1.55", 
        "percent_change_24h": "5.14", 
        "percent_change_7d": "-6.97", 
        "last_updated": "1523402355"
    }, 
    {
        "id": "bitcoin-gold", 
        "name": "Bitcoin Gold", 
        "symbol": "BTG", 
        "rank": "25", 
        "price_usd": "40.6257", 
        "price_btc": "0.00597027", 
        "24h_volume_usd": "7637020.0", 
        "market_cap_usd": "688009376.0", 
        "available_supply": "16935324.0", 
        "total_supply": "17035324.0", 
        "max_supply": "21000000.0", 
        "percent_change_1h": "-0.44", 
        "percent_change_24h": "-0.99", 
        "percent_change_7d": "-12.6", 
        "last_updated": "1523402356"
    }, 
    {
        "id": "zcash", 
        "name": "Zcash", 
        "symbol": "ZEC", 
        "rank": "26", 
        "price_usd": "178.77", 
        "price_btc": "0.0262717", 
        "24h_volume_usd": "33006600.0", 
        "market_cap_usd": "656755170.0", 
        "available_supply": "3673744.0", 
        "total_supply": "3673744.0", 
        "max_supply": null, 
        "percent_change_1h": "-0.12", 
        "percent_change_24h": "1.09", 
        "percent_change_7d": "-12.55", 
        "last_updated": "1523402348"
    }, 
    {
        "id": "nano", 
        "name": "Nano", 
        "symbol": "NANO", 
        "rank": "27", 
        "price_usd": "4.81655", 
        "price_btc": "0.00070783", 
        "24h_volume_usd": "6641600.0", 
        "market_cap_usd": "641797047.0", 
        "available_supply": "133248289.0", 
        "total_supply": "133248289.0", 
        "max_supply": "133248290.0", 
        "percent_change_1h": "-0.72", 
        "percent_change_24h": "0.04", 
        "percent_change_7d": "-18.84", 
        "last_updated": "1523402349"
    }, 
    {
        "id": "bytom", 
        "name": "Bytom", 
        "symbol": "BTM", 
        "rank": "28", 
        "price_usd": "0.584839", 
        "price_btc": "0.00008595", 
        "24h_volume_usd": "22875200.0", 
        "market_cap_usd": "577236093.0", 
        "available_supply": "987000000.0", 
        "total_supply": "1407000000.0", 
        "max_supply": null, 
        "percent_change_1h": "2.17", 
        "percent_change_24h": "11.47", 
        "percent_change_7d": "20.17", 
        "last_updated": "1523402352"
    }, 
    {
        "id": "steem", 
        "name": "Steem", 
        "symbol": "STEEM", 
        "rank": "29", 
        "price_usd": "1.83106", 
        "price_btc": "0.00026909", 
        "24h_volume_usd": "2196180.0", 
        "market_cap_usd": "469027980.0", 
        "available_supply": "256151071.0", 
        "total_supply": "273125165.0", 
        "max_supply": null, 
        "percent_change_1h": "-0.84", 
        "percent_change_24h": "0.71", 
        "percent_change_7d": "-10.45", 
        "last_updated": "1523402346"
    }, 
    {
        "id": "wanchain", 
        "name": "Wanchain", 
        "symbol": "WAN", 
        "rank": "30", 
        "price_usd": "4.40528", 
        "price_btc": "0.00064739", 
        "24h_volume_usd": "26435500.0", 
        "market_cap_usd": "467631453.0", 
        "available_supply": "106152493.0", 
        "total_supply": "210000000.0", 
        "max_supply": null, 
        "percent_change_1h": "1.27", 
        "percent_change_24h": "20.24", 
        "percent_change_7d": "28.49", 
        "last_updated": "1523402361"
    }, 
    {
        "id": "populous", 
        "name": "Populous", 
        "symbol": "PPT", 
        "rank": "31", 
        "price_usd": "11.7315", 
        "price_btc": "0.00172404", 
        "24h_volume_usd": "1271260.0", 
        "market_cap_usd": "434112742.0", 
        "available_supply": "37004027.0", 
        "total_supply": "53252246.0", 
        "max_supply": "53252246.0", 
        "percent_change_1h": "-0.57", 
        "percent_change_24h": "1.64", 
        "percent_change_7d": "-10.8", 
        "last_updated": "1523402352"
    }, 
    {
        "id": "bytecoin-bcn", 
        "name": "Bytecoin", 
        "symbol": "BCN", 
        "rank": "32", 
        "price_usd": "0.00233336", 
        "price_btc": "0.00000034", 
        "24h_volume_usd": "4289470.0", 
        "market_cap_usd": "428943577.0", 
        "available_supply": "183830860822", 
        "total_supply": "183830860822", 
        "max_supply": "184470000000", 
        "percent_change_1h": "1.97", 
        "percent_change_24h": "9.7", 
        "percent_change_7d": "1.25", 
        "last_updated": "1523402342"
    }, 
    {
        "id": "digixdao", 
        "name": "DigixDAO", 
        "symbol": "DGD", 
        "rank": "33", 
        "price_usd": "208.496", 
        "price_btc": "0.0306402", 
        "24h_volume_usd": "10786300.0", 
        "market_cap_usd": "416992000.0", 
        "available_supply": "2000000.0", 
        "total_supply": "2000000.0", 
        "max_supply": null, 
        "percent_change_1h": "-0.35", 
        "percent_change_24h": "0.29", 
        "percent_change_7d": "-11.09", 
        "last_updated": "1523402346"
    }, 
    {
        "id": "siacoin", 
        "name": "Siacoin", 
        "symbol": "SC", 
        "rank": "34", 
        "price_usd": "0.0114722", 
        "price_btc": "0.00000169", 
        "24h_volume_usd": "8706730.0", 
        "market_cap_usd": "386608762.0", 
        "available_supply": "33699618384.0", 
        "total_supply": "33699618384.0", 
        "max_supply": null, 
        "percent_change_1h": "-1.01", 
        "percent_change_24h": "6.26", 
        "percent_change_7d": "-4.08", 
        "last_updated": "1523402345"
    }, 
    {
        "id": "bitcoin-diamond", 
        "name": "Bitcoin Diamond", 
        "symbol": "BCD", 
        "rank": "35", 
        "price_usd": "2.50863", 
        "price_btc": "0.00036866", 
        "24h_volume_usd": "1673310.0", 
        "market_cap_usd": "383894708.0", 
        "available_supply": "153029625.0", 
        "total_supply": "156029625.0", 
        "max_supply": "210000000.0", 
        "percent_change_1h": "-4.19", 
        "percent_change_24h": "5.16", 
        "percent_change_7d": "12.14", 
        "last_updated": "1523402357"
    }, 
    {
        "id": "bitshares", 
        "name": "BitShares", 
        "symbol": "BTS", 
        "rank": "36", 
        "price_usd": "0.142132", 
        "price_btc": "0.00002089", 
        "24h_volume_usd": "6545880.0", 
        "market_cap_usd": "371632540.0", 
        "available_supply": "2614700000.0", 
        "total_supply": "2614700000.0", 
        "max_supply": "3600570502.0", 
        "percent_change_1h": "-0.62", 
        "percent_change_24h": "2.86", 
        "percent_change_7d": "-5.88", 
        "last_updated": "1523402343"
    }, 
    {
        "id": "stratis", 
        "name": "Stratis", 
        "symbol": "STRAT", 
        "rank": "37", 
        "price_usd": "3.71885", 
        "price_btc": "0.00054652", 
        "24h_volume_usd": "5541220.0", 
        "market_cap_usd": "367466014.0", 
        "available_supply": "98811733.0", 
        "total_supply": "98811733.0", 
        "max_supply": null, 
        "percent_change_1h": "-1.19", 
        "percent_change_24h": "4.59", 
        "percent_change_7d": "-6.51", 
        "last_updated": "1523402349"
    }, 
    {
        "id": "decred", 
        "name": "Decred", 
        "symbol": "DCR", 
        "rank": "38", 
        "price_usd": "50.8251", 
        "price_btc": "0.00746915", 
        "24h_volume_usd": "18285200.0", 
        "market_cap_usd": "360997924.0", 
        "available_supply": "7102749.0", 
        "total_supply": "7522749.0", 
        "max_supply": "21000000.0", 
        "percent_change_1h": "-0.24", 
        "percent_change_24h": "5.77", 
        "percent_change_7d": "9.34", 
        "last_updated": "1523402346"
    }, 
    {
        "id": "waves", 
        "name": "Waves", 
        "symbol": "WAVES", 
        "rank": "39", 
        "price_usd": "3.59894", 
        "price_btc": "0.00052889", 
        "24h_volume_usd": "16303400.0", 
        "market_cap_usd": "359894000.0", 
        "available_supply": "100000000.0", 
        "total_supply": "100000000.0", 
        "max_supply": null, 
        "percent_change_1h": "-1.24", 
        "percent_change_24h": "4.1", 
        "percent_change_7d": "-10.31", 
        "last_updated": "1523402346"
    }, 
    {
        "id": "rchain", 
        "name": "RChain", 
        "symbol": "RHOC", 
        "rank": "40", 
        "price_usd": "0.997356", 
        "price_btc": "0.00014657", 
        "24h_volume_usd": "1917590.0", 
        "market_cap_usd": "358668631.0", 
        "available_supply": "359619465.0", 
        "total_supply": "870663574.0", 
        "max_supply": "1000000000.0", 
        "percent_change_1h": "-2.69", 
        "percent_change_24h": "3.6", 
        "percent_change_7d": "1.16", 
        "last_updated": "1523402355"
    }, 
    {
        "id": "maker", 
        "name": "Maker", 
        "symbol": "MKR", 
        "rank": "41", 
        "price_usd": "565.921", 
        "price_btc": "0.0831667", 
        "24h_volume_usd": "258695.0", 
        "market_cap_usd": "349868078.0", 
        "available_supply": "618228.0", 
        "total_supply": "1000000.0", 
        "max_supply": null, 
        "percent_change_1h": "0.75", 
        "percent_change_24h": "7.22", 
        "percent_change_7d": "8.34", 
        "last_updated": "1523402349"
    }, 
    {
        "id": "dogecoin", 
        "name": "Dogecoin", 
        "symbol": "DOGE", 
        "rank": "42", 
        "price_usd": "0.00300692", 
        "price_btc": "0.00000044", 
        "24h_volume_usd": "9909370.0", 
        "market_cap_usd": "342674516.0", 
        "available_supply": "113961966538", 
        "total_supply": "113961966538", 
        "max_supply": null, 
        "percent_change_1h": "-1.44", 
        "percent_change_24h": "9.24", 
        "percent_change_7d": "1.32", 
        "last_updated": "1523402341"
    }, 
    {
        "id": "aeternity", 
        "name": "Aeternity", 
        "symbol": "AE", 
        "rank": "43", 
        "price_usd": "1.34799", 
        "price_btc": "0.0001981", 
        "24h_volume_usd": "5259260.0", 
        "market_cap_usd": "314109266.0", 
        "available_supply": "233020472.0", 
        "total_supply": "273685830.0", 
        "max_supply": null, 
        "percent_change_1h": "-0.74", 
        "percent_change_24h": "2.64", 
        "percent_change_7d": "-9.99", 
        "last_updated": "1523402350"
    }, 
    {
        "id": "status", 
        "name": "Status", 
        "symbol": "SNT", 
        "rank": "44", 
        "price_usd": "0.0886977", 
        "price_btc": "0.00001303", 
        "24h_volume_usd": "19477700.0", 
        "market_cap_usd": "307823930.0", 
        "available_supply": "3470483788.0", 
        "total_supply": "6804870174.0", 
        "max_supply": null, 
        "percent_change_1h": "-1.03", 
        "percent_change_24h": "0.71", 
        "percent_change_7d": "-14.57", 
        "last_updated": "1523402351"
    }, 
    {
        "id": "0x", 
        "name": "0x", 
        "symbol": "ZRX", 
        "rank": "45", 
        "price_usd": "0.558142", 
        "price_btc": "0.00008202", 
        "24h_volume_usd": "4877250.0", 
        "market_cap_usd": "291751339.0", 
        "available_supply": "522718841.0", 
        "total_supply": "1000000000.0", 
        "max_supply": null, 
        "percent_change_1h": "-0.35", 
        "percent_change_24h": "3.53", 
        "percent_change_7d": "-6.5", 
        "last_updated": "1523402354"
    }, 
    {
        "id": "zilliqa", 
        "name": "Zilliqa", 
        "symbol": "ZIL", 
        "rank": "46", 
        "price_usd": "0.0399908", 
        "price_btc": "0.00000588", 
        "24h_volume_usd": "14242700.0", 
        "market_cap_usd": "285855765.0", 
        "available_supply": "7148038186.0", 
        "total_supply": "12600000000.0", 
        "max_supply": null, 
        "percent_change_1h": "-0.96", 
        "percent_change_24h": "2.68", 
        "percent_change_7d": "-11.71", 
        "last_updated": "1523402360"
    }, 
    {
        "id": "komodo", 
        "name": "Komodo", 
        "symbol": "KMD", 
        "rank": "47", 
        "price_usd": "2.64629", 
        "price_btc": "0.00038889", 
        "24h_volume_usd": "2211370.0", 
        "market_cap_usd": "275316832.0", 
        "available_supply": "104038798.0", 
        "total_supply": "104038798.0", 
        "max_supply": null, 
        "percent_change_1h": "-1.3", 
        "percent_change_24h": "5.52", 
        "percent_change_7d": "-8.79", 
        "last_updated": "1523402349"
    }, 
    {
        "id": "augur", 
        "name": "Augur", 
        "symbol": "REP", 
        "rank": "48", 
        "price_usd": "24.6051", 
        "price_btc": "0.00361592", 
        "24h_volume_usd": "2475540.0", 
        "market_cap_usd": "270656100.0", 
        "available_supply": "11000000.0", 
        "total_supply": "11000000.0", 
        "max_supply": null, 
        "percent_change_1h": "-0.54", 
        "percent_change_24h": "1.36", 
        "percent_change_7d": "-8.44", 
        "last_updated": "1523402345"
    }, 
    {
        "id": "ardor", 
        "name": "Ardor", 
        "symbol": "ARDR", 
        "rank": "49", 
        "price_usd": "0.252693", 
        "price_btc": "0.00003714", 
        "24h_volume_usd": "2381640.0", 
        "market_cap_usd": "252440179.0", 
        "available_supply": "998999495.0", 
        "total_supply": "998999495.0", 
        "max_supply": "998999495.0", 
        "percent_change_1h": "-1.43", 
        "percent_change_24h": "4.28", 
        "percent_change_7d": "-13.92", 
        "last_updated": "1523402347"
    }, 
    {
        "id": "aion", 
        "name": "Aion", 
        "symbol": "AION", 
        "rank": "50", 
        "price_usd": "2.11804", 
        "price_btc": "0.00031126", 
        "24h_volume_usd": "9272890.0", 
        "market_cap_usd": "244252099.0", 
        "available_supply": "115319871.0", 
        "total_supply": "465934587.0", 
        "max_supply": null, 
        "percent_change_1h": "0.51", 
        "percent_change_24h": "2.41", 
        "percent_change_7d": "-3.5", 
        "last_updated": "1523402355"
    }, 
    {
        "id": "iostoken", 
        "name": "IOStoken", 
        "symbol": "IOST", 
        "rank": "51", 
        "price_usd": "0.0288943", 
        "price_btc": "0.00000425", 
        "24h_volume_usd": "45808800.0", 
        "market_cap_usd": "242712120.0", 
        "available_supply": "8400000000.0", 
        "total_supply": "21000000000.0", 
        "max_supply": null, 
        "percent_change_1h": "-2.05", 
        "percent_change_24h": "-2.58", 
        "percent_change_7d": "11.53", 
        "last_updated": "1523402359"
    }, 
    {
        "id": "loopring", 
        "name": "Loopring", 
        "symbol": "LRC", 
        "rank": "52", 
        "price_usd": "0.418258", 
        "price_btc": "0.00006147", 
        "24h_volume_usd": "6455450.0", 
        "market_cap_usd": "239274545.0", 
        "available_supply": "572074043.0", 
        "total_supply": "1374956262.0", 
        "max_supply": null, 
        "percent_change_1h": "-0.57", 
        "percent_change_24h": "2.56", 
        "percent_change_7d": "5.23", 
        "last_updated": "1523402353"
    }, 
    {
        "id": "golem-network-tokens", 
        "name": "Golem", 
        "symbol": "GNT", 
        "rank": "53", 
        "price_usd": "0.280585", 
        "price_btc": "0.00004123", 
        "24h_volume_usd": "55586600.0", 
        "market_cap_usd": "234081403.0", 
        "available_supply": "834262000.0", 
        "total_supply": "1000000000.0", 
        "max_supply": null, 
        "percent_change_1h": "2.45", 
        "percent_change_24h": "21.12", 
        "percent_change_7d": "29.19", 
        "last_updated": "1523402348"
    }, 
    {
        "id": "kucoin-shares", 
        "name": "KuCoin Shares", 
        "symbol": "KCS", 
        "rank": "54", 
        "price_usd": "2.45556", 
        "price_btc": "0.00036086", 
        "24h_volume_usd": "291160.0", 
        "market_cap_usd": "223561736.0", 
        "available_supply": "91043076.0", 
        "total_supply": "181043076.0", 
        "max_supply": null, 
        "percent_change_1h": "-0.97", 
        "percent_change_24h": "5.4", 
        "percent_change_7d": "0.14", 
        "last_updated": "1523402355"
    }, 
    {
        "id": "hshare", 
        "name": "Hshare", 
        "symbol": "HSR", 
        "rank": "55", 
        "price_usd": "5.19871", 
        "price_btc": "0.00076399", 
        "24h_volume_usd": "13550500.0", 
        "market_cap_usd": "222749541.0", 
        "available_supply": "42847079.0", 
        "total_supply": "42847079.0", 
        "max_supply": "84000000.0", 
        "percent_change_1h": "-0.08", 
        "percent_change_24h": "0.24", 
        "percent_change_7d": "-9.34", 
        "last_updated": "1523402353"
    }, 
    {
        "id": "ark", 
        "name": "Ark", 
        "symbol": "ARK", 
        "rank": "56", 
        "price_usd": "2.17286", 
        "price_btc": "0.00031932", 
        "24h_volume_usd": "1922870.0", 
        "market_cap_usd": "221231657.0", 
        "available_supply": "101815882.0", 
        "total_supply": "133065882.0", 
        "max_supply": null, 
        "percent_change_1h": "-3.02", 
        "percent_change_24h": "5.2", 
        "percent_change_7d": "-7.01", 
        "last_updated": "1523402350"
    }, 
    {
        "id": "pivx", 
        "name": "PIVX", 
        "symbol": "PIVX", 
        "rank": "57", 
        "price_usd": "3.87341", 
        "price_btc": "0.00056923", 
        "24h_volume_usd": "1482620.0", 
        "market_cap_usd": "216718864.0", 
        "available_supply": "55950406.0", 
        "total_supply": "55950406.0", 
        "max_supply": null, 
        "percent_change_1h": "-0.51", 
        "percent_change_24h": "-0.39", 
        "percent_change_7d": "-6.47", 
        "last_updated": "1523402345"
    }, 
    {
        "id": "waltonchain", 
        "name": "Waltonchain", 
        "symbol": "WTC", 
        "rank": "58", 
        "price_usd": "8.58907", 
        "price_btc": "0.00126223", 
        "24h_volume_usd": "1863530.0", 
        "market_cap_usd": "213852194.0", 
        "available_supply": "24898178.0", 
        "total_supply": "70000000.0", 
        "max_supply": "100000000.0", 
        "percent_change_1h": "-1.31", 
        "percent_change_24h": "2.7", 
        "percent_change_7d": "-18.03", 
        "last_updated": "1523402353"
    }, 
    {
        "id": "cryptonex", 
        "name": "Cryptonex", 
        "symbol": "CNX", 
        "rank": "59", 
        "price_usd": "4.65736", 
        "price_btc": "0.00068444", 
        "24h_volume_usd": "1203230.0", 
        "market_cap_usd": "210545775.0", 
        "available_supply": "45207108.0", 
        "total_supply": "106644733.0", 
        "max_supply": "210000000.0", 
        "percent_change_1h": "-1.48", 
        "percent_change_24h": "-1.02", 
        "percent_change_7d": "-8.67", 
        "last_updated": "1523402354"
    }, 
    {
        "id": "digibyte", 
        "name": "DigiByte", 
        "symbol": "DGB", 
        "rank": "60", 
        "price_usd": "0.0200957", 
        "price_btc": "0.00000295", 
        "24h_volume_usd": "2936490.0", 
        "market_cap_usd": "202912260.0", 
        "available_supply": "10097297441.0", 
        "total_supply": "10097297441.0", 
        "max_supply": "21000000000.0", 
        "percent_change_1h": "-0.46", 
        "percent_change_24h": "10.48", 
        "percent_change_7d": "-0.29", 
        "last_updated": "1523402341"
    }, 
    {
        "id": "aelf", 
        "name": "aelf", 
        "symbol": "ELF", 
        "rank": "61", 
        "price_usd": "0.790974", 
        "price_btc": "0.00011624", 
        "24h_volume_usd": "82404500.0", 
        "market_cap_usd": "197743500.0", 
        "available_supply": "250000000.0", 
        "total_supply": "280000000.0", 
        "max_supply": "1000000000.0", 
        "percent_change_1h": "-2.06", 
        "percent_change_24h": "34.86", 
        "percent_change_7d": "39.15", 
        "last_updated": "1523402358"
    }, 
    {
        "id": "basic-attention-token", 
        "name": "Basic Attention Token", 
        "symbol": "BAT", 
        "rank": "62", 
        "price_usd": "0.196137", 
        "price_btc": "0.00002882", 
        "24h_volume_usd": "5054950.0", 
        "market_cap_usd": "196137000.0", 
        "available_supply": "1000000000.0", 
        "total_supply": "1500000000.0", 
        "max_supply": null, 
        "percent_change_1h": "-0.75", 
        "percent_change_24h": "5.11", 
        "percent_change_7d": "-7.03", 
        "last_updated": "1523402350"
    }, 
    {
        "id": "centrality", 
        "name": "Centrality", 
        "symbol": "CENNZ", 
        "rank": "63", 
        "price_usd": "0.296547", 
        "price_btc": "0.00004358", 
        "24h_volume_usd": "110476.0", 
        "market_cap_usd": "195417722.0", 
        "available_supply": "658977236.0", 
        "total_supply": "1200000000.0", 
        "max_supply": null, 
        "percent_change_1h": "-0.4", 
        "percent_change_24h": "4.98", 
        "percent_change_7d": "-12.73", 
        "last_updated": "1523402361"
    }, 
    {
        "id": "monacoin", 
        "name": "MonaCoin", 
        "symbol": "MONA", 
        "rank": "64", 
        "price_usd": "3.25097", 
        "price_btc": "0.00047776", 
        "24h_volume_usd": "877791.0", 
        "market_cap_usd": "190782524.0", 
        "available_supply": "58684800.0", 
        "total_supply": "58684800.0", 
        "max_supply": null, 
        "percent_change_1h": "-0.51", 
        "percent_change_24h": "0.75", 
        "percent_change_7d": "-8.32", 
        "last_updated": "1523402342"
    }, 
    {
        "id": "veritaseum", 
        "name": "Veritaseum", 
        "symbol": "VERI", 
        "rank": "65", 
        "price_usd": "91.2271", 
        "price_btc": "0.0134066", 
        "24h_volume_usd": "322913.0", 
        "market_cap_usd": "185797257.0", 
        "available_supply": "2036645.0", 
        "total_supply": "100000000.0", 
        "max_supply": null, 
        "percent_change_1h": "-2.35", 
        "percent_change_24h": "0.01", 
        "percent_change_7d": "-25.28", 
        "last_updated": "1523402352"
    }, 
    {
        "id": "qash", 
        "name": "QASH", 
        "symbol": "QASH", 
        "rank": "66", 
        "price_usd": "0.526698", 
        "price_btc": "0.00007740", 
        "24h_volume_usd": "3672350.0", 
        "market_cap_usd": "184344300.0", 
        "available_supply": "350000000.0", 
        "total_supply": "1000000000.0", 
        "max_supply": null, 
        "percent_change_1h": "-0.5", 
        "percent_change_24h": "-0.48", 
        "percent_change_7d": "-15.18", 
        "last_updated": "1523402357"
    }, 
    {
        "id": "factom", 
        "name": "Factom", 
        "symbol": "FCT", 
        "rank": "67", 
        "price_usd": "20.1517", 
        "price_btc": "0.00296146", 
        "24h_volume_usd": "469757.0", 
        "market_cap_usd": "176228672.0", 
        "available_supply": "8745102.0", 
        "total_supply": "8745102.0", 
        "max_supply": null, 
        "percent_change_1h": "-1.16", 
        "percent_change_24h": "2.2", 
        "percent_change_7d": "-6.54", 
        "last_updated": "1523402345"
    }, 
    {
        "id": "dragonchain", 
        "name": "Dragonchain", 
        "symbol": "DRGN", 
        "rank": "68", 
        "price_usd": "0.713233", 
        "price_btc": "0.00010482", 
        "24h_volume_usd": "1208640.0", 
        "market_cap_usd": "170050396.0", 
        "available_supply": "238421940.0", 
        "total_supply": "433494437.0", 
        "max_supply": null, 
        "percent_change_1h": "-1.18", 
        "percent_change_24h": "0.63", 
        "percent_change_7d": "-0.9", 
        "last_updated": "1523402357"
    }, 
    {
        "id": "nebulas-token", 
        "name": "Nebulas", 
        "symbol": "NAS", 
        "rank": "69", 
        "price_usd": "4.60378", 
        "price_btc": "0.00067656", 
        "24h_volume_usd": "8178260.0", 
        "market_cap_usd": "163434190.0", 
        "available_supply": "35500000.0", 
        "total_supply": "100000000.0", 
        "max_supply": "100000000.0", 
        "percent_change_1h": "-0.6", 
        "percent_change_24h": "4.46", 
        "percent_change_7d": "-5.7", 
        "last_updated": "1523402353"
    }, 
    {
        "id": "elastos", 
        "name": "Elastos", 
        "symbol": "ELA", 
        "rank": "70", 
        "price_usd": "32.7803", 
        "price_btc": "0.00481734", 
        "24h_volume_usd": "13146800.0", 
        "market_cap_usd": "162753370.0", 
        "available_supply": "4964975.0", 
        "total_supply": "33379033.0", 
        "max_supply": null, 
        "percent_change_1h": "-1.58", 
        "percent_change_24h": "-0.6", 
        "percent_change_7d": "18.88", 
        "last_updated": "1523402360"
    }, 
    {
        "id": "gas", 
        "name": "Gas", 
        "symbol": "GAS", 
        "rank": "71", 
        "price_usd": "15.2928", 
        "price_btc": "0.0022474", 
        "24h_volume_usd": "4172550.0", 
        "market_cap_usd": "153865980.0", 
        "available_supply": "10061335.0", 
        "total_supply": "16913808.0", 
        "max_supply": "100000000.0", 
        "percent_change_1h": "-0.86", 
        "percent_change_24h": "2.33", 
        "percent_change_7d": "-10.24", 
        "last_updated": "1523402351"
    }, 
    {
        "id": "substratum", 
        "name": "Substratum", 
        "symbol": "SUB", 
        "rank": "72", 
        "price_usd": "0.396825", 
        "price_btc": "0.00005832", 
        "24h_volume_usd": "5091180.0", 
        "market_cap_usd": "151992308.0", 
        "available_supply": "383021000.0", 
        "total_supply": "472000000.0", 
        "max_supply": null, 
        "percent_change_1h": "-0.05", 
        "percent_change_24h": "4.97", 
        "percent_change_7d": "5.71", 
        "last_updated": "1523402355"
    }, 
    {
        "id": "ethos", 
        "name": "Ethos", 
        "symbol": "ETHOS", 
        "rank": "73", 
        "price_usd": "1.96477", 
        "price_btc": "0.00028874", 
        "24h_volume_usd": "3543000.0", 
        "market_cap_usd": "150102356.0", 
        "available_supply": "76396909.0", 
        "total_supply": "222295208.0", 
        "max_supply": null, 
        "percent_change_1h": "-1.36", 
        "percent_change_24h": "1.81", 
        "percent_change_7d": "-10.21", 
        "last_updated": "1523402352"
    }, 
    {
        "id": "gxchain", 
        "name": "GXChain", 
        "symbol": "GXS", 
        "rank": "74", 
        "price_usd": "2.47389", 
        "price_btc": "0.00036356", 
        "24h_volume_usd": "12876700.0", 
        "market_cap_usd": "148433400.0", 
        "available_supply": "60000000.0", 
        "total_supply": "100000000.0", 
        "max_supply": "100000000.0", 
        "percent_change_1h": "-0.57", 
        "percent_change_24h": "2.46", 
        "percent_change_7d": "-9.93", 
        "last_updated": "1523402351"
    }, 
    {
        "id": "syscoin", 
        "name": "Syscoin", 
        "symbol": "SYS", 
        "rank": "75", 
        "price_usd": "0.276761", 
        "price_btc": "0.00004067", 
        "24h_volume_usd": "1489880.0", 
        "market_cap_usd": "147294380.0", 
        "available_supply": "532207861.0", 
        "total_supply": "532207861.0", 
        "max_supply": "888000000.0", 
        "percent_change_1h": "-0.21", 
        "percent_change_24h": "2.91", 
        "percent_change_7d": "-8.21", 
        "last_updated": "1523402343"
    }, 
    {
        "id": "revain", 
        "name": "Revain", 
        "symbol": "R", 
        "rank": "76", 
        "price_usd": "0.77643", 
        "price_btc": "0.0001141", 
        "24h_volume_usd": "2985340.0", 
        "market_cap_usd": "143212514.0", 
        "available_supply": "184450000.0", 
        "total_supply": "484450000.0", 
        "max_supply": "484450000.0", 
        "percent_change_1h": "-0.63", 
        "percent_change_24h": "0.14", 
        "percent_change_7d": "-4.7", 
        "last_updated": "1523402356"
    }, 
    {
        "id": "electroneum", 
        "name": "Electroneum", 
        "symbol": "ETN", 
        "rank": "77", 
        "price_usd": "0.0211133", 
        "price_btc": "0.00000310", 
        "24h_volume_usd": "708766.0", 
        "market_cap_usd": "140930168.0", 
        "available_supply": "6674947461.0", 
        "total_supply": "6674947461.0", 
        "max_supply": "21000000000.0", 
        "percent_change_1h": "-0.45", 
        "percent_change_24h": "-0.57", 
        "percent_change_7d": "-5.54", 
        "last_updated": "1523402356"
    }, 
    {
        "id": "kyber-network", 
        "name": "Kyber Network", 
        "symbol": "KNC", 
        "rank": "78", 
        "price_usd": "1.0364", 
        "price_btc": "0.00015231", 
        "24h_volume_usd": "8358960.0", 
        "market_cap_usd": "139015127.0", 
        "available_supply": "134132697.0", 
        "total_supply": "215625349.0", 
        "max_supply": null, 
        "percent_change_1h": "-1.15", 
        "percent_change_24h": "5.21", 
        "percent_change_7d": "0.02", 
        "last_updated": "1523402354"
    }, 
    {
        "id": "funfair", 
        "name": "FunFair", 
        "symbol": "FUN", 
        "rank": "79", 
        "price_usd": "0.0293536", 
        "price_btc": "0.00000431", 
        "24h_volume_usd": "680158.0", 
        "market_cap_usd": "138650943.0", 
        "available_supply": "4723473189.0", 
        "total_supply": "10999873621.0", 
        "max_supply": null, 
        "percent_change_1h": "-0.49", 
        "percent_change_24h": "1.96", 
        "percent_change_7d": "-9.25", 
        "last_updated": "1523402351"
    }, 
    {
        "id": "skycoin", 
        "name": "Skycoin", 
        "symbol": "SKY", 
        "rank": "80", 
        "price_usd": "17.7899", 
        "price_btc": "0.00261436", 
        "24h_volume_usd": "6789960.0", 
        "market_cap_usd": "138533883.0", 
        "available_supply": "7787221.0", 
        "total_supply": "25000000.0", 
        "max_supply": "100000000.0", 
        "percent_change_1h": "2.62", 
        "percent_change_24h": "14.93", 
        "percent_change_7d": "30.96", 
        "last_updated": "1523402350"
    }, 
    {
        "id": "reddcoin", 
        "name": "ReddCoin", 
        "symbol": "RDD", 
        "rank": "81", 
        "price_usd": "0.00450964", 
        "price_btc": "0.00000066", 
        "24h_volume_usd": "5401020.0", 
        "market_cap_usd": "129916925.0", 
        "available_supply": "28808713174.0", 
        "total_supply": "28808713174.0", 
        "max_supply": null, 
        "percent_change_1h": "2.12", 
        "percent_change_24h": "13.47", 
        "percent_change_7d": "-1.21", 
        "last_updated": "1523402341"
    }, 
    {
        "id": "zcoin", 
        "name": "ZCoin", 
        "symbol": "XZC", 
        "rank": "82", 
        "price_usd": "28.3812", 
        "price_btc": "0.00417085", 
        "24h_volume_usd": "919868.0", 
        "market_cap_usd": "127761828.0", 
        "available_supply": "4501636.0", 
        "total_supply": "4501636.0", 
        "max_supply": "21400000.0", 
        "percent_change_1h": "-0.77", 
        "percent_change_24h": "1.65", 
        "percent_change_7d": "-8.76", 
        "last_updated": "1523402347"
    }, 
    {
        "id": "nxt", 
        "name": "Nxt", 
        "symbol": "NXT", 
        "rank": "83", 
        "price_usd": "0.127278", 
        "price_btc": "0.00001870", 
        "24h_volume_usd": "5455920.0", 
        "market_cap_usd": "127150715.0", 
        "available_supply": "998999942.0", 
        "total_supply": "998999942.0", 
        "max_supply": "1000000000.0", 
        "percent_change_1h": "0.81", 
        "percent_change_24h": "8.79", 
        "percent_change_7d": "0.03", 
        "last_updated": "1523402340"
    }, 
    {
        "id": "maidsafecoin", 
        "name": "MaidSafeCoin", 
        "symbol": "MAID", 
        "rank": "84", 
        "price_usd": "0.27784", 
        "price_btc": "0.00004083", 
        "24h_volume_usd": "1133300.0", 
        "market_cap_usd": "125737162.0", 
        "available_supply": "452552412.0", 
        "total_supply": "452552412.0", 
        "max_supply": null, 
        "percent_change_1h": "-1.44", 
        "percent_change_24h": "6.4", 
        "percent_change_7d": "2.45", 
        "last_updated": "1523402342"
    }, 
    {
        "id": "mixin", 
        "name": "Mixin", 
        "symbol": "XIN", 
        "rank": "85", 
        "price_usd": "307.327", 
        "price_btc": "0.0451641", 
        "24h_volume_usd": "1134330.0", 
        "market_cap_usd": "124822800.0", 
        "available_supply": "406156.0", 
        "total_supply": "1000000.0", 
        "max_supply": null, 
        "percent_change_1h": "-1.39", 
        "percent_change_24h": "-13.7", 
        "percent_change_7d": "31.57", 
        "last_updated": "1523402359"
    }, 
    {
        "id": "chainlink", 
        "name": "ChainLink", 
        "symbol": "LINK", 
        "rank": "86", 
        "price_usd": "0.355207", 
        "price_btc": "0.00005220", 
        "24h_volume_usd": "9457170.0", 
        "market_cap_usd": "124322450.0", 
        "available_supply": "350000000.0", 
        "total_supply": "1000000000.0", 
        "max_supply": null, 
        "percent_change_1h": "0.43", 
        "percent_change_24h": "14.93", 
        "percent_change_7d": "20.73", 
        "last_updated": "1523402354"
    }, 
    {
        "id": "byteball", 
        "name": "Byteball Bytes", 
        "symbol": "GBYTE", 
        "rank": "87", 
        "price_usd": "192.228", 
        "price_btc": "0.0282494", 
        "24h_volume_usd": "346442.0", 
        "market_cap_usd": "124029745.0", 
        "available_supply": "645222.0", 
        "total_supply": "1000000.0", 
        "max_supply": null, 
        "percent_change_1h": "-0.12", 
        "percent_change_24h": "5.21", 
        "percent_change_7d": "2.92", 
        "last_updated": "1523402348"
    }, 
    {
        "id": "salt", 
        "name": "SALT", 
        "symbol": "SALT", 
        "rank": "88", 
        "price_usd": "2.15039", 
        "price_btc": "0.00031602", 
        "24h_volume_usd": "13096900.0", 
        "market_cap_usd": "121208292.0", 
        "available_supply": "56365726.0", 
        "total_supply": "120000000.0", 
        "max_supply": null, 
        "percent_change_1h": "-1.52", 
        "percent_change_24h": "6.35", 
        "percent_change_7d": "-2.52", 
        "last_updated": "1523402354"
    }, 
    {
        "id": "nucleus-vision", 
        "name": "Nucleus Vision", 
        "symbol": "NCASH", 
        "rank": "89", 
        "price_usd": "0.0292652", 
        "price_btc": "0.00000430", 
        "24h_volume_usd": "19579100.0", 
        "market_cap_usd": "117429402.0", 
        "available_supply": "4012595236.0", 
        "total_supply": "10000000000.0", 
        "max_supply": null, 
        "percent_change_1h": "-1.33", 
        "percent_change_24h": "6.93", 
        "percent_change_7d": "5.26", 
        "last_updated": "1523402361"
    }, 
    {
        "id": "storm", 
        "name": "Storm", 
        "symbol": "STORM", 
        "rank": "90", 
        "price_usd": "0.0285806", 
        "price_btc": "0.00000420", 
        "24h_volume_usd": "16243000.0", 
        "market_cap_usd": "116861873.0", 
        "available_supply": "4088853037.0", 
        "total_supply": "10000000000.0", 
        "max_supply": null, 
        "percent_change_1h": "-1.07", 
        "percent_change_24h": "0.65", 
        "percent_change_7d": "-11.62", 
        "last_updated": "1523402358"
    }, 
    {
        "id": "power-ledger", 
        "name": "Power Ledger", 
        "symbol": "POWR", 
        "rank": "91", 
        "price_usd": "0.308877", 
        "price_btc": "0.00004539", 
        "24h_volume_usd": "6456270.0", 
        "market_cap_usd": "112410517.0", 
        "available_supply": "363932947.0", 
        "total_supply": "1000000000.0", 
        "max_supply": null, 
        "percent_change_1h": "-1.15", 
        "percent_change_24h": "3.69", 
        "percent_change_7d": "-11.7", 
        "last_updated": "1523402356"
    }, 
    {
        "id": "particl", 
        "name": "Particl", 
        "symbol": "PART", 
        "rank": "92", 
        "price_usd": "12.3829", 
        "price_btc": "0.00181976", 
        "24h_volume_usd": "2125800.0", 
        "market_cap_usd": "110592950.0", 
        "available_supply": "8931103.0", 
        "total_supply": "8931103.0", 
        "max_supply": null, 
        "percent_change_1h": "0.63", 
        "percent_change_24h": "-0.07", 
        "percent_change_7d": "17.05", 
        "last_updated": "1523402352"
    }, 
    {
        "id": "bancor", 
        "name": "Bancor", 
        "symbol": "BNT", 
        "rank": "93", 
        "price_usd": "2.42009", 
        "price_btc": "0.00035565", 
        "24h_volume_usd": "5033480.0", 
        "market_cap_usd": "109006285.0", 
        "available_supply": "45042244.0", 
        "total_supply": "74716805.0", 
        "max_supply": null, 
        "percent_change_1h": "-0.56", 
        "percent_change_24h": "5.2", 
        "percent_change_7d": "3.51", 
        "last_updated": "1523402351"
    }, 
    {
        "id": "wax", 
        "name": "WAX", 
        "symbol": "WAX", 
        "rank": "94", 
        "price_usd": "0.17579", 
        "price_btc": "0.00002583", 
        "24h_volume_usd": "3835670.0", 
        "market_cap_usd": "108815924.0", 
        "available_supply": "619010888.0", 
        "total_supply": "1850000000.0", 
        "max_supply": null, 
        "percent_change_1h": "-0.11", 
        "percent_change_24h": "7.68", 
        "percent_change_7d": "3.94", 
        "last_updated": "1523402358"
    }, 
    {
        "id": "enigma-project", 
        "name": "Enigma", 
        "symbol": "ENG", 
        "rank": "95", 
        "price_usd": "1.39717", 
        "price_btc": "0.00020532", 
        "24h_volume_usd": "5564430.0", 
        "market_cap_usd": "104558853.0", 
        "available_supply": "74836171.0", 
        "total_supply": "150000000.0", 
        "max_supply": null, 
        "percent_change_1h": "-1.0", 
        "percent_change_24h": "3.19", 
        "percent_change_7d": "-7.86", 
        "last_updated": "1523402355"
    }, 
    {
        "id": "request-network", 
        "name": "Request Network", 
        "symbol": "REQ", 
        "rank": "96", 
        "price_usd": "0.157353", 
        "price_btc": "0.00002312", 
        "24h_volume_usd": "3020850.0", 
        "market_cap_usd": "104318947.0", 
        "available_supply": "662961287.0", 
        "total_supply": "999999783.0", 
        "max_supply": null, 
        "percent_change_1h": "-1.06", 
        "percent_change_24h": "1.01", 
        "percent_change_7d": "-5.6", 
        "last_updated": "1523402356"
    }, 
    {
        "id": "dent", 
        "name": "Dent", 
        "symbol": "DENT", 
        "rank": "97", 
        "price_usd": "0.00978769", 
        "price_btc": "0.00000144", 
        "24h_volume_usd": "817974.0", 
        "market_cap_usd": "103893990.0", 
        "available_supply": "10614760961.0", 
        "total_supply": "100000000000", 
        "max_supply": null, 
        "percent_change_1h": "-0.13", 
        "percent_change_24h": "-0.06", 
        "percent_change_7d": "-14.55", 
        "last_updated": "1523402352"
    }, 
    {
        "id": "neblio", 
        "name": "Neblio", 
        "symbol": "NEBL", 
        "rank": "98", 
        "price_usd": "7.81389", 
        "price_btc": "0.00114831", 
        "24h_volume_usd": "9058340.0", 
        "market_cap_usd": "101499006.0", 
        "available_supply": "12989562.0", 
        "total_supply": "13746484.0", 
        "max_supply": null, 
        "percent_change_1h": "-1.51", 
        "percent_change_24h": "4.86", 
        "percent_change_7d": "-2.67", 
        "last_updated": "1523402354"
    }, 
    {
        "id": "storj", 
        "name": "Storj", 
        "symbol": "STORJ", 
        "rank": "99", 
        "price_usd": "0.748824", 
        "price_btc": "0.00011005", 
        "24h_volume_usd": "10692500.0", 
        "market_cap_usd": "99912211.0", 
        "available_supply": "133425493.0", 
        "total_supply": "424999998.0", 
        "max_supply": null, 
        "percent_change_1h": "-0.92", 
        "percent_change_24h": "3.5", 
        "percent_change_7d": "-10.55", 
        "last_updated": "1523402351"
    }, 
    {
        "id": "dentacoin", 
        "name": "Dentacoin", 
        "symbol": "DCN", 
        "rank": "100", 
        "price_usd": "0.000307139", 
        "price_btc": "0.00000005", 
        "24h_volume_usd": "84327.6", 
        "market_cap_usd": "99889777.0", 
        "available_supply": "325226613094", 
        "total_supply": "1963173416169", 
        "max_supply": "8000000000000", 
        "percent_change_1h": "0.41", 
        "percent_change_24h": "4.62", 
        "percent_change_7d": "-4.42", 
        "last_updated": "1523402352"
    }
]