[
    {
        "id": "bitcoin", 
        "name": "Bitcoin", 
        "symbol": "BTC", 
        "rank": "1", 
        "price_usd": "6824.22", 
        "price_btc": "1.0", 
        "24h_volume_usd": "4298540000.0", 
        "market_cap_usd": "115799506758", 
        "available_supply": "16968900.0", 
        "total_supply": "16968900.0", 
        "max_supply": "21000000.0", 
        "percent_change_1h": "-0.45", 
        "percent_change_24h": "0.97", 
        "percent_change_7d": "-8.14", 
        "last_updated": "1523403869"
    }, 
    {
        "id": "ethereum", 
        "name": "Ethereum", 
        "symbol": "ETH", 
        "rank": "2", 
        "price_usd": "413.271", 
        "price_btc": "0.0606132", 
        "24h_volume_usd": "1197210000.0", 
        "market_cap_usd": "40807036131.0", 
        "available_supply": "98741591.0", 
        "total_supply": "98741591.0", 
        "max_supply": null, 
        "percent_change_1h": "-0.23", 
        "percent_change_24h": "4.02", 
        "percent_change_7d": "0.45", 
        "last_updated": "1523403857"
    }, 
    {
        "id": "ripple", 
        "name": "Ripple", 
        "symbol": "XRP", 
        "rank": "3", 
        "price_usd": "0.49157", 
        "price_btc": "0.00007210", 
        "24h_volume_usd": "156244000.0", 
        "market_cap_usd": "19217693503.0", 
        "available_supply": "39094520623.0", 
        "total_supply": "99992405149.0", 
        "max_supply": "100000000000", 
        "percent_change_1h": "-0.22", 
        "percent_change_24h": "0.46", 
        "percent_change_7d": "-9.93", 
        "last_updated": "1523403841"
    }, 
    {
        "id": "bitcoin-cash", 
        "name": "Bitcoin Cash", 
        "symbol": "BCH", 
        "rank": "4", 
        "price_usd": "649.564", 
        "price_btc": "0.0952694", 
        "24h_volume_usd": "224824000.0", 
        "market_cap_usd": "11085719050.0", 
        "available_supply": "17066400.0", 
        "total_supply": "17066400.0", 
        "max_supply": "21000000.0", 
        "percent_change_1h": "-0.21", 
        "percent_change_24h": "2.29", 
        "percent_change_7d": "-7.93", 
        "last_updated": "1523403853"
    }, 
    {
        "id": "litecoin", 
        "name": "Litecoin", 
        "symbol": "LTC", 
        "rank": "5", 
        "price_usd": "114.28", 
        "price_btc": "0.016761", 
        "24h_volume_usd": "204664000.0", 
        "market_cap_usd": "6402738445.0", 
        "available_supply": "56026763.0", 
        "total_supply": "56026763.0", 
        "max_supply": "84000000.0", 
        "percent_change_1h": "0.02", 
        "percent_change_24h": "-0.51", 
        "percent_change_7d": "-13.74", 
        "last_updated": "1523403841"
    }, 
    {
        "id": "eos", 
        "name": "EOS", 
        "symbol": "EOS", 
        "rank": "6", 
        "price_usd": "5.99844", 
        "price_btc": "0.00087977", 
        "24h_volume_usd": "226092000.0", 
        "market_cap_usd": "4706927949.0", 
        "available_supply": "784692011.0", 
        "total_supply": "900000000.0", 
        "max_supply": "1000000000.0", 
        "percent_change_1h": "-0.15", 
        "percent_change_24h": "2.42", 
        "percent_change_7d": "-1.13", 
        "last_updated": "1523403851"
    }, 
    {
        "id": "cardano", 
        "name": "Cardano", 
        "symbol": "ADA", 
        "rank": "7", 
        "price_usd": "0.155845", 
        "price_btc": "0.00002286", 
        "24h_volume_usd": "56483300.0", 
        "market_cap_usd": "4040604308.0", 
        "available_supply": "25927070538.0", 
        "total_supply": "31112483745.0", 
        "max_supply": "45000000000.0", 
        "percent_change_1h": "-0.61", 
        "percent_change_24h": "2.39", 
        "percent_change_7d": "-8.51", 
        "last_updated": "1523403854"
    }, 
    {
        "id": "stellar", 
        "name": "Stellar", 
        "symbol": "XLM", 
        "rank": "8", 
        "price_usd": "0.199018", 
        "price_btc": "0.00002919", 
        "24h_volume_usd": "27088300.0", 
        "market_cap_usd": "3692032049.0", 
        "available_supply": "18551246869.0", 
        "total_supply": "103847435165", 
        "max_supply": null, 
        "percent_change_1h": "-0.35", 
        "percent_change_24h": "1.25", 
        "percent_change_7d": "-14.4", 
        "last_updated": "1523403844"
    }, 
    {
        "id": "neo", 
        "name": "NEO", 
        "symbol": "NEO", 
        "rank": "9", 
        "price_usd": "52.4264", 
        "price_btc": "0.00768921", 
        "24h_volume_usd": "93210700.0", 
        "market_cap_usd": "3407716000.0", 
        "available_supply": "65000000.0", 
        "total_supply": "100000000.0", 
        "max_supply": "100000000.0", 
        "percent_change_1h": "0.24", 
        "percent_change_24h": "0.69", 
        "percent_change_7d": "-0.68", 
        "last_updated": "1523403847"
    }, 
    {
        "id": "iota", 
        "name": "IOTA", 
        "symbol": "MIOTA", 
        "rank": "10", 
        "price_usd": "1.00507", 
        "price_btc": "0.00014741", 
        "24h_volume_usd": "21189800.0", 
        "market_cap_usd": "2793622502.0", 
        "available_supply": "2779530283.0", 
        "total_supply": "2779530283.0", 
        "max_supply": "2779530283.0", 
        "percent_change_1h": "-0.49", 
        "percent_change_24h": "2.1", 
        "percent_change_7d": "-7.81", 
        "last_updated": "1523403851"
    }, 
    {
        "id": "monero", 
        "name": "Monero", 
        "symbol": "XMR", 
        "rank": "11", 
        "price_usd": "165.643", 
        "price_btc": "0.0242944", 
        "24h_volume_usd": "31012600.0", 
        "market_cap_usd": "2636400632.0", 
        "available_supply": "15916161.0", 
        "total_supply": "15916161.0", 
        "max_supply": null, 
        "percent_change_1h": "-0.29", 
        "percent_change_24h": "-0.44", 
        "percent_change_7d": "-11.92", 
        "last_updated": "1523403842"
    }, 
    {
        "id": "tron", 
        "name": "TRON", 
        "symbol": "TRX", 
        "rank": "12", 
        "price_usd": "0.0369071", 
        "price_btc": "0.00000541", 
        "24h_volume_usd": "303460000.0", 
        "market_cap_usd": "2426572131.0", 
        "available_supply": "65748111645.0", 
        "total_supply": "100000000000", 
        "max_supply": null, 
        "percent_change_1h": "0.03", 
        "percent_change_24h": "3.84", 
        "percent_change_7d": "7.15", 
        "last_updated": "1523403854"
    }, 
    {
        "id": "dash", 
        "name": "Dash", 
        "symbol": "DASH", 
        "rank": "13", 
        "price_usd": "298.325", 
        "price_btc": "0.0437544", 
        "24h_volume_usd": "71711700.0", 
        "market_cap_usd": "2387475923.0", 
        "available_supply": "8002936.0", 
        "total_supply": "8002936.0", 
        "max_supply": "18900000.0", 
        "percent_change_1h": "0.12", 
        "percent_change_24h": "0.3", 
        "percent_change_7d": "-11.61", 
        "last_updated": "1523403842"
    }, 
    {
        "id": "tether", 
        "name": "Tether", 
        "symbol": "USDT", 
        "rank": "14", 
        "price_usd": "0.997294", 
        "price_btc": "0.00014627", 
        "24h_volume_usd": "1263270000.0", 
        "market_cap_usd": "2280951810.0", 
        "available_supply": "2287140814.0", 
        "total_supply": "2580109970.0", 
        "max_supply": null, 
        "percent_change_1h": "-0.26", 
        "percent_change_24h": "-0.16", 
        "percent_change_7d": "-0.41", 
        "last_updated": "1523403846"
    }, 
    {
        "id": "nem", 
        "name": "NEM", 
        "symbol": "XEM", 
        "rank": "15", 
        "price_usd": "0.234433", 
        "price_btc": "0.00003438", 
        "24h_volume_usd": "12811800.0", 
        "market_cap_usd": "2109897000.0", 
        "available_supply": "8999999999.0", 
        "total_supply": "8999999999.0", 
        "max_supply": null, 
        "percent_change_1h": "0.08", 
        "percent_change_24h": "2.58", 
        "percent_change_7d": "-7.33", 
        "last_updated": "1523403845"
    }, 
    {
        "id": "vechain", 
        "name": "VeChain", 
        "symbol": "VEN", 
        "rank": "16", 
        "price_usd": "2.68926", 
        "price_btc": "0.00039443", 
        "24h_volume_usd": "65604300.0", 
        "market_cap_usd": "1411244329.0", 
        "available_supply": "524770505.0", 
        "total_supply": "873378637.0", 
        "max_supply": null, 
        "percent_change_1h": "-0.25", 
        "percent_change_24h": "5.31", 
        "percent_change_7d": "-5.79", 
        "last_updated": "1523403853"
    }, 
    {
        "id": "binance-coin", 
        "name": "Binance Coin", 
        "symbol": "BNB", 
        "rank": "17", 
        "price_usd": "11.9566", 
        "price_btc": "0.00175364", 
        "24h_volume_usd": "87258300.0", 
        "market_cap_usd": "1390093496.0", 
        "available_supply": "116261604.0", 
        "total_supply": "197192382.0", 
        "max_supply": null, 
        "percent_change_1h": "0.02", 
        "percent_change_24h": "1.18", 
        "percent_change_7d": "-9.49", 
        "last_updated": "1523403852"
    }, 
    {
        "id": "ethereum-classic", 
        "name": "Ethereum Classic", 
        "symbol": "ETC", 
        "rank": "18", 
        "price_usd": "13.6514", 
        "price_btc": "0.00200221", 
        "24h_volume_usd": "73612200.0", 
        "market_cap_usd": "1380022251.0", 
        "available_supply": "101090163.0", 
        "total_supply": "101090163.0", 
        "max_supply": null, 
        "percent_change_1h": "-0.67", 
        "percent_change_24h": "0.53", 
        "percent_change_7d": "-8.87", 
        "last_updated": "1523403847"
    }, 
    {
        "id": "verge", 
        "name": "Verge", 
        "symbol": "XVG", 
        "rank": "19", 
        "price_usd": "0.0845193", 
        "price_btc": "0.00001240", 
        "24h_volume_usd": "449267000.0", 
        "market_cap_usd": "1255949618.0", 
        "available_supply": "14859915054.0", 
        "total_supply": "14859915054.0", 
        "max_supply": "16555000000.0", 
        "percent_change_1h": "0.18", 
        "percent_change_24h": "11.01", 
        "percent_change_7d": "23.45", 
        "last_updated": "1523403843"
    }, 
    {
        "id": "qtum", 
        "name": "Qtum", 
        "symbol": "QTUM", 
        "rank": "20", 
        "price_usd": "13.447", 
        "price_btc": "0.00197222", 
        "24h_volume_usd": "89600200.0", 
        "market_cap_usd": "1190243509.0", 
        "available_supply": "88513684.0", 
        "total_supply": "100513684.0", 
        "max_supply": null, 
        "percent_change_1h": "-0.69", 
        "percent_change_24h": "0.19", 
        "percent_change_7d": "-10.24", 
        "last_updated": "1523403852"
    }, 
    {
        "id": "ontology", 
        "name": "Ontology", 
        "symbol": "ONT", 
        "rank": "21", 
        "price_usd": "4.64044", 
        "price_btc": "0.0006806", 
        "24h_volume_usd": "160902000.0", 
        "market_cap_usd": "1119443277.0", 
        "available_supply": "241236451.0", 
        "total_supply": "1000000000.0", 
        "max_supply": null, 
        "percent_change_1h": "-1.57", 
        "percent_change_24h": "29.91", 
        "percent_change_7d": "101.49", 
        "last_updated": "1523403861"
    }, 
    {
        "id": "omisego", 
        "name": "OmiseGO", 
        "symbol": "OMG", 
        "rank": "22", 
        "price_usd": "9.23319", 
        "price_btc": "0.0013542", 
        "24h_volume_usd": "27964300.0", 
        "market_cap_usd": "942178269.0", 
        "available_supply": "102042552.0", 
        "total_supply": "140245398.0", 
        "max_supply": null, 
        "percent_change_1h": "-0.28", 
        "percent_change_24h": "1.96", 
        "percent_change_7d": "-1.98", 
        "last_updated": "1523403854"
    }, 
    {
        "id": "lisk", 
        "name": "Lisk", 
        "symbol": "LSK", 
        "rank": "23", 
        "price_usd": "8.48464", 
        "price_btc": "0.00124441", 
        "24h_volume_usd": "14194200.0", 
        "market_cap_usd": "880027091.0", 
        "available_supply": "103720027.0", 
        "total_supply": "119970544.0", 
        "max_supply": null, 
        "percent_change_1h": "0.02", 
        "percent_change_24h": "-0.94", 
        "percent_change_7d": "-11.68", 
        "last_updated": "1523403847"
    }, 
    {
        "id": "icon", 
        "name": "ICON", 
        "symbol": "ICX", 
        "rank": "24", 
        "price_usd": "2.10496", 
        "price_btc": "0.00030873", 
        "24h_volume_usd": "45515100.0", 
        "market_cap_usd": "814706367.0", 
        "available_supply": "387041258.0", 
        "total_supply": "400228750.0", 
        "max_supply": null, 
        "percent_change_1h": "-1.27", 
        "percent_change_24h": "5.06", 
        "percent_change_7d": "-6.98", 
        "last_updated": "1523403855"
    }, 
    {
        "id": "bitcoin-gold", 
        "name": "Bitcoin Gold", 
        "symbol": "BTG", 
        "rank": "25", 
        "price_usd": "40.7986", 
        "price_btc": "0.00598379", 
        "24h_volume_usd": "7646100.0", 
        "market_cap_usd": "690947693.0", 
        "available_supply": "16935574.0", 
        "total_supply": "17035574.0", 
        "max_supply": "21000000.0", 
        "percent_change_1h": "0.09", 
        "percent_change_24h": "-0.63", 
        "percent_change_7d": "-12.11", 
        "last_updated": "1523403855"
    }, 
    {
        "id": "zcash", 
        "name": "Zcash", 
        "symbol": "ZEC", 
        "rank": "26", 
        "price_usd": "179.202", 
        "price_btc": "0.0262829", 
        "24h_volume_usd": "33230600.0", 
        "market_cap_usd": "658351188.0", 
        "available_supply": "3673794.0", 
        "total_supply": "3673794.0", 
        "max_supply": null, 
        "percent_change_1h": "0.15", 
        "percent_change_24h": "1.2", 
        "percent_change_7d": "-12.28", 
        "last_updated": "1523403849"
    }, 
    {
        "id": "nano", 
        "name": "Nano", 
        "symbol": "NANO", 
        "rank": "27", 
        "price_usd": "4.82433", 
        "price_btc": "0.00070757", 
        "24h_volume_usd": "6642570.0", 
        "market_cap_usd": "642833719.0", 
        "available_supply": "133248289.0", 
        "total_supply": "133248289.0", 
        "max_supply": "133248290.0", 
        "percent_change_1h": "-0.44", 
        "percent_change_24h": "0.07", 
        "percent_change_7d": "-18.82", 
        "last_updated": "1523403850"
    }, 
    {
        "id": "bytom", 
        "name": "Bytom", 
        "symbol": "BTM", 
        "rank": "28", 
        "price_usd": "0.593426", 
        "price_btc": "0.00008704", 
        "24h_volume_usd": "23292800.0", 
        "market_cap_usd": "585711462.0", 
        "available_supply": "987000000.0", 
        "total_supply": "1407000000.0", 
        "max_supply": null, 
        "percent_change_1h": "2.22", 
        "percent_change_24h": "13.05", 
        "percent_change_7d": "21.92", 
        "last_updated": "1523403852"
    }, 
    {
        "id": "wanchain", 
        "name": "Wanchain", 
        "symbol": "WAN", 
        "rank": "29", 
        "price_usd": "4.44637", 
        "price_btc": "0.00065213", 
        "24h_volume_usd": "27216500.0", 
        "market_cap_usd": "471993259.0", 
        "available_supply": "106152493.0", 
        "total_supply": "210000000.0", 
        "max_supply": null, 
        "percent_change_1h": "0.99", 
        "percent_change_24h": "21.18", 
        "percent_change_7d": "29.59", 
        "last_updated": "1523403862"
    }, 
    {
        "id": "steem", 
        "name": "Steem", 
        "symbol": "STEEM", 
        "rank": "30", 
        "price_usd": "1.83563", 
        "price_btc": "0.00026923", 
        "24h_volume_usd": "2157380.0", 
        "market_cap_usd": "470200293.0", 
        "available_supply": "256151998.0", 
        "total_supply": "273126092.0", 
        "max_supply": null, 
        "percent_change_1h": "-0.4", 
        "percent_change_24h": "0.94", 
        "percent_change_7d": "-10.22", 
        "last_updated": "1523403847"
    }, 
    {
        "id": "populous", 
        "name": "Populous", 
        "symbol": "PPT", 
        "rank": "31", 
        "price_usd": "11.7454", 
        "price_btc": "0.00172266", 
        "24h_volume_usd": "1252580.0", 
        "market_cap_usd": "434627097.0", 
        "available_supply": "37004027.0", 
        "total_supply": "53252246.0", 
        "max_supply": "53252246.0", 
        "percent_change_1h": "-0.38", 
        "percent_change_24h": "1.45", 
        "percent_change_7d": "-10.51", 
        "last_updated": "1523403851"
    }, 
    {
        "id": "bytecoin-bcn", 
        "name": "Bytecoin", 
        "symbol": "BCN", 
        "rank": "32", 
        "price_usd": "0.00231399", 
        "price_btc": "0.00000034", 
        "24h_volume_usd": "4343110.0", 
        "market_cap_usd": "425382931.0", 
        "available_supply": "183830928813", 
        "total_supply": "183830928813", 
        "max_supply": "184470000000", 
        "percent_change_1h": "-0.79", 
        "percent_change_24h": "8.85", 
        "percent_change_7d": "0.35", 
        "last_updated": "1523403842"
    }, 
    {
        "id": "digixdao", 
        "name": "DigixDAO", 
        "symbol": "DGD", 
        "rank": "33", 
        "price_usd": "208.431", 
        "price_btc": "0.03057", 
        "24h_volume_usd": "10788900.0", 
        "market_cap_usd": "416862000.0", 
        "available_supply": "2000000.0", 
        "total_supply": "2000000.0", 
        "max_supply": null, 
        "percent_change_1h": "-0.08", 
        "percent_change_24h": "0.17", 
        "percent_change_7d": "-11.05", 
        "last_updated": "1523403846"
    }, 
    {
        "id": "siacoin", 
        "name": "Siacoin", 
        "symbol": "SC", 
        "rank": "34", 
        "price_usd": "0.0114625", 
        "price_btc": "0.00000168", 
        "24h_volume_usd": "8723260.0", 
        "market_cap_usd": "386288769.0", 
        "available_supply": "33700219722.0", 
        "total_supply": "33700219722.0", 
        "max_supply": null, 
        "percent_change_1h": "-0.73", 
        "percent_change_24h": "6.08", 
        "percent_change_7d": "-4.06", 
        "last_updated": "1523403846"
    }, 
    {
        "id": "bitcoin-diamond", 
        "name": "Bitcoin Diamond", 
        "symbol": "BCD", 
        "rank": "35", 
        "price_usd": "2.51192", 
        "price_btc": "0.00036842", 
        "24h_volume_usd": "1678130.0", 
        "market_cap_usd": "384398176.0", 
        "available_supply": "153029625.0", 
        "total_supply": "156029625.0", 
        "max_supply": "210000000.0", 
        "percent_change_1h": "-4.06", 
        "percent_change_24h": "5.04", 
        "percent_change_7d": "12.26", 
        "last_updated": "1523403857"
    }, 
    {
        "id": "bitshares", 
        "name": "BitShares", 
        "symbol": "BTS", 
        "rank": "36", 
        "price_usd": "0.142682", 
        "price_btc": "0.00002093", 
        "24h_volume_usd": "6476220.0", 
        "market_cap_usd": "373070625.0", 
        "available_supply": "2614700000.0", 
        "total_supply": "2614700000.0", 
        "max_supply": "3600570502.0", 
        "percent_change_1h": "-0.1", 
        "percent_change_24h": "3.24", 
        "percent_change_7d": "-5.35", 
        "last_updated": "1523403842"
    }, 
    {
        "id": "stratis", 
        "name": "Stratis", 
        "symbol": "STRAT", 
        "rank": "37", 
        "price_usd": "3.71903", 
        "price_btc": "0.00054546", 
        "24h_volume_usd": "5523300.0", 
        "market_cap_usd": "367483867.0", 
        "available_supply": "98811751.0", 
        "total_supply": "98811751.0", 
        "max_supply": null, 
        "percent_change_1h": "-0.68", 
        "percent_change_24h": "4.5", 
        "percent_change_7d": "-6.5", 
        "last_updated": "1523403847"
    }, 
    {
        "id": "rchain", 
        "name": "RChain", 
        "symbol": "RHOC", 
        "rank": "38", 
        "price_usd": "1.01838", 
        "price_btc": "0.00014936", 
        "24h_volume_usd": "1944690.0", 
        "market_cap_usd": "366229271.0", 
        "available_supply": "359619465.0", 
        "total_supply": "870663574.0", 
        "max_supply": "1000000000.0", 
        "percent_change_1h": "-1.32", 
        "percent_change_24h": "5.64", 
        "percent_change_7d": "3.22", 
        "last_updated": "1523403854"
    }, 
    {
        "id": "waves", 
        "name": "Waves", 
        "symbol": "WAVES", 
        "rank": "39", 
        "price_usd": "3.61752", 
        "price_btc": "0.00053057", 
        "24h_volume_usd": "16401500.0", 
        "market_cap_usd": "361752000.0", 
        "available_supply": "100000000.0", 
        "total_supply": "100000000.0", 
        "max_supply": null, 
        "percent_change_1h": "-0.36", 
        "percent_change_24h": "4.51", 
        "percent_change_7d": "-9.76", 
        "last_updated": "1523403847"
    }, 
    {
        "id": "decred", 
        "name": "Decred", 
        "symbol": "DCR", 
        "rank": "40", 
        "price_usd": "50.9081", 
        "price_btc": "0.00746652", 
        "24h_volume_usd": "18368800.0", 
        "market_cap_usd": "361588551.0", 
        "available_supply": "7102771.0", 
        "total_supply": "7522771.0", 
        "max_supply": "21000000.0", 
        "percent_change_1h": "-0.22", 
        "percent_change_24h": "5.77", 
        "percent_change_7d": "9.38", 
        "last_updated": "1523403846"
    }, 
    {
        "id": "maker", 
        "name": "Maker", 
        "symbol": "MKR", 
        "rank": "41", 
        "price_usd": "562.716", 
        "price_btc": "0.0825318", 
        "24h_volume_usd": "251370.0", 
        "market_cap_usd": "347886658.0", 
        "available_supply": "618228.0", 
        "total_supply": "1000000.0", 
        "max_supply": null, 
        "percent_change_1h": "0.67", 
        "percent_change_24h": "6.55", 
        "percent_change_7d": "7.63", 
        "last_updated": "1523403848"
    }, 
    {
        "id": "dogecoin", 
        "name": "Dogecoin", 
        "symbol": "DOGE", 
        "rank": "42", 
        "price_usd": "0.00304346", 
        "price_btc": "0.00000045", 
        "24h_volume_usd": "10033200.0", 
        "market_cap_usd": "346838687.0", 
        "available_supply": "113961966538", 
        "total_supply": "113961966538", 
        "max_supply": null, 
        "percent_change_1h": "-0.13", 
        "percent_change_24h": "10.5", 
        "percent_change_7d": "2.49", 
        "last_updated": "1523403842"
    }, 
    {
        "id": "aeternity", 
        "name": "Aeternity", 
        "symbol": "AE", 
        "rank": "43", 
        "price_usd": "1.35145", 
        "price_btc": "0.00019821", 
        "24h_volume_usd": "5254740.0", 
        "market_cap_usd": "314915517.0", 
        "available_supply": "233020472.0", 
        "total_supply": "273685830.0", 
        "max_supply": null, 
        "percent_change_1h": "-0.31", 
        "percent_change_24h": "2.78", 
        "percent_change_7d": "-9.72", 
        "last_updated": "1523403850"
    }, 
    {
        "id": "status", 
        "name": "Status", 
        "symbol": "SNT", 
        "rank": "44", 
        "price_usd": "0.0891658", 
        "price_btc": "0.00001308", 
        "24h_volume_usd": "19548800.0", 
        "market_cap_usd": "309448463.0", 
        "available_supply": "3470483788.0", 
        "total_supply": "6804870174.0", 
        "max_supply": null, 
        "percent_change_1h": "-0.58", 
        "percent_change_24h": "1.33", 
        "percent_change_7d": "-14.09", 
        "last_updated": "1523403851"
    }, 
    {
        "id": "0x", 
        "name": "0x", 
        "symbol": "ZRX", 
        "rank": "45", 
        "price_usd": "0.560973", 
        "price_btc": "0.00008228", 
        "24h_volume_usd": "4908500.0", 
        "market_cap_usd": "293231156.0", 
        "available_supply": "522718841.0", 
        "total_supply": "1000000000.0", 
        "max_supply": null, 
        "percent_change_1h": "0.11", 
        "percent_change_24h": "4.01", 
        "percent_change_7d": "-5.81", 
        "last_updated": "1523403853"
    }, 
    {
        "id": "zilliqa", 
        "name": "Zilliqa", 
        "symbol": "ZIL", 
        "rank": "46", 
        "price_usd": "0.0400668", 
        "price_btc": "0.00000588", 
        "24h_volume_usd": "14325000.0", 
        "market_cap_usd": "286399016.0", 
        "available_supply": "7148038186.0", 
        "total_supply": "12600000000.0", 
        "max_supply": null, 
        "percent_change_1h": "-0.65", 
        "percent_change_24h": "2.72", 
        "percent_change_7d": "-11.52", 
        "last_updated": "1523403860"
    }, 
    {
        "id": "komodo", 
        "name": "Komodo", 
        "symbol": "KMD", 
        "rank": "47", 
        "price_usd": "2.6076", 
        "price_btc": "0.00038245", 
        "24h_volume_usd": "2326930.0", 
        "market_cap_usd": "271291571.0", 
        "available_supply": "104038798.0", 
        "total_supply": "104038798.0", 
        "max_supply": null, 
        "percent_change_1h": "-2.44", 
        "percent_change_24h": "3.88", 
        "percent_change_7d": "-10.14", 
        "last_updated": "1523403849"
    }, 
    {
        "id": "augur", 
        "name": "Augur", 
        "symbol": "REP", 
        "rank": "48", 
        "price_usd": "24.6531", 
        "price_btc": "0.00361579", 
        "24h_volume_usd": "2482840.0", 
        "market_cap_usd": "271184100.0", 
        "available_supply": "11000000.0", 
        "total_supply": "11000000.0", 
        "max_supply": null, 
        "percent_change_1h": "-0.4", 
        "percent_change_24h": "1.37", 
        "percent_change_7d": "-8.21", 
        "last_updated": "1523403845"
    }, 
    {
        "id": "ardor", 
        "name": "Ardor", 
        "symbol": "ARDR", 
        "rank": "49", 
        "price_usd": "0.253259", 
        "price_btc": "0.00003714", 
        "24h_volume_usd": "2398640.0", 
        "market_cap_usd": "253005613.0", 
        "available_supply": "998999495.0", 
        "total_supply": "998999495.0", 
        "max_supply": "998999495.0", 
        "percent_change_1h": "-0.82", 
        "percent_change_24h": "4.4", 
        "percent_change_7d": "-14.49", 
        "last_updated": "1523403847"
    }, 
    {
        "id": "aion", 
        "name": "Aion", 
        "symbol": "AION", 
        "rank": "50", 
        "price_usd": "2.1259", 
        "price_btc": "0.0003118", 
        "24h_volume_usd": "9414140.0", 
        "market_cap_usd": "245158514.0", 
        "available_supply": "115319871.0", 
        "total_supply": "465934587.0", 
        "max_supply": null, 
        "percent_change_1h": "0.06", 
        "percent_change_24h": "2.56", 
        "percent_change_7d": "-3.12", 
        "last_updated": "1523403855"
    }, 
    {
        "id": "iostoken", 
        "name": "IOStoken", 
        "symbol": "IOST", 
        "rank": "51", 
        "price_usd": "0.0290866", 
        "price_btc": "0.00000427", 
        "24h_volume_usd": "45902800.0", 
        "market_cap_usd": "244327440.0", 
        "available_supply": "8400000000.0", 
        "total_supply": "21000000000.0", 
        "max_supply": null, 
        "percent_change_1h": "-0.67", 
        "percent_change_24h": "-2.28", 
        "percent_change_7d": "11.91", 
        "last_updated": "1523403859"
    }, 
    {
        "id": "loopring", 
        "name": "Loopring", 
        "symbol": "LRC", 
        "rank": "52", 
        "price_usd": "0.418949", 
        "price_btc": "0.00006145", 
        "24h_volume_usd": "6491310.0", 
        "market_cap_usd": "239669848.0", 
        "available_supply": "572074043.0", 
        "total_supply": "1374956262.0", 
        "max_supply": null, 
        "percent_change_1h": "0.06", 
        "percent_change_24h": "2.71", 
        "percent_change_7d": "5.34", 
        "last_updated": "1523403853"
    }, 
    {
        "id": "golem-network-tokens", 
        "name": "Golem", 
        "symbol": "GNT", 
        "rank": "53", 
        "price_usd": "0.279241", 
        "price_btc": "0.00004096", 
        "24h_volume_usd": "54265400.0", 
        "market_cap_usd": "232960155.0", 
        "available_supply": "834262000.0", 
        "total_supply": "1000000000.0", 
        "max_supply": null, 
        "percent_change_1h": "-3.31", 
        "percent_change_24h": "17.28", 
        "percent_change_7d": "28.71", 
        "last_updated": "1523403848"
    }, 
    {
        "id": "kucoin-shares", 
        "name": "KuCoin Shares", 
        "symbol": "KCS", 
        "rank": "54", 
        "price_usd": "2.46008", 
        "price_btc": "0.00036081", 
        "24h_volume_usd": "288824.0", 
        "market_cap_usd": "223973250.0", 
        "available_supply": "91043076.0", 
        "total_supply": "181043076.0", 
        "max_supply": null, 
        "percent_change_1h": "-0.6", 
        "percent_change_24h": "5.18", 
        "percent_change_7d": "0.34", 
        "last_updated": "1523403855"
    }, 
    {
        "id": "hshare", 
        "name": "Hshare", 
        "symbol": "HSR", 
        "rank": "55", 
        "price_usd": "5.20288", 
        "price_btc": "0.00076309", 
        "24h_volume_usd": "13526900.0", 
        "market_cap_usd": "222928526.0", 
        "available_supply": "42847140.0", 
        "total_supply": "42847140.0", 
        "max_supply": "84000000.0", 
        "percent_change_1h": "-0.25", 
        "percent_change_24h": "0.26", 
        "percent_change_7d": "-9.2", 
        "last_updated": "1523403853"
    }, 
    {
        "id": "ark", 
        "name": "Ark", 
        "symbol": "ARK", 
        "rank": "56", 
        "price_usd": "2.18361", 
        "price_btc": "0.00032026", 
        "24h_volume_usd": "1942910.0", 
        "market_cap_usd": "222326833.0", 
        "available_supply": "101816182.0", 
        "total_supply": "133066182.0", 
        "max_supply": null, 
        "percent_change_1h": "-1.59", 
        "percent_change_24h": "5.58", 
        "percent_change_7d": "-6.49", 
        "last_updated": "1523403849"
    }, 
    {
        "id": "pivx", 
        "name": "PIVX", 
        "symbol": "PIVX", 
        "rank": "57", 
        "price_usd": "3.8946", 
        "price_btc": "0.00057121", 
        "24h_volume_usd": "1442120.0", 
        "market_cap_usd": "217904785.0", 
        "available_supply": "55950492.0", 
        "total_supply": "55950492.0", 
        "max_supply": null, 
        "percent_change_1h": "-0.06", 
        "percent_change_24h": "0.22", 
        "percent_change_7d": "-6.04", 
        "last_updated": "1523403846"
    }, 
    {
        "id": "cryptonex", 
        "name": "Cryptonex", 
        "symbol": "CNX", 
        "rank": "58", 
        "price_usd": "4.7804", 
        "price_btc": "0.00070113", 
        "24h_volume_usd": "1256230.0", 
        "market_cap_usd": "216108134.0", 
        "available_supply": "45207124.0", 
        "total_supply": "106644749.0", 
        "max_supply": "210000000.0", 
        "percent_change_1h": "0.82", 
        "percent_change_24h": "1.17", 
        "percent_change_7d": "-6.35", 
        "last_updated": "1523403855"
    }, 
    {
        "id": "waltonchain", 
        "name": "Waltonchain", 
        "symbol": "WTC", 
        "rank": "59", 
        "price_usd": "8.62214", 
        "price_btc": "0.00126458", 
        "24h_volume_usd": "1875400.0", 
        "market_cap_usd": "214675576.0", 
        "available_supply": "24898178.0", 
        "total_supply": "70000000.0", 
        "max_supply": "100000000.0", 
        "percent_change_1h": "-1.0", 
        "percent_change_24h": "3.06", 
        "percent_change_7d": "-17.76", 
        "last_updated": "1523403855"
    }, 
    {
        "id": "digibyte", 
        "name": "DigiByte", 
        "symbol": "DGB", 
        "rank": "60", 
        "price_usd": "0.0201307", 
        "price_btc": "0.00000295", 
        "24h_volume_usd": "2964720.0", 
        "market_cap_usd": "203266966.0", 
        "available_supply": "10097362031.0", 
        "total_supply": "10097362031.0", 
        "max_supply": "21000000000.0", 
        "percent_change_1h": "-0.22", 
        "percent_change_24h": "10.58", 
        "percent_change_7d": "-0.13", 
        "last_updated": "1523403841"
    }, 
    {
        "id": "aelf", 
        "name": "aelf", 
        "symbol": "ELF", 
        "rank": "61", 
        "price_usd": "0.803904", 
        "price_btc": "0.00011791", 
        "24h_volume_usd": "83145500.0", 
        "market_cap_usd": "200976000.0", 
        "available_supply": "250000000.0", 
        "total_supply": "280000000.0", 
        "max_supply": "1000000000.0", 
        "percent_change_1h": "-0.02", 
        "percent_change_24h": "36.88", 
        "percent_change_7d": "41.5", 
        "last_updated": "1523403859"
    }, 
    {
        "id": "basic-attention-token", 
        "name": "Basic Attention Token", 
        "symbol": "BAT", 
        "rank": "62", 
        "price_usd": "0.196308", 
        "price_btc": "0.00002879", 
        "24h_volume_usd": "5074170.0", 
        "market_cap_usd": "196308000.0", 
        "available_supply": "1000000000.0", 
        "total_supply": "1500000000.0", 
        "max_supply": null, 
        "percent_change_1h": "-0.35", 
        "percent_change_24h": "5.15", 
        "percent_change_7d": "-6.89", 
        "last_updated": "1523403851"
    }, 
    {
        "id": "centrality", 
        "name": "Centrality", 
        "symbol": "CENNZ", 
        "rank": "63", 
        "price_usd": "0.297136", 
        "price_btc": "0.00004358", 
        "24h_volume_usd": "110695.0", 
        "market_cap_usd": "195805860.0", 
        "available_supply": "658977236.0", 
        "total_supply": "1200000000.0", 
        "max_supply": null, 
        "percent_change_1h": "0.34", 
        "percent_change_24h": "4.73", 
        "percent_change_7d": "-13.61", 
        "last_updated": "1523403862"
    }, 
    {
        "id": "monacoin", 
        "name": "MonaCoin", 
        "symbol": "MONA", 
        "rank": "64", 
        "price_usd": "3.25985", 
        "price_btc": "0.00047811", 
        "24h_volume_usd": "877092.0", 
        "market_cap_usd": "191305030.0", 
        "available_supply": "58685225.0", 
        "total_supply": "58685225.0", 
        "max_supply": null, 
        "percent_change_1h": "-0.18", 
        "percent_change_24h": "0.87", 
        "percent_change_7d": "-8.05", 
        "last_updated": "1523403842"
    }, 
    {
        "id": "qash", 
        "name": "QASH", 
        "symbol": "QASH", 
        "rank": "65", 
        "price_usd": "0.528675", 
        "price_btc": "0.00007754", 
        "24h_volume_usd": "3715260.0", 
        "market_cap_usd": "185036250.0", 
        "available_supply": "350000000.0", 
        "total_supply": "1000000000.0", 
        "max_supply": null, 
        "percent_change_1h": "0.03", 
        "percent_change_24h": "-0.04", 
        "percent_change_7d": "-14.84", 
        "last_updated": "1523403857"
    }, 
    {
        "id": "veritaseum", 
        "name": "Veritaseum", 
        "symbol": "VERI", 
        "rank": "66", 
        "price_usd": "89.6384", 
        "price_btc": "0.013147", 
        "24h_volume_usd": "327802.0", 
        "market_cap_usd": "182561639.0", 
        "available_supply": "2036645.0", 
        "total_supply": "100000000.0", 
        "max_supply": null, 
        "percent_change_1h": "-2.46", 
        "percent_change_24h": "-1.91", 
        "percent_change_7d": "-26.57", 
        "last_updated": "1523403851"
    }, 
    {
        "id": "factom", 
        "name": "Factom", 
        "symbol": "FCT", 
        "rank": "67", 
        "price_usd": "20.2536", 
        "price_btc": "0.00297054", 
        "24h_volume_usd": "485452.0", 
        "market_cap_usd": "177119798.0", 
        "available_supply": "8745102.0", 
        "total_supply": "8745102.0", 
        "max_supply": null, 
        "percent_change_1h": "-0.76", 
        "percent_change_24h": "2.69", 
        "percent_change_7d": "-5.95", 
        "last_updated": "1523403845"
    }, 
    {
        "id": "dragonchain", 
        "name": "Dragonchain", 
        "symbol": "DRGN", 
        "rank": "68", 
        "price_usd": "0.713147", 
        "price_btc": "0.00010459", 
        "24h_volume_usd": "1207900.0", 
        "market_cap_usd": "170029891.0", 
        "available_supply": "238421940.0", 
        "total_supply": "433494437.0", 
        "max_supply": null, 
        "percent_change_1h": "-1.28", 
        "percent_change_24h": "0.44", 
        "percent_change_7d": "-1.54", 
        "last_updated": "1523403857"
    }, 
    {
        "id": "elastos", 
        "name": "Elastos", 
        "symbol": "ELA", 
        "rank": "69", 
        "price_usd": "33.3864", 
        "price_btc": "0.00489668", 
        "24h_volume_usd": "13210800.0", 
        "market_cap_usd": "165762641.0", 
        "available_supply": "4964975.0", 
        "total_supply": "33379033.0", 
        "max_supply": null, 
        "percent_change_1h": "0.31", 
        "percent_change_24h": "1.29", 
        "percent_change_7d": "21.1", 
        "last_updated": "1523403861"
    }, 
    {
        "id": "nebulas-token", 
        "name": "Nebulas", 
        "symbol": "NAS", 
        "rank": "70", 
        "price_usd": "4.60026", 
        "price_btc": "0.00067471", 
        "24h_volume_usd": "8261410.0", 
        "market_cap_usd": "163309230.0", 
        "available_supply": "35500000.0", 
        "total_supply": "100000000.0", 
        "max_supply": "100000000.0", 
        "percent_change_1h": "-0.42", 
        "percent_change_24h": "4.29", 
        "percent_change_7d": "-5.7", 
        "last_updated": "1523403853"
    }, 
    {
        "id": "gas", 
        "name": "Gas", 
        "symbol": "GAS", 
        "rank": "71", 
        "price_usd": "15.4942", 
        "price_btc": "0.00227249", 
        "24h_volume_usd": "4185150.0", 
        "market_cap_usd": "155894018.0", 
        "available_supply": "10061444.0", 
        "total_supply": "16914200.0", 
        "max_supply": "100000000.0", 
        "percent_change_1h": "0.57", 
        "percent_change_24h": "3.52", 
        "percent_change_7d": "-8.9", 
        "last_updated": "1523403851"
    }, 
    {
        "id": "substratum", 
        "name": "Substratum", 
        "symbol": "SUB", 
        "rank": "72", 
        "price_usd": "0.398935", 
        "price_btc": "0.00005851", 
        "24h_volume_usd": "5129830.0", 
        "market_cap_usd": "152800483.0", 
        "available_supply": "383021000.0", 
        "total_supply": "472000000.0", 
        "max_supply": null, 
        "percent_change_1h": "0.5", 
        "percent_change_24h": "5.34", 
        "percent_change_7d": "6.35", 
        "last_updated": "1523403854"
    }, 
    {
        "id": "ethos", 
        "name": "Ethos", 
        "symbol": "ETHOS", 
        "rank": "73", 
        "price_usd": "1.98055", 
        "price_btc": "0.00029048", 
        "24h_volume_usd": "3510070.0", 
        "market_cap_usd": "151307899.0", 
        "available_supply": "76396909.0", 
        "total_supply": "222295208.0", 
        "max_supply": null, 
        "percent_change_1h": "-0.54", 
        "percent_change_24h": "2.48", 
        "percent_change_7d": "-9.39", 
        "last_updated": "1523403852"
    }, 
    {
        "id": "gxchain", 
        "name": "GXChain", 
        "symbol": "GXS", 
        "rank": "74", 
        "price_usd": "2.48035", 
        "price_btc": "0.00036378", 
        "24h_volume_usd": "12986500.0", 
        "market_cap_usd": "148821000.0", 
        "available_supply": "60000000.0", 
        "total_supply": "100000000.0", 
        "max_supply": "100000000.0", 
        "percent_change_1h": "-0.21", 
        "percent_change_24h": "2.63", 
        "percent_change_7d": "-9.67", 
        "last_updated": "1523403851"
    }, 
    {
        "id": "syscoin", 
        "name": "Syscoin", 
        "symbol": "SYS", 
        "rank": "75", 
        "price_usd": "0.277866", 
        "price_btc": "0.00004075", 
        "24h_volume_usd": "1504350.0", 
        "market_cap_usd": "147882511.0", 
        "available_supply": "532208010.0", 
        "total_supply": "532208010.0", 
        "max_supply": "888000000.0", 
        "percent_change_1h": "-0.05", 
        "percent_change_24h": "3.19", 
        "percent_change_7d": "-7.77", 
        "last_updated": "1523403843"
    }, 
    {
        "id": "revain", 
        "name": "Revain", 
        "symbol": "R", 
        "rank": "76", 
        "price_usd": "0.777689", 
        "price_btc": "0.00011406", 
        "24h_volume_usd": "2971660.0", 
        "market_cap_usd": "143444736.0", 
        "available_supply": "184450000.0", 
        "total_supply": "484450000.0", 
        "max_supply": "484450000.0", 
        "percent_change_1h": "-0.57", 
        "percent_change_24h": "0.31", 
        "percent_change_7d": "-4.6", 
        "last_updated": "1523403856"
    }, 
    {
        "id": "electroneum", 
        "name": "Electroneum", 
        "symbol": "ETN", 
        "rank": "77", 
        "price_usd": "0.0211772", 
        "price_btc": "0.00000311", 
        "24h_volume_usd": "711245.0", 
        "market_cap_usd": "141358868.0", 
        "available_supply": "6675049977.0", 
        "total_supply": "6675049977.0", 
        "max_supply": "21000000000.0", 
        "percent_change_1h": "0.06", 
        "percent_change_24h": "-0.34", 
        "percent_change_7d": "-5.31", 
        "last_updated": "1523403856"
    }, 
    {
        "id": "kyber-network", 
        "name": "Kyber Network", 
        "symbol": "KNC", 
        "rank": "78", 
        "price_usd": "1.03686", 
        "price_btc": "0.00015207", 
        "24h_volume_usd": "8432720.0", 
        "market_cap_usd": "139076828.0", 
        "available_supply": "134132697.0", 
        "total_supply": "215625349.0", 
        "max_supply": null, 
        "percent_change_1h": "-1.24", 
        "percent_change_24h": "5.06", 
        "percent_change_7d": "0.11", 
        "last_updated": "1523403854"
    }, 
    {
        "id": "funfair", 
        "name": "FunFair", 
        "symbol": "FUN", 
        "rank": "79", 
        "price_usd": "0.0293751", 
        "price_btc": "0.00000431", 
        "24h_volume_usd": "675653.0", 
        "market_cap_usd": "138752497.0", 
        "available_supply": "4723473189.0", 
        "total_supply": "10999873621.0", 
        "max_supply": null, 
        "percent_change_1h": "-0.29", 
        "percent_change_24h": "1.95", 
        "percent_change_7d": "-9.09", 
        "last_updated": "1523403853"
    }, 
    {
        "id": "skycoin", 
        "name": "Skycoin", 
        "symbol": "SKY", 
        "rank": "80", 
        "price_usd": "17.6483", 
        "price_btc": "0.00258842", 
        "24h_volume_usd": "6869730.0", 
        "market_cap_usd": "137431212.0", 
        "available_supply": "7787221.0", 
        "total_supply": "25000000.0", 
        "max_supply": "100000000.0", 
        "percent_change_1h": "1.07", 
        "percent_change_24h": "13.17", 
        "percent_change_7d": "29.78", 
        "last_updated": "1523403849"
    }, 
    {
        "id": "reddcoin", 
        "name": "ReddCoin", 
        "symbol": "RDD", 
        "rank": "81", 
        "price_usd": "0.00462206", 
        "price_btc": "0.00000068", 
        "24h_volume_usd": "5870890.0", 
        "market_cap_usd": "133155601.0", 
        "available_supply": "28808713174.0", 
        "total_supply": "28808713174.0", 
        "max_supply": null, 
        "percent_change_1h": "4.59", 
        "percent_change_24h": "16.01", 
        "percent_change_7d": "1.27", 
        "last_updated": "1523403841"
    }, 
    {
        "id": "zcoin", 
        "name": "ZCoin", 
        "symbol": "XZC", 
        "rank": "82", 
        "price_usd": "28.5519", 
        "price_btc": "0.00418762", 
        "24h_volume_usd": "916066.0", 
        "market_cap_usd": "128531687.0", 
        "available_supply": "4501686.0", 
        "total_supply": "4501686.0", 
        "max_supply": "21400000.0", 
        "percent_change_1h": "-0.26", 
        "percent_change_24h": "2.24", 
        "percent_change_7d": "-8.24", 
        "last_updated": "1523403848"
    }, 
    {
        "id": "mixin", 
        "name": "Mixin", 
        "symbol": "XIN", 
        "rank": "83", 
        "price_usd": "315.474", 
        "price_btc": "0.0462696", 
        "24h_volume_usd": "1164820.0", 
        "market_cap_usd": "128131755.0", 
        "available_supply": "406156.0", 
        "total_supply": "1000000.0", 
        "max_supply": null, 
        "percent_change_1h": "1.73", 
        "percent_change_24h": "-11.87", 
        "percent_change_7d": "35.5", 
        "last_updated": "1523403859"
    }, 
    {
        "id": "nxt", 
        "name": "Nxt", 
        "symbol": "NXT", 
        "rank": "84", 
        "price_usd": "0.127287", 
        "price_btc": "0.00001867", 
        "24h_volume_usd": "5518260.0", 
        "market_cap_usd": "127159706.0", 
        "available_supply": "998999942.0", 
        "total_supply": "998999942.0", 
        "max_supply": "1000000000.0", 
        "percent_change_1h": "0.05", 
        "percent_change_24h": "8.82", 
        "percent_change_7d": "0.03", 
        "last_updated": "1523403841"
    }, 
    {
        "id": "byteball", 
        "name": "Byteball Bytes", 
        "symbol": "GBYTE", 
        "rank": "85", 
        "price_usd": "195.238", 
        "price_btc": "0.0286349", 
        "24h_volume_usd": "346258.0", 
        "market_cap_usd": "125971863.0", 
        "available_supply": "645222.0", 
        "total_supply": "1000000.0", 
        "max_supply": null, 
        "percent_change_1h": "1.9", 
        "percent_change_24h": "6.69", 
        "percent_change_7d": "4.44", 
        "last_updated": "1523403848"
    }, 
    {
        "id": "maidsafecoin", 
        "name": "MaidSafeCoin", 
        "symbol": "MAID", 
        "rank": "86", 
        "price_usd": "0.276541", 
        "price_btc": "0.00004056", 
        "24h_volume_usd": "1131170.0", 
        "market_cap_usd": "125149297.0", 
        "available_supply": "452552412.0", 
        "total_supply": "452552412.0", 
        "max_supply": null, 
        "percent_change_1h": "-0.61", 
        "percent_change_24h": "5.56", 
        "percent_change_7d": "1.96", 
        "last_updated": "1523403842"
    }, 
    {
        "id": "chainlink", 
        "name": "ChainLink", 
        "symbol": "LINK", 
        "rank": "87", 
        "price_usd": "0.355477", 
        "price_btc": "0.00005214", 
        "24h_volume_usd": "9476570.0", 
        "market_cap_usd": "124416950.0", 
        "available_supply": "350000000.0", 
        "total_supply": "1000000000.0", 
        "max_supply": null, 
        "percent_change_1h": "-0.18", 
        "percent_change_24h": "14.28", 
        "percent_change_7d": "20.71", 
        "last_updated": "1523403855"
    }, 
    {
        "id": "salt", 
        "name": "SALT", 
        "symbol": "SALT", 
        "rank": "88", 
        "price_usd": "2.16226", 
        "price_btc": "0.00031713", 
        "24h_volume_usd": "13182300.0", 
        "market_cap_usd": "121877354.0", 
        "available_supply": "56365726.0", 
        "total_supply": "120000000.0", 
        "max_supply": null, 
        "percent_change_1h": "-0.74", 
        "percent_change_24h": "5.88", 
        "percent_change_7d": "-1.98", 
        "last_updated": "1523403856"
    }, 
    {
        "id": "nucleus-vision", 
        "name": "Nucleus Vision", 
        "symbol": "NCASH", 
        "rank": "89", 
        "price_usd": "0.029385", 
        "price_btc": "0.00000431", 
        "24h_volume_usd": "19701200.0", 
        "market_cap_usd": "117910111.0", 
        "available_supply": "4012595236.0", 
        "total_supply": "10000000000.0", 
        "max_supply": null, 
        "percent_change_1h": "0.28", 
        "percent_change_24h": "7.15", 
        "percent_change_7d": "5.6", 
        "last_updated": "1523403862"
    }, 
    {
        "id": "storm", 
        "name": "Storm", 
        "symbol": "STORM", 
        "rank": "90", 
        "price_usd": "0.0286586", 
        "price_btc": "0.00000420", 
        "24h_volume_usd": "16296200.0", 
        "market_cap_usd": "117180804.0", 
        "available_supply": "4088853037.0", 
        "total_supply": "10000000000.0", 
        "max_supply": null, 
        "percent_change_1h": "-0.53", 
        "percent_change_24h": "1.0", 
        "percent_change_7d": "-11.31", 
        "last_updated": "1523403858"
    }, 
    {
        "id": "particl", 
        "name": "Particl", 
        "symbol": "PART", 
        "rank": "91", 
        "price_usd": "12.6872", 
        "price_btc": "0.0018608", 
        "24h_volume_usd": "2173510.0", 
        "market_cap_usd": "113310684.0", 
        "available_supply": "8931103.0", 
        "total_supply": "8931103.0", 
        "max_supply": null, 
        "percent_change_1h": "2.98", 
        "percent_change_24h": "3.23", 
        "percent_change_7d": "19.9", 
        "last_updated": "1523403852"
    }, 
    {
        "id": "power-ledger", 
        "name": "Power Ledger", 
        "symbol": "POWR", 
        "rank": "92", 
        "price_usd": "0.308923", 
        "price_btc": "0.00004531", 
        "24h_volume_usd": "6525660.0", 
        "market_cap_usd": "112427258.0", 
        "available_supply": "363932947.0", 
        "total_supply": "1000000000.0", 
        "max_supply": null, 
        "percent_change_1h": "-0.7", 
        "percent_change_24h": "3.48", 
        "percent_change_7d": "-11.81", 
        "last_updated": "1523403856"
    }, 
    {
        "id": "wax", 
        "name": "WAX", 
        "symbol": "WAX", 
        "rank": "93", 
        "price_usd": "0.176659", 
        "price_btc": "0.00002591", 
        "24h_volume_usd": "3834720.0", 
        "market_cap_usd": "109353493.0", 
        "available_supply": "619008898.0", 
        "total_supply": "1850000000.0", 
        "max_supply": null, 
        "percent_change_1h": "0.21", 
        "percent_change_24h": "8.11", 
        "percent_change_7d": "4.63", 
        "last_updated": "1523403858"
    }, 
    {
        "id": "bancor", 
        "name": "Bancor", 
        "symbol": "BNT", 
        "rank": "94", 
        "price_usd": "2.42484", 
        "price_btc": "0.00035564", 
        "24h_volume_usd": "5093760.0", 
        "market_cap_usd": "109206249.0", 
        "available_supply": "45036476.0", 
        "total_supply": "74711036.0", 
        "max_supply": null, 
        "percent_change_1h": "-0.52", 
        "percent_change_24h": "5.28", 
        "percent_change_7d": "3.7", 
        "last_updated": "1523403851"
    }, 
    {
        "id": "enigma-project", 
        "name": "Enigma", 
        "symbol": "ENG", 
        "rank": "95", 
        "price_usd": "1.41917", 
        "price_btc": "0.00020814", 
        "24h_volume_usd": "5785790.0", 
        "market_cap_usd": "106205249.0", 
        "available_supply": "74836171.0", 
        "total_supply": "150000000.0", 
        "max_supply": null, 
        "percent_change_1h": "0.72", 
        "percent_change_24h": "4.78", 
        "percent_change_7d": "-6.26", 
        "last_updated": "1523403854"
    }, 
    {
        "id": "request-network", 
        "name": "Request Network", 
        "symbol": "REQ", 
        "rank": "96", 
        "price_usd": "0.157969", 
        "price_btc": "0.00002317", 
        "24h_volume_usd": "3036260.0", 
        "market_cap_usd": "104727332.0", 
        "available_supply": "662961287.0", 
        "total_supply": "999999783.0", 
        "max_supply": null, 
        "percent_change_1h": "-0.73", 
        "percent_change_24h": "1.29", 
        "percent_change_7d": "-5.23", 
        "last_updated": "1523403855"
    }, 
    {
        "id": "dent", 
        "name": "Dent", 
        "symbol": "DENT", 
        "rank": "97", 
        "price_usd": "0.00972512", 
        "price_btc": "0.00000143", 
        "24h_volume_usd": "823367.0", 
        "market_cap_usd": "103229824.0", 
        "available_supply": "10614760961.0", 
        "total_supply": "100000000000", 
        "max_supply": null, 
        "percent_change_1h": "-0.99", 
        "percent_change_24h": "-1.01", 
        "percent_change_7d": "-15.17", 
        "last_updated": "1523403852"
    }, 
    {
        "id": "neblio", 
        "name": "Neblio", 
        "symbol": "NEBL", 
        "rank": "98", 
        "price_usd": "7.86262", 
        "price_btc": "0.00115319", 
        "24h_volume_usd": "9148640.0", 
        "market_cap_usd": "102132333.0", 
        "available_supply": "12989606.0", 
        "total_supply": "13746535.0", 
        "max_supply": null, 
        "percent_change_1h": "-0.84", 
        "percent_change_24h": "5.26", 
        "percent_change_7d": "-1.99", 
        "last_updated": "1523403856"
    }, 
    {
        "id": "storj", 
        "name": "Storj", 
        "symbol": "STORJ", 
        "rank": "99", 
        "price_usd": "0.748073", 
        "price_btc": "0.00010972", 
        "24h_volume_usd": "10716100.0", 
        "market_cap_usd": "99812009.0", 
        "available_supply": "133425493.0", 
        "total_supply": "424999998.0", 
        "max_supply": null, 
        "percent_change_1h": "-0.71", 
        "percent_change_24h": "2.87", 
        "percent_change_7d": "-10.7", 
        "last_updated": "1523403851"
    }, 
    {
        "id": "dentacoin", 
        "name": "Dentacoin", 
        "symbol": "DCN", 
        "rank": "100", 
        "price_usd": "0.000300959", 
        "price_btc": "0.00000004", 
        "24h_volume_usd": "83577.1", 
        "market_cap_usd": "97879876.0", 
        "available_supply": "325226613094", 
        "total_supply": "1963173416169", 
        "max_supply": "8000000000000", 
        "percent_change_1h": "-2.14", 
        "percent_change_24h": "1.99", 
        "percent_change_7d": "-6.6", 
        "last_updated": "1523403852"
    }
]