[
    {
        "id": "bitcoin", 
        "name": "Bitcoin", 
        "symbol": "BTC", 
        "rank": "1", 
        "price_usd": "6830.34", 
        "price_btc": "1.0", 
        "24h_volume_usd": "4299920000.0", 
        "market_cap_usd": "115903356426", 
        "available_supply": "16968900.0", 
        "total_supply": "16968900.0", 
        "max_supply": "21000000.0", 
        "percent_change_1h": "-0.31", 
        "percent_change_24h": "1.06", 
        "percent_change_7d": "-8.06", 
        "last_updated": "1523404167"
    }, 
    {
        "id": "ethereum", 
        "name": "Ethereum", 
        "symbol": "ETH", 
        "rank": "2", 
        "price_usd": "413.812", 
        "price_btc": "0.060584", 
        "24h_volume_usd": "1199610000.0", 
        "market_cap_usd": "40860455332.0", 
        "available_supply": "98741591.0", 
        "total_supply": "98741591.0", 
        "max_supply": null, 
        "percent_change_1h": "0.11", 
        "percent_change_24h": "4.14", 
        "percent_change_7d": "0.58", 
        "last_updated": "1523404155"
    }, 
    {
        "id": "ripple", 
        "name": "Ripple", 
        "symbol": "XRP", 
        "rank": "3", 
        "price_usd": "0.491977", 
        "price_btc": "0.00007203", 
        "24h_volume_usd": "156250000.0", 
        "market_cap_usd": "19233604973.0", 
        "available_supply": "39094520623.0", 
        "total_supply": "99992405149.0", 
        "max_supply": "100000000000", 
        "percent_change_1h": "-0.11", 
        "percent_change_24h": "0.55", 
        "percent_change_7d": "-9.86", 
        "last_updated": "1523404141"
    }, 
    {
        "id": "bitcoin-cash", 
        "name": "Bitcoin Cash", 
        "symbol": "BCH", 
        "rank": "4", 
        "price_usd": "650.087", 
        "price_btc": "0.0951759", 
        "24h_volume_usd": "225389000.0", 
        "market_cap_usd": "11094644777.0", 
        "available_supply": "17066400.0", 
        "total_supply": "17066400.0", 
        "max_supply": "21000000.0", 
        "percent_change_1h": "-0.03", 
        "percent_change_24h": "2.36", 
        "percent_change_7d": "-7.84", 
        "last_updated": "1523404153"
    }, 
    {
        "id": "litecoin", 
        "name": "Litecoin", 
        "symbol": "LTC", 
        "rank": "5", 
        "price_usd": "114.325", 
        "price_btc": "0.0167377", 
        "24h_volume_usd": "204919000.0", 
        "market_cap_usd": "6405259649.0", 
        "available_supply": "56026763.0", 
        "total_supply": "56026763.0", 
        "max_supply": "84000000.0", 
        "percent_change_1h": "0.13", 
        "percent_change_24h": "-0.48", 
        "percent_change_7d": "-13.72", 
        "last_updated": "1523404141"
    }, 
    {
        "id": "eos", 
        "name": "EOS", 
        "symbol": "EOS", 
        "rank": "6", 
        "price_usd": "6.00339", 
        "price_btc": "0.00087893", 
        "24h_volume_usd": "226045000.0", 
        "market_cap_usd": "4710812174.0", 
        "available_supply": "784692011.0", 
        "total_supply": "900000000.0", 
        "max_supply": "1000000000.0", 
        "percent_change_1h": "0.28", 
        "percent_change_24h": "2.49", 
        "percent_change_7d": "-1.05", 
        "last_updated": "1523404152"
    }, 
    {
        "id": "cardano", 
        "name": "Cardano", 
        "symbol": "ADA", 
        "rank": "7", 
        "price_usd": "0.156585", 
        "price_btc": "0.00002292", 
        "24h_volume_usd": "56308600.0", 
        "market_cap_usd": "4059790340.0", 
        "available_supply": "25927070538.0", 
        "total_supply": "31112483745.0", 
        "max_supply": "45000000000.0", 
        "percent_change_1h": "0.08", 
        "percent_change_24h": "2.88", 
        "percent_change_7d": "-8.1", 
        "last_updated": "1523404154"
    }, 
    {
        "id": "stellar", 
        "name": "Stellar", 
        "symbol": "XLM", 
        "rank": "8", 
        "price_usd": "0.199356", 
        "price_btc": "0.00002919", 
        "24h_volume_usd": "27094100.0", 
        "market_cap_usd": "3698302371.0", 
        "available_supply": "18551246869.0", 
        "total_supply": "103847435165", 
        "max_supply": null, 
        "percent_change_1h": "-0.06", 
        "percent_change_24h": "1.39", 
        "percent_change_7d": "-14.26", 
        "last_updated": "1523404144"
    }, 
    {
        "id": "neo", 
        "name": "NEO", 
        "symbol": "NEO", 
        "rank": "9", 
        "price_usd": "52.4776", 
        "price_btc": "0.00768297", 
        "24h_volume_usd": "93089500.0", 
        "market_cap_usd": "3411044000.0", 
        "available_supply": "65000000.0", 
        "total_supply": "100000000.0", 
        "max_supply": "100000000.0", 
        "percent_change_1h": "0.53", 
        "percent_change_24h": "0.77", 
        "percent_change_7d": "-0.57", 
        "last_updated": "1523404148"
    }, 
    {
        "id": "iota", 
        "name": "IOTA", 
        "symbol": "MIOTA", 
        "rank": "10", 
        "price_usd": "1.00716", 
        "price_btc": "0.00014745", 
        "24h_volume_usd": "21216000.0", 
        "market_cap_usd": "2799431720.0", 
        "available_supply": "2779530283.0", 
        "total_supply": "2779530283.0", 
        "max_supply": "2779530283.0", 
        "percent_change_1h": "-0.12", 
        "percent_change_24h": "2.28", 
        "percent_change_7d": "-7.61", 
        "last_updated": "1523404151"
    }, 
    {
        "id": "monero", 
        "name": "Monero", 
        "symbol": "XMR", 
        "rank": "11", 
        "price_usd": "165.644", 
        "price_btc": "0.0242511", 
        "24h_volume_usd": "31167100.0", 
        "market_cap_usd": "2636416548.0", 
        "available_supply": "15916161.0", 
        "total_supply": "15916161.0", 
        "max_supply": null, 
        "percent_change_1h": "-0.25", 
        "percent_change_24h": "-0.45", 
        "percent_change_7d": "-11.92", 
        "last_updated": "1523404143"
    }, 
    {
        "id": "tron", 
        "name": "TRON", 
        "symbol": "TRX", 
        "rank": "12", 
        "price_usd": "0.0369735", 
        "price_btc": "0.00000541", 
        "24h_volume_usd": "304030000.0", 
        "market_cap_usd": "2430937806.0", 
        "available_supply": "65748111645.0", 
        "total_supply": "100000000000", 
        "max_supply": null, 
        "percent_change_1h": "0.34", 
        "percent_change_24h": "4.02", 
        "percent_change_7d": "7.36", 
        "last_updated": "1523404154"
    }, 
    {
        "id": "dash", 
        "name": "Dash", 
        "symbol": "DASH", 
        "rank": "13", 
        "price_usd": "298.872", 
        "price_btc": "0.0437562", 
        "24h_volume_usd": "71728300.0", 
        "market_cap_usd": "2391853529.0", 
        "available_supply": "8002936.0", 
        "total_supply": "8002936.0", 
        "max_supply": "18900000.0", 
        "percent_change_1h": "0.37", 
        "percent_change_24h": "0.47", 
        "percent_change_7d": "-11.44", 
        "last_updated": "1523404141"
    }, 
    {
        "id": "tether", 
        "name": "Tether", 
        "symbol": "USDT", 
        "rank": "14", 
        "price_usd": "0.998841", 
        "price_btc": "0.00014624", 
        "24h_volume_usd": "1264100000.0", 
        "market_cap_usd": "2284490017.0", 
        "available_supply": "2287140814.0", 
        "total_supply": "2580109970.0", 
        "max_supply": null, 
        "percent_change_1h": "-0.13", 
        "percent_change_24h": "-0.01", 
        "percent_change_7d": "-0.26", 
        "last_updated": "1523404145"
    }, 
    {
        "id": "nem", 
        "name": "NEM", 
        "symbol": "XEM", 
        "rank": "15", 
        "price_usd": "0.23495", 
        "price_btc": "0.00003440", 
        "24h_volume_usd": "12859500.0", 
        "market_cap_usd": "2114550000.0", 
        "available_supply": "8999999999.0", 
        "total_supply": "8999999999.0", 
        "max_supply": null, 
        "percent_change_1h": "0.35", 
        "percent_change_24h": "2.8", 
        "percent_change_7d": "-7.12", 
        "last_updated": "1523404144"
    }, 
    {
        "id": "vechain", 
        "name": "VeChain", 
        "symbol": "VEN", 
        "rank": "16", 
        "price_usd": "2.69183", 
        "price_btc": "0.0003941", 
        "24h_volume_usd": "65666200.0", 
        "market_cap_usd": "1412592989.0", 
        "available_supply": "524770505.0", 
        "total_supply": "873378637.0", 
        "max_supply": null, 
        "percent_change_1h": "-0.01", 
        "percent_change_24h": "5.44", 
        "percent_change_7d": "-5.68", 
        "last_updated": "1523404153"
    }, 
    {
        "id": "binance-coin", 
        "name": "Binance Coin", 
        "symbol": "BNB", 
        "rank": "17", 
        "price_usd": "11.996", 
        "price_btc": "0.00175628", 
        "24h_volume_usd": "87588800.0", 
        "market_cap_usd": "1394674203.0", 
        "available_supply": "116261604.0", 
        "total_supply": "197192382.0", 
        "max_supply": null, 
        "percent_change_1h": "0.37", 
        "percent_change_24h": "1.47", 
        "percent_change_7d": "-9.16", 
        "last_updated": "1523404152"
    }, 
    {
        "id": "ethereum-classic", 
        "name": "Ethereum Classic", 
        "symbol": "ETC", 
        "rank": "18", 
        "price_usd": "13.6639", 
        "price_btc": "0.00200047", 
        "24h_volume_usd": "73634200.0", 
        "market_cap_usd": "1381285878.0", 
        "available_supply": "101090163.0", 
        "total_supply": "101090163.0", 
        "max_supply": null, 
        "percent_change_1h": "-0.31", 
        "percent_change_24h": "0.62", 
        "percent_change_7d": "-8.78", 
        "last_updated": "1523404148"
    }, 
    {
        "id": "verge", 
        "name": "Verge", 
        "symbol": "XVG", 
        "rank": "19", 
        "price_usd": "0.0843728", 
        "price_btc": "0.00001235", 
        "24h_volume_usd": "447772000.0", 
        "market_cap_usd": "1253772641.0", 
        "available_supply": "14859915054.0", 
        "total_supply": "14859915054.0", 
        "max_supply": "16555000000.0", 
        "percent_change_1h": "0.08", 
        "percent_change_24h": "10.8", 
        "percent_change_7d": "23.14", 
        "last_updated": "1523404143"
    }, 
    {
        "id": "qtum", 
        "name": "Qtum", 
        "symbol": "QTUM", 
        "rank": "20", 
        "price_usd": "13.5069", 
        "price_btc": "0.00197748", 
        "24h_volume_usd": "89953200.0", 
        "market_cap_usd": "1195545478.0", 
        "available_supply": "88513684.0", 
        "total_supply": "100513684.0", 
        "max_supply": null, 
        "percent_change_1h": "-0.16", 
        "percent_change_24h": "0.66", 
        "percent_change_7d": "-9.83", 
        "last_updated": "1523404150"
    }, 
    {
        "id": "ontology", 
        "name": "Ontology", 
        "symbol": "ONT", 
        "rank": "21", 
        "price_usd": "4.65002", 
        "price_btc": "0.00068079", 
        "24h_volume_usd": "161465000.0", 
        "market_cap_usd": "1121754322.0", 
        "available_supply": "241236451.0", 
        "total_supply": "1000000000.0", 
        "max_supply": null, 
        "percent_change_1h": "-0.96", 
        "percent_change_24h": "30.02", 
        "percent_change_7d": "101.89", 
        "last_updated": "1523404161"
    }, 
    {
        "id": "omisego", 
        "name": "OmiseGO", 
        "symbol": "OMG", 
        "rank": "22", 
        "price_usd": "9.25455", 
        "price_btc": "0.00135491", 
        "24h_volume_usd": "28089300.0", 
        "market_cap_usd": "944357897.0", 
        "available_supply": "102042552.0", 
        "total_supply": "140245398.0", 
        "max_supply": null, 
        "percent_change_1h": "0.14", 
        "percent_change_24h": "2.18", 
        "percent_change_7d": "-1.73", 
        "last_updated": "1523404152"
    }, 
    {
        "id": "lisk", 
        "name": "Lisk", 
        "symbol": "LSK", 
        "rank": "23", 
        "price_usd": "8.52781", 
        "price_btc": "0.00124851", 
        "24h_volume_usd": "14262800.0", 
        "market_cap_usd": "884504685.0", 
        "available_supply": "103720027.0", 
        "total_supply": "119970544.0", 
        "max_supply": null, 
        "percent_change_1h": "0.6", 
        "percent_change_24h": "-0.44", 
        "percent_change_7d": "-11.22", 
        "last_updated": "1523404146"
    }, 
    {
        "id": "icon", 
        "name": "ICON", 
        "symbol": "ICX", 
        "rank": "24", 
        "price_usd": "2.11707", 
        "price_btc": "0.00030995", 
        "24h_volume_usd": "45568800.0", 
        "market_cap_usd": "819393437.0", 
        "available_supply": "387041258.0", 
        "total_supply": "400228750.0", 
        "max_supply": null, 
        "percent_change_1h": "-0.6", 
        "percent_change_24h": "5.67", 
        "percent_change_7d": "-6.44", 
        "last_updated": "1523404155"
    }, 
    {
        "id": "bitcoin-gold", 
        "name": "Bitcoin Gold", 
        "symbol": "BTG", 
        "rank": "25", 
        "price_usd": "40.8317", 
        "price_btc": "0.00597795", 
        "24h_volume_usd": "7654230.0", 
        "market_cap_usd": "691508260.0", 
        "available_supply": "16935574.0", 
        "total_supply": "17035574.0", 
        "max_supply": "21000000.0", 
        "percent_change_1h": "0.25", 
        "percent_change_24h": "-0.55", 
        "percent_change_7d": "-12.01", 
        "last_updated": "1523404155"
    }, 
    {
        "id": "zcash", 
        "name": "Zcash", 
        "symbol": "ZEC", 
        "rank": "26", 
        "price_usd": "179.302", 
        "price_btc": "0.0262507", 
        "24h_volume_usd": "33252900.0", 
        "market_cap_usd": "658718567.0", 
        "available_supply": "3673794.0", 
        "total_supply": "3673794.0", 
        "max_supply": null, 
        "percent_change_1h": "0.27", 
        "percent_change_24h": "1.24", 
        "percent_change_7d": "-12.22", 
        "last_updated": "1523404149"
    }, 
    {
        "id": "nano", 
        "name": "Nano", 
        "symbol": "NANO", 
        "rank": "27", 
        "price_usd": "4.84528", 
        "price_btc": "0.00070937", 
        "24h_volume_usd": "6655800.0", 
        "market_cap_usd": "645625271.0", 
        "available_supply": "133248289.0", 
        "total_supply": "133248289.0", 
        "max_supply": "133248290.0", 
        "percent_change_1h": "0.04", 
        "percent_change_24h": "0.48", 
        "percent_change_7d": "-18.46", 
        "last_updated": "1523404149"
    }, 
    {
        "id": "bytom", 
        "name": "Bytom", 
        "symbol": "BTM", 
        "rank": "28", 
        "price_usd": "0.596031", 
        "price_btc": "0.00008726", 
        "24h_volume_usd": "23499900.0", 
        "market_cap_usd": "588282597.0", 
        "available_supply": "987000000.0", 
        "total_supply": "1407000000.0", 
        "max_supply": null, 
        "percent_change_1h": "2.46", 
        "percent_change_24h": "13.53", 
        "percent_change_7d": "22.46", 
        "last_updated": "1523404152"
    }, 
    {
        "id": "wanchain", 
        "name": "Wanchain", 
        "symbol": "WAN", 
        "rank": "29", 
        "price_usd": "4.46997", 
        "price_btc": "0.00065442", 
        "24h_volume_usd": "27373500.0", 
        "market_cap_usd": "474498458.0", 
        "available_supply": "106152493.0", 
        "total_supply": "210000000.0", 
        "max_supply": null, 
        "percent_change_1h": "1.68", 
        "percent_change_24h": "21.79", 
        "percent_change_7d": "30.26", 
        "last_updated": "1523404162"
    }, 
    {
        "id": "steem", 
        "name": "Steem", 
        "symbol": "STEEM", 
        "rank": "30", 
        "price_usd": "1.83851", 
        "price_btc": "0.00026917", 
        "24h_volume_usd": "2164270.0", 
        "market_cap_usd": "470938011.0", 
        "available_supply": "256151998.0", 
        "total_supply": "273126092.0", 
        "max_supply": null, 
        "percent_change_1h": "-0.09", 
        "percent_change_24h": "1.09", 
        "percent_change_7d": "-10.07", 
        "last_updated": "1523404147"
    }, 
    {
        "id": "populous", 
        "name": "Populous", 
        "symbol": "PPT", 
        "rank": "31", 
        "price_usd": "11.7206", 
        "price_btc": "0.00171596", 
        "24h_volume_usd": "1257960.0", 
        "market_cap_usd": "433709398.0", 
        "available_supply": "37004027.0", 
        "total_supply": "53252246.0", 
        "max_supply": "53252246.0", 
        "percent_change_1h": "-0.27", 
        "percent_change_24h": "1.13", 
        "percent_change_7d": "-10.66", 
        "last_updated": "1523404152"
    }, 
    {
        "id": "bytecoin-bcn", 
        "name": "Bytecoin", 
        "symbol": "BCN", 
        "rank": "32", 
        "price_usd": "0.00231989", 
        "price_btc": "0.00000034", 
        "24h_volume_usd": "4354750.0", 
        "market_cap_usd": "426467533.0", 
        "available_supply": "183830928813", 
        "total_supply": "183830928813", 
        "max_supply": "184470000000", 
        "percent_change_1h": "-0.57", 
        "percent_change_24h": "9.15", 
        "percent_change_7d": "0.59", 
        "last_updated": "1523404142"
    }, 
    {
        "id": "digixdao", 
        "name": "DigixDAO", 
        "symbol": "DGD", 
        "rank": "33", 
        "price_usd": "209.388", 
        "price_btc": "0.0306554", 
        "24h_volume_usd": "10818100.0", 
        "market_cap_usd": "418776000.0", 
        "available_supply": "2000000.0", 
        "total_supply": "2000000.0", 
        "max_supply": null, 
        "percent_change_1h": "0.56", 
        "percent_change_24h": "0.62", 
        "percent_change_7d": "-10.62", 
        "last_updated": "1523404147"
    }, 
    {
        "id": "siacoin", 
        "name": "Siacoin", 
        "symbol": "SC", 
        "rank": "34", 
        "price_usd": "0.0114601", 
        "price_btc": "0.00000168", 
        "24h_volume_usd": "8706870.0", 
        "market_cap_usd": "386207888.0", 
        "available_supply": "33700219722.0", 
        "total_supply": "33700219722.0", 
        "max_supply": null, 
        "percent_change_1h": "-0.59", 
        "percent_change_24h": "6.03", 
        "percent_change_7d": "-4.06", 
        "last_updated": "1523404146"
    }, 
    {
        "id": "bitcoin-diamond", 
        "name": "Bitcoin Diamond", 
        "symbol": "BCD", 
        "rank": "35", 
        "price_usd": "2.50726", 
        "price_btc": "0.00036708", 
        "24h_volume_usd": "1689160.0", 
        "market_cap_usd": "383685058.0", 
        "available_supply": "153029625.0", 
        "total_supply": "156029625.0", 
        "max_supply": "210000000.0", 
        "percent_change_1h": "-4.12", 
        "percent_change_24h": "4.81", 
        "percent_change_7d": "12.07", 
        "last_updated": "1523404158"
    }, 
    {
        "id": "bitshares", 
        "name": "BitShares", 
        "symbol": "BTS", 
        "rank": "36", 
        "price_usd": "0.142885", 
        "price_btc": "0.00002092", 
        "24h_volume_usd": "6491690.0", 
        "market_cap_usd": "373601410.0", 
        "available_supply": "2614700000.0", 
        "total_supply": "2614700000.0", 
        "max_supply": "3600570502.0", 
        "percent_change_1h": "0.25", 
        "percent_change_24h": "3.36", 
        "percent_change_7d": "-5.14", 
        "last_updated": "1523404143"
    }, 
    {
        "id": "rchain", 
        "name": "RChain", 
        "symbol": "RHOC", 
        "rank": "37", 
        "price_usd": "1.03383", 
        "price_btc": "0.00015136", 
        "24h_volume_usd": "1976510.0", 
        "market_cap_usd": "371785392.0", 
        "available_supply": "359619465.0", 
        "total_supply": "870663574.0", 
        "max_supply": "1000000000.0", 
        "percent_change_1h": "0.58", 
        "percent_change_24h": "7.21", 
        "percent_change_7d": "4.76", 
        "last_updated": "1523404155"
    }, 
    {
        "id": "stratis", 
        "name": "Stratis", 
        "symbol": "STRAT", 
        "rank": "38", 
        "price_usd": "3.73703", 
        "price_btc": "0.00054712", 
        "24h_volume_usd": "5510440.0", 
        "market_cap_usd": "369262479.0", 
        "available_supply": "98811751.0", 
        "total_supply": "98811751.0", 
        "max_supply": null, 
        "percent_change_1h": "0.07", 
        "percent_change_24h": "5.0", 
        "percent_change_7d": "-6.04", 
        "last_updated": "1523404148"
    }, 
    {
        "id": "waves", 
        "name": "Waves", 
        "symbol": "WAVES", 
        "rank": "39", 
        "price_usd": "3.62201", 
        "price_btc": "0.00053028", 
        "24h_volume_usd": "16445600.0", 
        "market_cap_usd": "362201000.0", 
        "available_supply": "100000000.0", 
        "total_supply": "100000000.0", 
        "max_supply": null, 
        "percent_change_1h": "-0.02", 
        "percent_change_24h": "4.62", 
        "percent_change_7d": "-9.63", 
        "last_updated": "1523404147"
    }, 
    {
        "id": "decred", 
        "name": "Decred", 
        "symbol": "DCR", 
        "rank": "40", 
        "price_usd": "50.928", 
        "price_btc": "0.0074561", 
        "24h_volume_usd": "18412400.0", 
        "market_cap_usd": "361729896.0", 
        "available_supply": "7102771.0", 
        "total_supply": "7522771.0", 
        "max_supply": "21000000.0", 
        "percent_change_1h": "0.03", 
        "percent_change_24h": "5.79", 
        "percent_change_7d": "9.4", 
        "last_updated": "1523404146"
    }, 
    {
        "id": "maker", 
        "name": "Maker", 
        "symbol": "MKR", 
        "rank": "41", 
        "price_usd": "564.251", 
        "price_btc": "0.0826091", 
        "24h_volume_usd": "252051.0", 
        "market_cap_usd": "348835638.0", 
        "available_supply": "618228.0", 
        "total_supply": "1000000.0", 
        "max_supply": null, 
        "percent_change_1h": "1.24", 
        "percent_change_24h": "6.83", 
        "percent_change_7d": "7.89", 
        "last_updated": "1523404148"
    }, 
    {
        "id": "dogecoin", 
        "name": "Dogecoin", 
        "symbol": "DOGE", 
        "rank": "42", 
        "price_usd": "0.00305549", 
        "price_btc": "0.00000045", 
        "24h_volume_usd": "10116800.0", 
        "market_cap_usd": "348209649.0", 
        "available_supply": "113961966538", 
        "total_supply": "113961966538", 
        "max_supply": null, 
        "percent_change_1h": "0.47", 
        "percent_change_24h": "10.95", 
        "percent_change_7d": "2.88", 
        "last_updated": "1523404143"
    }, 
    {
        "id": "aeternity", 
        "name": "Aeternity", 
        "symbol": "AE", 
        "rank": "43", 
        "price_usd": "1.35592", 
        "price_btc": "0.00019851", 
        "24h_volume_usd": "5268460.0", 
        "market_cap_usd": "315957119.0", 
        "available_supply": "233020472.0", 
        "total_supply": "273685830.0", 
        "max_supply": null, 
        "percent_change_1h": "0.19", 
        "percent_change_24h": "3.09", 
        "percent_change_7d": "-9.41", 
        "last_updated": "1523404151"
    }, 
    {
        "id": "status", 
        "name": "Status", 
        "symbol": "SNT", 
        "rank": "44", 
        "price_usd": "0.0895006", 
        "price_btc": "0.00001310", 
        "24h_volume_usd": "19594900.0", 
        "market_cap_usd": "310610381.0", 
        "available_supply": "3470483788.0", 
        "total_supply": "6804870174.0", 
        "max_supply": null, 
        "percent_change_1h": "-0.19", 
        "percent_change_24h": "1.74", 
        "percent_change_7d": "-13.76", 
        "last_updated": "1523404151"
    }, 
    {
        "id": "0x", 
        "name": "0x", 
        "symbol": "ZRX", 
        "rank": "45", 
        "price_usd": "0.560679", 
        "price_btc": "0.00008209", 
        "24h_volume_usd": "4910500.0", 
        "market_cap_usd": "293077477.0", 
        "available_supply": "522718841.0", 
        "total_supply": "1000000000.0", 
        "max_supply": null, 
        "percent_change_1h": "0.15", 
        "percent_change_24h": "3.95", 
        "percent_change_7d": "-5.82", 
        "last_updated": "1523404153"
    }, 
    {
        "id": "zilliqa", 
        "name": "Zilliqa", 
        "symbol": "ZIL", 
        "rank": "46", 
        "price_usd": "0.0401239", 
        "price_btc": "0.00000587", 
        "24h_volume_usd": "14342000.0", 
        "market_cap_usd": "286807169.0", 
        "available_supply": "7148038186.0", 
        "total_supply": "12600000000.0", 
        "max_supply": null, 
        "percent_change_1h": "-0.33", 
        "percent_change_24h": "2.87", 
        "percent_change_7d": "-11.4", 
        "last_updated": "1523404161"
    }, 
    {
        "id": "augur", 
        "name": "Augur", 
        "symbol": "REP", 
        "rank": "47", 
        "price_usd": "24.7061", 
        "price_btc": "0.0036171", 
        "24h_volume_usd": "2488680.0", 
        "market_cap_usd": "271767100.0", 
        "available_supply": "11000000.0", 
        "total_supply": "11000000.0", 
        "max_supply": null, 
        "percent_change_1h": "0.09", 
        "percent_change_24h": "1.52", 
        "percent_change_7d": "-7.99", 
        "last_updated": "1523404146"
    }, 
    {
        "id": "komodo", 
        "name": "Komodo", 
        "symbol": "KMD", 
        "rank": "48", 
        "price_usd": "2.60973", 
        "price_btc": "0.00038208", 
        "24h_volume_usd": "2332870.0", 
        "market_cap_usd": "271513173.0", 
        "available_supply": "104038798.0", 
        "total_supply": "104038798.0", 
        "max_supply": null, 
        "percent_change_1h": "-2.2", 
        "percent_change_24h": "3.96", 
        "percent_change_7d": "-10.05", 
        "last_updated": "1523404149"
    }, 
    {
        "id": "ardor", 
        "name": "Ardor", 
        "symbol": "ARDR", 
        "rank": "49", 
        "price_usd": "0.253903", 
        "price_btc": "0.00003717", 
        "24h_volume_usd": "2397630.0", 
        "market_cap_usd": "253648969.0", 
        "available_supply": "998999495.0", 
        "total_supply": "998999495.0", 
        "max_supply": "998999495.0", 
        "percent_change_1h": "-0.49", 
        "percent_change_24h": "4.64", 
        "percent_change_7d": "-14.42", 
        "last_updated": "1523404147"
    }, 
    {
        "id": "aion", 
        "name": "Aion", 
        "symbol": "AION", 
        "rank": "50", 
        "price_usd": "2.14775", 
        "price_btc": "0.00031444", 
        "24h_volume_usd": "9593700.0", 
        "market_cap_usd": "247678253.0", 
        "available_supply": "115319871.0", 
        "total_supply": "465934587.0", 
        "max_supply": null, 
        "percent_change_1h": "1.08", 
        "percent_change_24h": "3.59", 
        "percent_change_7d": "-2.13", 
        "last_updated": "1523404155"
    }, 
    {
        "id": "iostoken", 
        "name": "IOStoken", 
        "symbol": "IOST", 
        "rank": "51", 
        "price_usd": "0.0291113", 
        "price_btc": "0.00000426", 
        "24h_volume_usd": "45905900.0", 
        "market_cap_usd": "244534920.0", 
        "available_supply": "8400000000.0", 
        "total_supply": "21000000000.0", 
        "max_supply": null, 
        "percent_change_1h": "-0.13", 
        "percent_change_24h": "-2.29", 
        "percent_change_7d": "11.92", 
        "last_updated": "1523404160"
    }, 
    {
        "id": "loopring", 
        "name": "Loopring", 
        "symbol": "LRC", 
        "rank": "52", 
        "price_usd": "0.419552", 
        "price_btc": "0.00006142", 
        "24h_volume_usd": "6513000.0", 
        "market_cap_usd": "240014809.0", 
        "available_supply": "572074043.0", 
        "total_supply": "1374956262.0", 
        "max_supply": null, 
        "percent_change_1h": "0.29", 
        "percent_change_24h": "2.82", 
        "percent_change_7d": "5.47", 
        "last_updated": "1523404154"
    }, 
    {
        "id": "golem-network-tokens", 
        "name": "Golem", 
        "symbol": "GNT", 
        "rank": "53", 
        "price_usd": "0.282141", 
        "price_btc": "0.00004131", 
        "24h_volume_usd": "52537300.0", 
        "market_cap_usd": "235379515.0", 
        "available_supply": "834262000.0", 
        "total_supply": "1000000000.0", 
        "max_supply": null, 
        "percent_change_1h": "-2.49", 
        "percent_change_24h": "17.57", 
        "percent_change_7d": "30.07", 
        "last_updated": "1523404148"
    }, 
    {
        "id": "kucoin-shares", 
        "name": "KuCoin Shares", 
        "symbol": "KCS", 
        "rank": "54", 
        "price_usd": "2.46958", 
        "price_btc": "0.00036156", 
        "24h_volume_usd": "291907.0", 
        "market_cap_usd": "224838160.0", 
        "available_supply": "91043076.0", 
        "total_supply": "181043076.0", 
        "max_supply": null, 
        "percent_change_1h": "0.06", 
        "percent_change_24h": "5.4", 
        "percent_change_7d": "0.73", 
        "last_updated": "1523404156"
    }, 
    {
        "id": "ark", 
        "name": "Ark", 
        "symbol": "ARK", 
        "rank": "55", 
        "price_usd": "2.18689", 
        "price_btc": "0.00032017", 
        "24h_volume_usd": "1948970.0", 
        "market_cap_usd": "222660790.0", 
        "available_supply": "101816182.0", 
        "total_supply": "133066182.0", 
        "max_supply": null, 
        "percent_change_1h": "-1.04", 
        "percent_change_24h": "5.73", 
        "percent_change_7d": "-6.33", 
        "last_updated": "1523404149"
    }, 
    {
        "id": "hshare", 
        "name": "Hshare", 
        "symbol": "HSR", 
        "rank": "56", 
        "price_usd": "5.19149", 
        "price_btc": "0.00076006", 
        "24h_volume_usd": "13595400.0", 
        "market_cap_usd": "222440497.0", 
        "available_supply": "42847140.0", 
        "total_supply": "42847140.0", 
        "max_supply": "84000000.0", 
        "percent_change_1h": "-0.26", 
        "percent_change_24h": "0.03", 
        "percent_change_7d": "-9.38", 
        "last_updated": "1523404153"
    }, 
    {
        "id": "pivx", 
        "name": "PIVX", 
        "symbol": "PIVX", 
        "rank": "57", 
        "price_usd": "3.90274", 
        "price_btc": "0.00057138", 
        "24h_volume_usd": "1440760.0", 
        "market_cap_usd": "218360222.0", 
        "available_supply": "55950492.0", 
        "total_supply": "55950492.0", 
        "max_supply": null, 
        "percent_change_1h": "0.21", 
        "percent_change_24h": "0.46", 
        "percent_change_7d": "-5.85", 
        "last_updated": "1523404146"
    }, 
    {
        "id": "cryptonex", 
        "name": "Cryptonex", 
        "symbol": "CNX", 
        "rank": "58", 
        "price_usd": "4.77014", 
        "price_btc": "0.00069837", 
        "24h_volume_usd": "1259600.0", 
        "market_cap_usd": "215644309.0", 
        "available_supply": "45207124.0", 
        "total_supply": "106644749.0", 
        "max_supply": "210000000.0", 
        "percent_change_1h": "0.75", 
        "percent_change_24h": "0.9", 
        "percent_change_7d": "-6.57", 
        "last_updated": "1523404155"
    }, 
    {
        "id": "waltonchain", 
        "name": "Waltonchain", 
        "symbol": "WTC", 
        "rank": "59", 
        "price_usd": "8.64043", 
        "price_btc": "0.001265", 
        "24h_volume_usd": "1875850.0", 
        "market_cap_usd": "215130964.0", 
        "available_supply": "24898178.0", 
        "total_supply": "70000000.0", 
        "max_supply": "100000000.0", 
        "percent_change_1h": "-0.6", 
        "percent_change_24h": "3.27", 
        "percent_change_7d": "-17.59", 
        "last_updated": "1523404154"
    }, 
    {
        "id": "aelf", 
        "name": "aelf", 
        "symbol": "ELF", 
        "rank": "60", 
        "price_usd": "0.8176", 
        "price_btc": "0.0001197", 
        "24h_volume_usd": "83582800.0", 
        "market_cap_usd": "204400000.0", 
        "available_supply": "250000000.0", 
        "total_supply": "280000000.0", 
        "max_supply": "1000000000.0", 
        "percent_change_1h": "2.04", 
        "percent_change_24h": "39.2", 
        "percent_change_7d": "43.92", 
        "last_updated": "1523404158"
    }, 
    {
        "id": "digibyte", 
        "name": "DigiByte", 
        "symbol": "DGB", 
        "rank": "61", 
        "price_usd": "0.0200812", 
        "price_btc": "0.00000294", 
        "24h_volume_usd": "2952760.0", 
        "market_cap_usd": "202767146.0", 
        "available_supply": "10097362031.0", 
        "total_supply": "10097362031.0", 
        "max_supply": "21000000000.0", 
        "percent_change_1h": "-0.26", 
        "percent_change_24h": "10.28", 
        "percent_change_7d": "-0.37", 
        "last_updated": "1523404141"
    }, 
    {
        "id": "basic-attention-token", 
        "name": "Basic Attention Token", 
        "symbol": "BAT", 
        "rank": "62", 
        "price_usd": "0.196759", 
        "price_btc": "0.00002881", 
        "24h_volume_usd": "5102950.0", 
        "market_cap_usd": "196759000.0", 
        "available_supply": "1000000000.0", 
        "total_supply": "1500000000.0", 
        "max_supply": null, 
        "percent_change_1h": "0.09", 
        "percent_change_24h": "5.38", 
        "percent_change_7d": "-6.66", 
        "last_updated": "1523404151"
    }, 
    {
        "id": "centrality", 
        "name": "Centrality", 
        "symbol": "CENNZ", 
        "rank": "63", 
        "price_usd": "0.297668", 
        "price_btc": "0.00004358", 
        "24h_volume_usd": "111050.0", 
        "market_cap_usd": "196156436.0", 
        "available_supply": "658977236.0", 
        "total_supply": "1200000000.0", 
        "max_supply": null, 
        "percent_change_1h": "0.65", 
        "percent_change_24h": "4.84", 
        "percent_change_7d": "-13.68", 
        "last_updated": "1523404162"
    }, 
    {
        "id": "monacoin", 
        "name": "MonaCoin", 
        "symbol": "MONA", 
        "rank": "64", 
        "price_usd": "3.26399", 
        "price_btc": "0.00047786", 
        "24h_volume_usd": "875384.0", 
        "market_cap_usd": "191547987.0", 
        "available_supply": "58685225.0", 
        "total_supply": "58685225.0", 
        "max_supply": null, 
        "percent_change_1h": "-0.01", 
        "percent_change_24h": "0.98", 
        "percent_change_7d": "-7.93", 
        "last_updated": "1523404142"
    }, 
    {
        "id": "qash", 
        "name": "QASH", 
        "symbol": "QASH", 
        "rank": "65", 
        "price_usd": "0.529428", 
        "price_btc": "0.00007751", 
        "24h_volume_usd": "3734160.0", 
        "market_cap_usd": "185299800.0", 
        "available_supply": "350000000.0", 
        "total_supply": "1000000000.0", 
        "max_supply": null, 
        "percent_change_1h": "0.44", 
        "percent_change_24h": "0.13", 
        "percent_change_7d": "-14.72", 
        "last_updated": "1523404157"
    }, 
    {
        "id": "veritaseum", 
        "name": "Veritaseum", 
        "symbol": "VERI", 
        "rank": "66", 
        "price_usd": "89.2405", 
        "price_btc": "0.0130652", 
        "24h_volume_usd": "326301.0", 
        "market_cap_usd": "181751257.0", 
        "available_supply": "2036645.0", 
        "total_supply": "100000000.0", 
        "max_supply": null, 
        "percent_change_1h": "-2.19", 
        "percent_change_24h": "-2.36", 
        "percent_change_7d": "-26.89", 
        "last_updated": "1523404152"
    }, 
    {
        "id": "factom", 
        "name": "Factom", 
        "symbol": "FCT", 
        "rank": "67", 
        "price_usd": "20.3029", 
        "price_btc": "0.00297245", 
        "24h_volume_usd": "484427.0", 
        "market_cap_usd": "177550931.0", 
        "available_supply": "8745102.0", 
        "total_supply": "8745102.0", 
        "max_supply": null, 
        "percent_change_1h": "-0.41", 
        "percent_change_24h": "2.95", 
        "percent_change_7d": "-5.7", 
        "last_updated": "1523404145"
    }, 
    {
        "id": "dragonchain", 
        "name": "Dragonchain", 
        "symbol": "DRGN", 
        "rank": "68", 
        "price_usd": "0.729885", 
        "price_btc": "0.00010686", 
        "24h_volume_usd": "1227900.0", 
        "market_cap_usd": "174020598.0", 
        "available_supply": "238421940.0", 
        "total_supply": "433494437.0", 
        "max_supply": null, 
        "percent_change_1h": "1.07", 
        "percent_change_24h": "2.8", 
        "percent_change_7d": "0.53", 
        "last_updated": "1523404157"
    }, 
    {
        "id": "elastos", 
        "name": "Elastos", 
        "symbol": "ELA", 
        "rank": "69", 
        "price_usd": "33.6484", 
        "price_btc": "0.00492628", 
        "24h_volume_usd": "13258300.0", 
        "market_cap_usd": "167063465.0", 
        "available_supply": "4964975.0", 
        "total_supply": "33379033.0", 
        "max_supply": null, 
        "percent_change_1h": "1.41", 
        "percent_change_24h": "2.12", 
        "percent_change_7d": "22.06", 
        "last_updated": "1523404161"
    }, 
    {
        "id": "nebulas-token", 
        "name": "Nebulas", 
        "symbol": "NAS", 
        "rank": "70", 
        "price_usd": "4.58248", 
        "price_btc": "0.0006709", 
        "24h_volume_usd": "8260030.0", 
        "market_cap_usd": "162678040.0", 
        "available_supply": "35500000.0", 
        "total_supply": "100000000.0", 
        "max_supply": "100000000.0", 
        "percent_change_1h": "-0.73", 
        "percent_change_24h": "3.88", 
        "percent_change_7d": "-6.05", 
        "last_updated": "1523404153"
    }, 
    {
        "id": "gas", 
        "name": "Gas", 
        "symbol": "GAS", 
        "rank": "71", 
        "price_usd": "15.4926", 
        "price_btc": "0.0022682", 
        "24h_volume_usd": "4192070.0", 
        "market_cap_usd": "155877920.0", 
        "available_supply": "10061444.0", 
        "total_supply": "16914200.0", 
        "max_supply": "100000000.0", 
        "percent_change_1h": "0.56", 
        "percent_change_24h": "3.5", 
        "percent_change_7d": "-8.87", 
        "last_updated": "1523404151"
    }, 
    {
        "id": "substratum", 
        "name": "Substratum", 
        "symbol": "SUB", 
        "rank": "72", 
        "price_usd": "0.399559", 
        "price_btc": "0.00005850", 
        "24h_volume_usd": "5177180.0", 
        "market_cap_usd": "153039488.0", 
        "available_supply": "383021000.0", 
        "total_supply": "472000000.0", 
        "max_supply": null, 
        "percent_change_1h": "0.61", 
        "percent_change_24h": "5.5", 
        "percent_change_7d": "6.54", 
        "last_updated": "1523404156"
    }, 
    {
        "id": "ethos", 
        "name": "Ethos", 
        "symbol": "ETHOS", 
        "rank": "73", 
        "price_usd": "1.98347", 
        "price_btc": "0.00029039", 
        "24h_volume_usd": "3502830.0", 
        "market_cap_usd": "151530978.0", 
        "available_supply": "76396909.0", 
        "total_supply": "222295208.0", 
        "max_supply": null, 
        "percent_change_1h": "0.03", 
        "percent_change_24h": "2.59", 
        "percent_change_7d": "-9.24", 
        "last_updated": "1523404152"
    }, 
    {
        "id": "gxchain", 
        "name": "GXChain", 
        "symbol": "GXS", 
        "rank": "74", 
        "price_usd": "2.48681", 
        "price_btc": "0.00036408", 
        "24h_volume_usd": "13000400.0", 
        "market_cap_usd": "149208600.0", 
        "available_supply": "60000000.0", 
        "total_supply": "100000000.0", 
        "max_supply": "100000000.0", 
        "percent_change_1h": "0.24", 
        "percent_change_24h": "2.88", 
        "percent_change_7d": "-9.43", 
        "last_updated": "1523404152"
    }, 
    {
        "id": "syscoin", 
        "name": "Syscoin", 
        "symbol": "SYS", 
        "rank": "75", 
        "price_usd": "0.277651", 
        "price_btc": "0.00004065", 
        "24h_volume_usd": "1509930.0", 
        "market_cap_usd": "147768086.0", 
        "available_supply": "532208010.0", 
        "total_supply": "532208010.0", 
        "max_supply": "888000000.0", 
        "percent_change_1h": "-0.05", 
        "percent_change_24h": "3.11", 
        "percent_change_7d": "-7.83", 
        "last_updated": "1523404143"
    }, 
    {
        "id": "revain", 
        "name": "Revain", 
        "symbol": "R", 
        "rank": "76", 
        "price_usd": "0.779262", 
        "price_btc": "0.00011409", 
        "24h_volume_usd": "2975480.0", 
        "market_cap_usd": "143734876.0", 
        "available_supply": "184450000.0", 
        "total_supply": "484450000.0", 
        "max_supply": "484450000.0", 
        "percent_change_1h": "-0.08", 
        "percent_change_24h": "0.53", 
        "percent_change_7d": "-4.41", 
        "last_updated": "1523404156"
    }, 
    {
        "id": "electroneum", 
        "name": "Electroneum", 
        "symbol": "ETN", 
        "rank": "77", 
        "price_usd": "0.0212666", 
        "price_btc": "0.00000311", 
        "24h_volume_usd": "714179.0", 
        "market_cap_usd": "141955618.0", 
        "available_supply": "6675049977.0", 
        "total_supply": "6675049977.0", 
        "max_supply": "21000000000.0", 
        "percent_change_1h": "0.53", 
        "percent_change_24h": "0.08", 
        "percent_change_7d": "-4.92", 
        "last_updated": "1523404156"
    }, 
    {
        "id": "kyber-network", 
        "name": "Kyber Network", 
        "symbol": "KNC", 
        "rank": "78", 
        "price_usd": "1.04292", 
        "price_btc": "0.00015269", 
        "24h_volume_usd": "8453320.0", 
        "market_cap_usd": "139889672.0", 
        "available_supply": "134132697.0", 
        "total_supply": "215625349.0", 
        "max_supply": null, 
        "percent_change_1h": "-0.44", 
        "percent_change_24h": "5.6", 
        "percent_change_7d": "0.7", 
        "last_updated": "1523404154"
    }, 
    {
        "id": "funfair", 
        "name": "FunFair", 
        "symbol": "FUN", 
        "rank": "79", 
        "price_usd": "0.0294265", 
        "price_btc": "0.00000431", 
        "24h_volume_usd": "676686.0", 
        "market_cap_usd": "138995284.0", 
        "available_supply": "4723473189.0", 
        "total_supply": "10999873621.0", 
        "max_supply": null, 
        "percent_change_1h": "-0.03", 
        "percent_change_24h": "2.12", 
        "percent_change_7d": "-8.92", 
        "last_updated": "1523404151"
    }, 
    {
        "id": "skycoin", 
        "name": "Skycoin", 
        "symbol": "SKY", 
        "rank": "80", 
        "price_usd": "17.6806", 
        "price_btc": "0.00258853", 
        "24h_volume_usd": "6885050.0", 
        "market_cap_usd": "137682740.0", 
        "available_supply": "7787221.0", 
        "total_supply": "25000000.0", 
        "max_supply": "100000000.0", 
        "percent_change_1h": "0.87", 
        "percent_change_24h": "13.18", 
        "percent_change_7d": "29.97", 
        "last_updated": "1523404150"
    }, 
    {
        "id": "reddcoin", 
        "name": "ReddCoin", 
        "symbol": "RDD", 
        "rank": "81", 
        "price_usd": "0.00465746", 
        "price_btc": "0.00000068", 
        "24h_volume_usd": "5962310.0", 
        "market_cap_usd": "134175429.0", 
        "available_supply": "28808713174.0", 
        "total_supply": "28808713174.0", 
        "max_supply": null, 
        "percent_change_1h": "5.16", 
        "percent_change_24h": "16.87", 
        "percent_change_7d": "2.05", 
        "last_updated": "1523404141"
    }, 
    {
        "id": "zcoin", 
        "name": "ZCoin", 
        "symbol": "XZC", 
        "rank": "82", 
        "price_usd": "28.5978", 
        "price_btc": "0.00418685", 
        "24h_volume_usd": "919140.0", 
        "market_cap_usd": "128738314.0", 
        "available_supply": "4501686.0", 
        "total_supply": "4501686.0", 
        "max_supply": "21400000.0", 
        "percent_change_1h": "-0.08", 
        "percent_change_24h": "2.4", 
        "percent_change_7d": "-8.09", 
        "last_updated": "1523404149"
    }, 
    {
        "id": "mixin", 
        "name": "Mixin", 
        "symbol": "XIN", 
        "rank": "83", 
        "price_usd": "315.822", 
        "price_btc": "0.0462379", 
        "24h_volume_usd": "1165530.0", 
        "market_cap_usd": "128273098.0", 
        "available_supply": "406156.0", 
        "total_supply": "1000000.0", 
        "max_supply": null, 
        "percent_change_1h": "2.04", 
        "percent_change_24h": "-11.85", 
        "percent_change_7d": "35.73", 
        "last_updated": "1523404158"
    }, 
    {
        "id": "nxt", 
        "name": "Nxt", 
        "symbol": "NXT", 
        "rank": "84", 
        "price_usd": "0.127593", 
        "price_btc": "0.00001868", 
        "24h_volume_usd": "5538280.0", 
        "market_cap_usd": "127465400.0", 
        "available_supply": "998999942.0", 
        "total_supply": "998999942.0", 
        "max_supply": "1000000000.0", 
        "percent_change_1h": "0.2", 
        "percent_change_24h": "9.09", 
        "percent_change_7d": "0.27", 
        "last_updated": "1523404141"
    }, 
    {
        "id": "maidsafecoin", 
        "name": "MaidSafeCoin", 
        "symbol": "MAID", 
        "rank": "85", 
        "price_usd": "0.278891", 
        "price_btc": "0.00004083", 
        "24h_volume_usd": "1133080.0", 
        "market_cap_usd": "126212795.0", 
        "available_supply": "452552412.0", 
        "total_supply": "452552412.0", 
        "max_supply": null, 
        "percent_change_1h": "0.32", 
        "percent_change_24h": "6.38", 
        "percent_change_7d": "2.83", 
        "last_updated": "1523404142"
    }, 
    {
        "id": "byteball", 
        "name": "Byteball Bytes", 
        "symbol": "GBYTE", 
        "rank": "86", 
        "price_usd": "195.584", 
        "price_btc": "0.0286344", 
        "24h_volume_usd": "347130.0", 
        "market_cap_usd": "126195110.0", 
        "available_supply": "645222.0", 
        "total_supply": "1000000.0", 
        "max_supply": null, 
        "percent_change_1h": "2.11", 
        "percent_change_24h": "6.89", 
        "percent_change_7d": "4.61", 
        "last_updated": "1523404148"
    }, 
    {
        "id": "chainlink", 
        "name": "ChainLink", 
        "symbol": "LINK", 
        "rank": "87", 
        "price_usd": "0.35628", 
        "price_btc": "0.00005216", 
        "24h_volume_usd": "9523620.0", 
        "market_cap_usd": "124698000.0", 
        "available_supply": "350000000.0", 
        "total_supply": "1000000000.0", 
        "max_supply": null, 
        "percent_change_1h": "0.29", 
        "percent_change_24h": "14.39", 
        "percent_change_7d": "20.96", 
        "last_updated": "1523404155"
    }, 
    {
        "id": "salt", 
        "name": "SALT", 
        "symbol": "SALT", 
        "rank": "88", 
        "price_usd": "2.16657", 
        "price_btc": "0.0003172", 
        "24h_volume_usd": "13235500.0", 
        "market_cap_usd": "122120290.0", 
        "available_supply": "56365726.0", 
        "total_supply": "120000000.0", 
        "max_supply": null, 
        "percent_change_1h": "-0.36", 
        "percent_change_24h": "5.87", 
        "percent_change_7d": "-1.79", 
        "last_updated": "1523404154"
    }, 
    {
        "id": "nucleus-vision", 
        "name": "Nucleus Vision", 
        "symbol": "NCASH", 
        "rank": "89", 
        "price_usd": "0.0295026", 
        "price_btc": "0.00000432", 
        "24h_volume_usd": "19664000.0", 
        "market_cap_usd": "118381992.0", 
        "available_supply": "4012595236.0", 
        "total_supply": "10000000000.0", 
        "max_supply": null, 
        "percent_change_1h": "0.86", 
        "percent_change_24h": "7.56", 
        "percent_change_7d": "6.01", 
        "last_updated": "1523404161"
    }, 
    {
        "id": "storm", 
        "name": "Storm", 
        "symbol": "STORM", 
        "rank": "90", 
        "price_usd": "0.0287332", 
        "price_btc": "0.00000421", 
        "24h_volume_usd": "16331300.0", 
        "market_cap_usd": "117485832.0", 
        "available_supply": "4088853037.0", 
        "total_supply": "10000000000.0", 
        "max_supply": null, 
        "percent_change_1h": "-0.25", 
        "percent_change_24h": "1.29", 
        "percent_change_7d": "-11.06", 
        "last_updated": "1523404158"
    }, 
    {
        "id": "power-ledger", 
        "name": "Power Ledger", 
        "symbol": "POWR", 
        "rank": "91", 
        "price_usd": "0.309597", 
        "price_btc": "0.00004533", 
        "24h_volume_usd": "6523310.0", 
        "market_cap_usd": "112672549.0", 
        "available_supply": "363932947.0", 
        "total_supply": "1000000000.0", 
        "max_supply": null, 
        "percent_change_1h": "-0.25", 
        "percent_change_24h": "3.63", 
        "percent_change_7d": "-11.61", 
        "last_updated": "1523404156"
    }, 
    {
        "id": "particl", 
        "name": "Particl", 
        "symbol": "PART", 
        "rank": "92", 
        "price_usd": "12.4987", 
        "price_btc": "0.00182987", 
        "24h_volume_usd": "2201570.0", 
        "market_cap_usd": "111627171.0", 
        "available_supply": "8931103.0", 
        "total_supply": "8931103.0", 
        "max_supply": null, 
        "percent_change_1h": "1.57", 
        "percent_change_24h": "1.87", 
        "percent_change_7d": "18.12", 
        "last_updated": "1523404152"
    }, 
    {
        "id": "bancor", 
        "name": "Bancor", 
        "symbol": "BNT", 
        "rank": "93", 
        "price_usd": "2.43194", 
        "price_btc": "0.00035605", 
        "24h_volume_usd": "5112630.0", 
        "market_cap_usd": "109526008.0", 
        "available_supply": "45036476.0", 
        "total_supply": "74711036.0", 
        "max_supply": null, 
        "percent_change_1h": "-0.12", 
        "percent_change_24h": "5.56", 
        "percent_change_7d": "4.0", 
        "last_updated": "1523404151"
    }, 
    {
        "id": "wax", 
        "name": "WAX", 
        "symbol": "WAX", 
        "rank": "94", 
        "price_usd": "0.17691", 
        "price_btc": "0.00002590", 
        "24h_volume_usd": "3832400.0", 
        "market_cap_usd": "109508864.0", 
        "available_supply": "619008898.0", 
        "total_supply": "1850000000.0", 
        "max_supply": null, 
        "percent_change_1h": "0.28", 
        "percent_change_24h": "8.26", 
        "percent_change_7d": "4.86", 
        "last_updated": "1523404158"
    }, 
    {
        "id": "enigma-project", 
        "name": "Enigma", 
        "symbol": "ENG", 
        "rank": "95", 
        "price_usd": "1.4267", 
        "price_btc": "0.00020888", 
        "24h_volume_usd": "5812380.0", 
        "market_cap_usd": "106768765.0", 
        "available_supply": "74836171.0", 
        "total_supply": "150000000.0", 
        "max_supply": null, 
        "percent_change_1h": "1.62", 
        "percent_change_24h": "5.34", 
        "percent_change_7d": "-5.7", 
        "last_updated": "1523404155"
    }, 
    {
        "id": "request-network", 
        "name": "Request Network", 
        "symbol": "REQ", 
        "rank": "96", 
        "price_usd": "0.158225", 
        "price_btc": "0.00002316", 
        "24h_volume_usd": "3042220.0", 
        "market_cap_usd": "104897050.0", 
        "available_supply": "662961287.0", 
        "total_supply": "999999783.0", 
        "max_supply": null, 
        "percent_change_1h": "-0.39", 
        "percent_change_24h": "1.43", 
        "percent_change_7d": "-5.09", 
        "last_updated": "1523404155"
    }, 
    {
        "id": "dent", 
        "name": "Dent", 
        "symbol": "DENT", 
        "rank": "97", 
        "price_usd": "0.00974405", 
        "price_btc": "0.00000143", 
        "24h_volume_usd": "824606.0", 
        "market_cap_usd": "103430762.0", 
        "available_supply": "10614760961.0", 
        "total_supply": "100000000000", 
        "max_supply": null, 
        "percent_change_1h": "-0.69", 
        "percent_change_24h": "-0.88", 
        "percent_change_7d": "-15.02", 
        "last_updated": "1523404153"
    }, 
    {
        "id": "neblio", 
        "name": "Neblio", 
        "symbol": "NEBL", 
        "rank": "98", 
        "price_usd": "7.87876", 
        "price_btc": "0.00115349", 
        "24h_volume_usd": "9168830.0", 
        "market_cap_usd": "102341986.0", 
        "available_supply": "12989606.0", 
        "total_supply": "13746535.0", 
        "max_supply": null, 
        "percent_change_1h": "-0.38", 
        "percent_change_24h": "5.45", 
        "percent_change_7d": "-1.77", 
        "last_updated": "1523404154"
    }, 
    {
        "id": "storj", 
        "name": "Storj", 
        "symbol": "STORJ", 
        "rank": "99", 
        "price_usd": "0.748475", 
        "price_btc": "0.00010958", 
        "24h_volume_usd": "10719200.0", 
        "market_cap_usd": "99865646.0", 
        "available_supply": "133425493.0", 
        "total_supply": "424999998.0", 
        "max_supply": null, 
        "percent_change_1h": "-0.46", 
        "percent_change_24h": "2.79", 
        "percent_change_7d": "-10.68", 
        "last_updated": "1523404152"
    }, 
    {
        "id": "dentacoin", 
        "name": "Dentacoin", 
        "symbol": "DCN", 
        "rank": "100", 
        "price_usd": "0.000301578", 
        "price_btc": "0.00000004", 
        "24h_volume_usd": "83720.6", 
        "market_cap_usd": "98081192.0", 
        "available_supply": "325226613094", 
        "total_supply": "1963173416169", 
        "max_supply": "8000000000000", 
        "percent_change_1h": "-1.57", 
        "percent_change_24h": "2.02", 
        "percent_change_7d": "-6.41", 
        "last_updated": "1523404153"
    }
]