[
    {
        "id": "bitcoin", 
        "name": "Bitcoin", 
        "symbol": "BTC", 
        "rank": "1", 
        "price_usd": "6839.1", 
        "price_btc": "1.0", 
        "24h_volume_usd": "4287580000.0", 
        "market_cap_usd": "116052003990", 
        "available_supply": "16968900.0", 
        "total_supply": "16968900.0", 
        "max_supply": "21000000.0", 
        "percent_change_1h": "0.11", 
        "percent_change_24h": "1.17", 
        "percent_change_7d": "-7.94", 
        "last_updated": "1523404469"
    }, 
    {
        "id": "ethereum", 
        "name": "Ethereum", 
        "symbol": "ETH", 
        "rank": "2", 
        "price_usd": "414.155", 
        "price_btc": "0.0607308", 
        "24h_volume_usd": "1198190000.0", 
        "market_cap_usd": "40894323698.0", 
        "available_supply": "98741591.0", 
        "total_supply": "98741591.0", 
        "max_supply": null, 
        "percent_change_1h": "0.41", 
        "percent_change_24h": "4.22", 
        "percent_change_7d": "0.67", 
        "last_updated": "1523404456"
    }, 
    {
        "id": "ripple", 
        "name": "Ripple", 
        "symbol": "XRP", 
        "rank": "3", 
        "price_usd": "0.491707", 
        "price_btc": "0.00007210", 
        "24h_volume_usd": "155635000.0", 
        "market_cap_usd": "19223049452.0", 
        "available_supply": "39094520623.0", 
        "total_supply": "99992405149.0", 
        "max_supply": "100000000000", 
        "percent_change_1h": "0.01", 
        "percent_change_24h": "0.49", 
        "percent_change_7d": "-9.91", 
        "last_updated": "1523404441"
    }, 
    {
        "id": "bitcoin-cash", 
        "name": "Bitcoin Cash", 
        "symbol": "BCH", 
        "rank": "4", 
        "price_usd": "648.691", 
        "price_btc": "0.0951229", 
        "24h_volume_usd": "224914000.0", 
        "market_cap_usd": "11070820082.0", 
        "available_supply": "17066400.0", 
        "total_supply": "17066400.0", 
        "max_supply": "21000000.0", 
        "percent_change_1h": "-0.17", 
        "percent_change_24h": "2.14", 
        "percent_change_7d": "-8.03", 
        "last_updated": "1523404452"
    }, 
    {
        "id": "litecoin", 
        "name": "Litecoin", 
        "symbol": "LTC", 
        "rank": "5", 
        "price_usd": "114.288", 
        "price_btc": "0.0167589", 
        "24h_volume_usd": "204653000.0", 
        "market_cap_usd": "6403186659.0", 
        "available_supply": "56026763.0", 
        "total_supply": "56026763.0", 
        "max_supply": "84000000.0", 
        "percent_change_1h": "0.21", 
        "percent_change_24h": "-0.52", 
        "percent_change_7d": "-13.74", 
        "last_updated": "1523404441"
    }, 
    {
        "id": "eos", 
        "name": "EOS", 
        "symbol": "EOS", 
        "rank": "6", 
        "price_usd": "5.99847", 
        "price_btc": "0.0008796", 
        "24h_volume_usd": "225930000.0", 
        "market_cap_usd": "4706951490.0", 
        "available_supply": "784692011.0", 
        "total_supply": "900000000.0", 
        "max_supply": "1000000000.0", 
        "percent_change_1h": "0.19", 
        "percent_change_24h": "2.41", 
        "percent_change_7d": "-1.13", 
        "last_updated": "1523404451"
    }, 
    {
        "id": "cardano", 
        "name": "Cardano", 
        "symbol": "ADA", 
        "rank": "7", 
        "price_usd": "0.156277", 
        "price_btc": "0.00002292", 
        "24h_volume_usd": "56093700.0", 
        "market_cap_usd": "4051804802.0", 
        "available_supply": "25927070538.0", 
        "total_supply": "31112483745.0", 
        "max_supply": "45000000000.0", 
        "percent_change_1h": "0.14", 
        "percent_change_24h": "2.71", 
        "percent_change_7d": "-8.32", 
        "last_updated": "1523404455"
    }, 
    {
        "id": "stellar", 
        "name": "Stellar", 
        "symbol": "XLM", 
        "rank": "8", 
        "price_usd": "0.199176", 
        "price_btc": "0.00002921", 
        "24h_volume_usd": "27070300.0", 
        "market_cap_usd": "3694963146.0", 
        "available_supply": "18551246869.0", 
        "total_supply": "103847435165", 
        "max_supply": null, 
        "percent_change_1h": "-0.02", 
        "percent_change_24h": "1.27", 
        "percent_change_7d": "-14.33", 
        "last_updated": "1523404444"
    }, 
    {
        "id": "neo", 
        "name": "NEO", 
        "symbol": "NEO", 
        "rank": "9", 
        "price_usd": "52.5214", 
        "price_btc": "0.00770163", 
        "24h_volume_usd": "92256300.0", 
        "market_cap_usd": "3413891000.0", 
        "available_supply": "65000000.0", 
        "total_supply": "100000000.0", 
        "max_supply": "100000000.0", 
        "percent_change_1h": "0.86", 
        "percent_change_24h": "0.86", 
        "percent_change_7d": "-0.48", 
        "last_updated": "1523404448"
    }, 
    {
        "id": "iota", 
        "name": "IOTA", 
        "symbol": "MIOTA", 
        "rank": "10", 
        "price_usd": "1.00744", 
        "price_btc": "0.00014773", 
        "24h_volume_usd": "21163500.0", 
        "market_cap_usd": "2800209988.0", 
        "available_supply": "2779530283.0", 
        "total_supply": "2779530283.0", 
        "max_supply": "2779530283.0", 
        "percent_change_1h": "0.05", 
        "percent_change_24h": "2.3", 
        "percent_change_7d": "-7.57", 
        "last_updated": "1523404451"
    }, 
    {
        "id": "monero", 
        "name": "Monero", 
        "symbol": "XMR", 
        "rank": "11", 
        "price_usd": "165.495", 
        "price_btc": "0.0242679", 
        "24h_volume_usd": "31167600.0", 
        "market_cap_usd": "2634045040.0", 
        "available_supply": "15916161.0", 
        "total_supply": "15916161.0", 
        "max_supply": null, 
        "percent_change_1h": "-0.34", 
        "percent_change_24h": "-0.55", 
        "percent_change_7d": "-11.99", 
        "last_updated": "1523404442"
    }, 
    {
        "id": "tron", 
        "name": "TRON", 
        "symbol": "TRX", 
        "rank": "12", 
        "price_usd": "0.0369782", 
        "price_btc": "0.00000542", 
        "24h_volume_usd": "303859000.0", 
        "market_cap_usd": "2431246822.0", 
        "available_supply": "65748111645.0", 
        "total_supply": "100000000000", 
        "max_supply": null, 
        "percent_change_1h": "0.59", 
        "percent_change_24h": "4.02", 
        "percent_change_7d": "7.4", 
        "last_updated": "1523404455"
    }, 
    {
        "id": "dash", 
        "name": "Dash", 
        "symbol": "DASH", 
        "rank": "13", 
        "price_usd": "298.414", 
        "price_btc": "0.0437588", 
        "24h_volume_usd": "71693000.0", 
        "market_cap_usd": "2388188184.0", 
        "available_supply": "8002936.0", 
        "total_supply": "8002936.0", 
        "max_supply": "18900000.0", 
        "percent_change_1h": "0.25", 
        "percent_change_24h": "0.3", 
        "percent_change_7d": "-11.58", 
        "last_updated": "1523404441"
    }, 
    {
        "id": "tether", 
        "name": "Tether", 
        "symbol": "USDT", 
        "rank": "14", 
        "price_usd": "0.998736", 
        "price_btc": "0.00014645", 
        "24h_volume_usd": "1260610000.0", 
        "market_cap_usd": "2284249868.0", 
        "available_supply": "2287140814.0", 
        "total_supply": "2580109970.0", 
        "max_supply": null, 
        "percent_change_1h": "-0.15", 
        "percent_change_24h": "-0.02", 
        "percent_change_7d": "-0.27", 
        "last_updated": "1523404446"
    }, 
    {
        "id": "nem", 
        "name": "NEM", 
        "symbol": "XEM", 
        "rank": "15", 
        "price_usd": "0.235049", 
        "price_btc": "0.00003447", 
        "24h_volume_usd": "12853000.0", 
        "market_cap_usd": "2115441000.0", 
        "available_supply": "8999999999.0", 
        "total_supply": "8999999999.0", 
        "max_supply": null, 
        "percent_change_1h": "0.42", 
        "percent_change_24h": "2.83", 
        "percent_change_7d": "-7.1", 
        "last_updated": "1523404444"
    }, 
    {
        "id": "vechain", 
        "name": "VeChain", 
        "symbol": "VEN", 
        "rank": "16", 
        "price_usd": "2.67943", 
        "price_btc": "0.00039291", 
        "24h_volume_usd": "65133900.0", 
        "market_cap_usd": "1406085835.0", 
        "available_supply": "524770505.0", 
        "total_supply": "873378637.0", 
        "max_supply": null, 
        "percent_change_1h": "-0.27", 
        "percent_change_24h": "4.94", 
        "percent_change_7d": "-6.1", 
        "last_updated": "1523404453"
    }, 
    {
        "id": "binance-coin", 
        "name": "Binance Coin", 
        "symbol": "BNB", 
        "rank": "17", 
        "price_usd": "11.9867", 
        "price_btc": "0.00175771", 
        "24h_volume_usd": "87324900.0", 
        "market_cap_usd": "1393592970.0", 
        "available_supply": "116261604.0", 
        "total_supply": "197192382.0", 
        "max_supply": null, 
        "percent_change_1h": "0.39", 
        "percent_change_24h": "1.33", 
        "percent_change_7d": "-9.16", 
        "last_updated": "1523404453"
    }, 
    {
        "id": "ethereum-classic", 
        "name": "Ethereum Classic", 
        "symbol": "ETC", 
        "rank": "18", 
        "price_usd": "13.6449", 
        "price_btc": "0.00200087", 
        "24h_volume_usd": "73545500.0", 
        "market_cap_usd": "1379365165.0", 
        "available_supply": "101090163.0", 
        "total_supply": "101090163.0", 
        "max_supply": null, 
        "percent_change_1h": "-0.37", 
        "percent_change_24h": "0.49", 
        "percent_change_7d": "-8.9", 
        "last_updated": "1523404447"
    }, 
    {
        "id": "verge", 
        "name": "Verge", 
        "symbol": "XVG", 
        "rank": "19", 
        "price_usd": "0.0841773", 
        "price_btc": "0.00001234", 
        "24h_volume_usd": "445459000.0", 
        "market_cap_usd": "1250867527.0", 
        "available_supply": "14859915054.0", 
        "total_supply": "14859915054.0", 
        "max_supply": "16555000000.0", 
        "percent_change_1h": "0.05", 
        "percent_change_24h": "10.48", 
        "percent_change_7d": "22.8", 
        "last_updated": "1523404443"
    }, 
    {
        "id": "qtum", 
        "name": "Qtum", 
        "symbol": "QTUM", 
        "rank": "20", 
        "price_usd": "13.4776", 
        "price_btc": "0.00197633", 
        "24h_volume_usd": "89683900.0", 
        "market_cap_usd": "1192952027.0", 
        "available_supply": "88513684.0", 
        "total_supply": "100513684.0", 
        "max_supply": null, 
        "percent_change_1h": "-0.27", 
        "percent_change_24h": "0.45", 
        "percent_change_7d": "-10.01", 
        "last_updated": "1523404450"
    }, 
    {
        "id": "ontology", 
        "name": "Ontology", 
        "symbol": "ONT", 
        "rank": "21", 
        "price_usd": "4.59401", 
        "price_btc": "0.00067366", 
        "24h_volume_usd": "161368000.0", 
        "market_cap_usd": "1108242668.0", 
        "available_supply": "241236451.0", 
        "total_supply": "1000000000.0", 
        "max_supply": null, 
        "percent_change_1h": "-1.78", 
        "percent_change_24h": "28.32", 
        "percent_change_7d": "99.46", 
        "last_updated": "1523404462"
    }, 
    {
        "id": "omisego", 
        "name": "OmiseGO", 
        "symbol": "OMG", 
        "rank": "22", 
        "price_usd": "9.23122", 
        "price_btc": "0.00135365", 
        "24h_volume_usd": "28127600.0", 
        "market_cap_usd": "941977245.0", 
        "available_supply": "102042552.0", 
        "total_supply": "140245398.0", 
        "max_supply": null, 
        "percent_change_1h": "0.08", 
        "percent_change_24h": "1.9", 
        "percent_change_7d": "-1.96", 
        "last_updated": "1523404453"
    }, 
    {
        "id": "lisk", 
        "name": "Lisk", 
        "symbol": "LSK", 
        "rank": "23", 
        "price_usd": "8.51667", 
        "price_btc": "0.00124887", 
        "24h_volume_usd": "14261200.0", 
        "market_cap_usd": "883349243.0", 
        "available_supply": "103720027.0", 
        "total_supply": "119970544.0", 
        "max_supply": null, 
        "percent_change_1h": "0.6", 
        "percent_change_24h": "-0.57", 
        "percent_change_7d": "-11.36", 
        "last_updated": "1523404446"
    }, 
    {
        "id": "icon", 
        "name": "ICON", 
        "symbol": "ICX", 
        "rank": "24", 
        "price_usd": "2.10872", 
        "price_btc": "0.00030922", 
        "24h_volume_usd": "45486000.0", 
        "market_cap_usd": "816161643.0", 
        "available_supply": "387041258.0", 
        "total_supply": "400228750.0", 
        "max_supply": null, 
        "percent_change_1h": "-0.4", 
        "percent_change_24h": "5.23", 
        "percent_change_7d": "-6.8", 
        "last_updated": "1523404456"
    }, 
    {
        "id": "bitcoin-gold", 
        "name": "Bitcoin Gold", 
        "symbol": "BTG", 
        "rank": "25", 
        "price_usd": "40.8026", 
        "price_btc": "0.00598321", 
        "24h_volume_usd": "7657880.0", 
        "market_cap_usd": "691015435.0", 
        "available_supply": "16935574.0", 
        "total_supply": "17035574.0", 
        "max_supply": "21000000.0", 
        "percent_change_1h": "0.25", 
        "percent_change_24h": "-0.63", 
        "percent_change_7d": "-12.05", 
        "last_updated": "1523404455"
    }, 
    {
        "id": "zcash", 
        "name": "Zcash", 
        "symbol": "ZEC", 
        "rank": "26", 
        "price_usd": "179.248", 
        "price_btc": "0.0262846", 
        "24h_volume_usd": "33267500.0", 
        "market_cap_usd": "658520182.0", 
        "available_supply": "3673794.0", 
        "total_supply": "3673794.0", 
        "max_supply": null, 
        "percent_change_1h": "0.29", 
        "percent_change_24h": "1.2", 
        "percent_change_7d": "-12.23", 
        "last_updated": "1523404448"
    }, 
    {
        "id": "nano", 
        "name": "Nano", 
        "symbol": "NANO", 
        "rank": "27", 
        "price_usd": "4.83697", 
        "price_btc": "0.00070928", 
        "24h_volume_usd": "6661290.0", 
        "market_cap_usd": "644517977.0", 
        "available_supply": "133248289.0", 
        "total_supply": "133248289.0", 
        "max_supply": "133248290.0", 
        "percent_change_1h": "-0.02", 
        "percent_change_24h": "0.28", 
        "percent_change_7d": "-18.61", 
        "last_updated": "1523404449"
    }, 
    {
        "id": "bytom", 
        "name": "Bytom", 
        "symbol": "BTM", 
        "rank": "28", 
        "price_usd": "0.594333", 
        "price_btc": "0.00008715", 
        "24h_volume_usd": "23659300.0", 
        "market_cap_usd": "586606671.0", 
        "available_supply": "987000000.0", 
        "total_supply": "1407000000.0", 
        "max_supply": null, 
        "percent_change_1h": "2.0", 
        "percent_change_24h": "13.18", 
        "percent_change_7d": "22.1", 
        "last_updated": "1523404454"
    }, 
    {
        "id": "wanchain", 
        "name": "Wanchain", 
        "symbol": "WAN", 
        "rank": "29", 
        "price_usd": "4.46706", 
        "price_btc": "0.00065504", 
        "24h_volume_usd": "27557200.0", 
        "market_cap_usd": "474189554.0", 
        "available_supply": "106152493.0", 
        "total_supply": "210000000.0", 
        "max_supply": null, 
        "percent_change_1h": "1.86", 
        "percent_change_24h": "21.65", 
        "percent_change_7d": "30.18", 
        "last_updated": "1523404462"
    }, 
    {
        "id": "steem", 
        "name": "Steem", 
        "symbol": "STEEM", 
        "rank": "30", 
        "price_usd": "1.84158", 
        "price_btc": "0.00027005", 
        "24h_volume_usd": "2154330.0", 
        "market_cap_usd": "471724397.0", 
        "available_supply": "256151998.0", 
        "total_supply": "273126092.0", 
        "max_supply": null, 
        "percent_change_1h": "0.08", 
        "percent_change_24h": "1.28", 
        "percent_change_7d": "-9.91", 
        "last_updated": "1523404446"
    }, 
    {
        "id": "populous", 
        "name": "Populous", 
        "symbol": "PPT", 
        "rank": "31", 
        "price_usd": "11.6738", 
        "price_btc": "0.00171182", 
        "24h_volume_usd": "1260350.0", 
        "market_cap_usd": "431977609.0", 
        "available_supply": "37004027.0", 
        "total_supply": "53252246.0", 
        "max_supply": "53252246.0", 
        "percent_change_1h": "-0.41", 
        "percent_change_24h": "0.71", 
        "percent_change_7d": "-10.98", 
        "last_updated": "1523404452"
    }, 
    {
        "id": "bytecoin-bcn", 
        "name": "Bytecoin", 
        "symbol": "BCN", 
        "rank": "32", 
        "price_usd": "0.00232091", 
        "price_btc": "0.00000034", 
        "24h_volume_usd": "4351870.0", 
        "market_cap_usd": "426655041.0", 
        "available_supply": "183830928813", 
        "total_supply": "183830928813", 
        "max_supply": "184470000000", 
        "percent_change_1h": "-0.89", 
        "percent_change_24h": "9.23", 
        "percent_change_7d": "0.62", 
        "last_updated": "1523404443"
    }, 
    {
        "id": "digixdao", 
        "name": "DigixDAO", 
        "symbol": "DGD", 
        "rank": "33", 
        "price_usd": "208.798", 
        "price_btc": "0.0306177", 
        "24h_volume_usd": "10790900.0", 
        "market_cap_usd": "417596000.0", 
        "available_supply": "2000000.0", 
        "total_supply": "2000000.0", 
        "max_supply": null, 
        "percent_change_1h": "0.28", 
        "percent_change_24h": "0.33", 
        "percent_change_7d": "-10.86", 
        "last_updated": "1523404446"
    }, 
    {
        "id": "siacoin", 
        "name": "Siacoin", 
        "symbol": "SC", 
        "rank": "34", 
        "price_usd": "0.0114446", 
        "price_btc": "0.00000168", 
        "24h_volume_usd": "8680850.0", 
        "market_cap_usd": "385685535.0", 
        "available_supply": "33700219722.0", 
        "total_supply": "33700219722.0", 
        "max_supply": null, 
        "percent_change_1h": "-0.57", 
        "percent_change_24h": "5.88", 
        "percent_change_7d": "-4.17", 
        "last_updated": "1523404446"
    }, 
    {
        "id": "bitcoin-diamond", 
        "name": "Bitcoin Diamond", 
        "symbol": "BCD", 
        "rank": "35", 
        "price_usd": "2.49956", 
        "price_btc": "0.00036653", 
        "24h_volume_usd": "1692070.0", 
        "market_cap_usd": "382506729.0", 
        "available_supply": "153029625.0", 
        "total_supply": "156029625.0", 
        "max_supply": "210000000.0", 
        "percent_change_1h": "-4.29", 
        "percent_change_24h": "4.48", 
        "percent_change_7d": "11.73", 
        "last_updated": "1523404457"
    }, 
    {
        "id": "bitshares", 
        "name": "BitShares", 
        "symbol": "BTS", 
        "rank": "36", 
        "price_usd": "0.142458", 
        "price_btc": "0.00002089", 
        "24h_volume_usd": "6502870.0", 
        "market_cap_usd": "372484933.0", 
        "available_supply": "2614700000.0", 
        "total_supply": "2614700000.0", 
        "max_supply": "3600570502.0", 
        "percent_change_1h": "0.05", 
        "percent_change_24h": "3.04", 
        "percent_change_7d": "-5.4", 
        "last_updated": "1523404443"
    }, 
    {
        "id": "rchain", 
        "name": "RChain", 
        "symbol": "RHOC", 
        "rank": "37", 
        "price_usd": "1.0323", 
        "price_btc": "0.00015138", 
        "24h_volume_usd": "1973780.0", 
        "market_cap_usd": "371235174.0", 
        "available_supply": "359619465.0", 
        "total_supply": "870663574.0", 
        "max_supply": "1000000000.0", 
        "percent_change_1h": "0.67", 
        "percent_change_24h": "7.03", 
        "percent_change_7d": "4.59", 
        "last_updated": "1523404455"
    }, 
    {
        "id": "stratis", 
        "name": "Stratis", 
        "symbol": "STRAT", 
        "rank": "38", 
        "price_usd": "3.71435", 
        "price_btc": "0.00054466", 
        "24h_volume_usd": "5514950.0", 
        "market_cap_usd": "367021428.0", 
        "available_supply": "98811751.0", 
        "total_supply": "98811751.0", 
        "max_supply": null, 
        "percent_change_1h": "-0.46", 
        "percent_change_24h": "4.36", 
        "percent_change_7d": "-6.61", 
        "last_updated": "1523404447"
    }, 
    {
        "id": "waves", 
        "name": "Waves", 
        "symbol": "WAVES", 
        "rank": "39", 
        "price_usd": "3.61233", 
        "price_btc": "0.0005297", 
        "24h_volume_usd": "16445300.0", 
        "market_cap_usd": "361233000.0", 
        "available_supply": "100000000.0", 
        "total_supply": "100000000.0", 
        "max_supply": null, 
        "percent_change_1h": "-0.08", 
        "percent_change_24h": "4.32", 
        "percent_change_7d": "-9.86", 
        "last_updated": "1523404447"
    }, 
    {
        "id": "decred", 
        "name": "Decred", 
        "symbol": "DCR", 
        "rank": "40", 
        "price_usd": "50.8403", 
        "price_btc": "0.00745513", 
        "24h_volume_usd": "18380700.0", 
        "market_cap_usd": "361106983.0", 
        "available_supply": "7102771.0", 
        "total_supply": "7522771.0", 
        "max_supply": "21000000.0", 
        "percent_change_1h": "-0.0", 
        "percent_change_24h": "5.53", 
        "percent_change_7d": "9.19", 
        "last_updated": "1523404446"
    }, 
    {
        "id": "maker", 
        "name": "Maker", 
        "symbol": "MKR", 
        "rank": "41", 
        "price_usd": "563.658", 
        "price_btc": "0.0826538", 
        "24h_volume_usd": "251786.0", 
        "market_cap_usd": "348469028.0", 
        "available_supply": "618228.0", 
        "total_supply": "1000000.0", 
        "max_supply": null, 
        "percent_change_1h": "1.08", 
        "percent_change_24h": "6.7", 
        "percent_change_7d": "7.75", 
        "last_updated": "1523404449"
    }, 
    {
        "id": "dogecoin", 
        "name": "Dogecoin", 
        "symbol": "DOGE", 
        "rank": "42", 
        "price_usd": "0.00303528", 
        "price_btc": "0.00000045", 
        "24h_volume_usd": "10162300.0", 
        "market_cap_usd": "345906478.0", 
        "available_supply": "113961966538", 
        "total_supply": "113961966538", 
        "max_supply": null, 
        "percent_change_1h": "-0.01", 
        "percent_change_24h": "10.2", 
        "percent_change_7d": "2.2", 
        "last_updated": "1523404441"
    }, 
    {
        "id": "aeternity", 
        "name": "Aeternity", 
        "symbol": "AE", 
        "rank": "43", 
        "price_usd": "1.35383", 
        "price_btc": "0.00019852", 
        "24h_volume_usd": "5276650.0", 
        "market_cap_usd": "315470106.0", 
        "available_supply": "233020472.0", 
        "total_supply": "273685830.0", 
        "max_supply": null, 
        "percent_change_1h": "0.35", 
        "percent_change_24h": "2.95", 
        "percent_change_7d": "-9.54", 
        "last_updated": "1523404451"
    }, 
    {
        "id": "status", 
        "name": "Status", 
        "symbol": "SNT", 
        "rank": "44", 
        "price_usd": "0.0893435", 
        "price_btc": "0.00001310", 
        "24h_volume_usd": "19643000.0", 
        "market_cap_usd": "310065168.0", 
        "available_supply": "3470483788.0", 
        "total_supply": "6804870174.0", 
        "max_supply": null, 
        "percent_change_1h": "-0.18", 
        "percent_change_24h": "1.59", 
        "percent_change_7d": "-13.9", 
        "last_updated": "1523404452"
    }, 
    {
        "id": "0x", 
        "name": "0x", 
        "symbol": "ZRX", 
        "rank": "45", 
        "price_usd": "0.559347", 
        "price_btc": "0.00008202", 
        "24h_volume_usd": "4919110.0", 
        "market_cap_usd": "292381216.0", 
        "available_supply": "522718841.0", 
        "total_supply": "1000000000.0", 
        "max_supply": null, 
        "percent_change_1h": "-0.02", 
        "percent_change_24h": "3.69", 
        "percent_change_7d": "-6.03", 
        "last_updated": "1523404453"
    }, 
    {
        "id": "zilliqa", 
        "name": "Zilliqa", 
        "symbol": "ZIL", 
        "rank": "46", 
        "price_usd": "0.0400638", 
        "price_btc": "0.00000587", 
        "24h_volume_usd": "14335700.0", 
        "market_cap_usd": "286377572.0", 
        "available_supply": "7148038186.0", 
        "total_supply": "12600000000.0", 
        "max_supply": null, 
        "percent_change_1h": "-0.4", 
        "percent_change_24h": "2.74", 
        "percent_change_7d": "-11.52", 
        "last_updated": "1523404460"
    }, 
    {
        "id": "augur", 
        "name": "Augur", 
        "symbol": "REP", 
        "rank": "47", 
        "price_usd": "24.6572", 
        "price_btc": "0.00361569", 
        "24h_volume_usd": "2493010.0", 
        "market_cap_usd": "271229200.0", 
        "available_supply": "11000000.0", 
        "total_supply": "11000000.0", 
        "max_supply": null, 
        "percent_change_1h": "0.09", 
        "percent_change_24h": "1.27", 
        "percent_change_7d": "-8.16", 
        "last_updated": "1523404446"
    }, 
    {
        "id": "komodo", 
        "name": "Komodo", 
        "symbol": "KMD", 
        "rank": "48", 
        "price_usd": "2.60166", 
        "price_btc": "0.0003815", 
        "24h_volume_usd": "2354100.0", 
        "market_cap_usd": "270673580.0", 
        "available_supply": "104038798.0", 
        "total_supply": "104038798.0", 
        "max_supply": null, 
        "percent_change_1h": "-2.37", 
        "percent_change_24h": "3.66", 
        "percent_change_7d": "-10.33", 
        "last_updated": "1523404449"
    }, 
    {
        "id": "ardor", 
        "name": "Ardor", 
        "symbol": "ARDR", 
        "rank": "49", 
        "price_usd": "0.253551", 
        "price_btc": "0.00003718", 
        "24h_volume_usd": "2398950.0", 
        "market_cap_usd": "253297321.0", 
        "available_supply": "998999495.0", 
        "total_supply": "998999495.0", 
        "max_supply": "998999495.0", 
        "percent_change_1h": "-0.46", 
        "percent_change_24h": "4.47", 
        "percent_change_7d": "-14.68", 
        "last_updated": "1523404447"
    }, 
    {
        "id": "aion", 
        "name": "Aion", 
        "symbol": "AION", 
        "rank": "50", 
        "price_usd": "2.13727", 
        "price_btc": "0.0003134", 
        "24h_volume_usd": "9605020.0", 
        "market_cap_usd": "246469701.0", 
        "available_supply": "115319871.0", 
        "total_supply": "465934587.0", 
        "max_supply": null, 
        "percent_change_1h": "0.76", 
        "percent_change_24h": "3.07", 
        "percent_change_7d": "-2.59", 
        "last_updated": "1523404455"
    }, 
    {
        "id": "iostoken", 
        "name": "IOStoken", 
        "symbol": "IOST", 
        "rank": "51", 
        "price_usd": "0.0290889", 
        "price_btc": "0.00000427", 
        "24h_volume_usd": "45819000.0", 
        "market_cap_usd": "244346760.0", 
        "available_supply": "8400000000.0", 
        "total_supply": "21000000000.0", 
        "max_supply": null, 
        "percent_change_1h": "0.22", 
        "percent_change_24h": "-2.43", 
        "percent_change_7d": "11.76", 
        "last_updated": "1523404460"
    }, 
    {
        "id": "loopring", 
        "name": "Loopring", 
        "symbol": "LRC", 
        "rank": "52", 
        "price_usd": "0.41784", 
        "price_btc": "0.00006127", 
        "24h_volume_usd": "6503150.0", 
        "market_cap_usd": "239035418.0", 
        "available_supply": "572074043.0", 
        "total_supply": "1374956262.0", 
        "max_supply": null, 
        "percent_change_1h": "-0.06", 
        "percent_change_24h": "2.39", 
        "percent_change_7d": "5.03", 
        "last_updated": "1523404453"
    }, 
    {
        "id": "golem-network-tokens", 
        "name": "Golem", 
        "symbol": "GNT", 
        "rank": "53", 
        "price_usd": "0.284028", 
        "price_btc": "0.00004165", 
        "24h_volume_usd": "51067000.0", 
        "market_cap_usd": "236953767.0", 
        "available_supply": "834262000.0", 
        "total_supply": "1000000000.0", 
        "max_supply": null, 
        "percent_change_1h": "-1.63", 
        "percent_change_24h": "17.86", 
        "percent_change_7d": "30.96", 
        "last_updated": "1523404449"
    }, 
    {
        "id": "kucoin-shares", 
        "name": "KuCoin Shares", 
        "symbol": "KCS", 
        "rank": "54", 
        "price_usd": "2.4667", 
        "price_btc": "0.00036171", 
        "24h_volume_usd": "291656.0", 
        "market_cap_usd": "224575956.0", 
        "available_supply": "91043076.0", 
        "total_supply": "181043076.0", 
        "max_supply": null, 
        "percent_change_1h": "0.0", 
        "percent_change_24h": "5.25", 
        "percent_change_7d": "0.62", 
        "last_updated": "1523404455"
    }, 
    {
        "id": "ark", 
        "name": "Ark", 
        "symbol": "ARK", 
        "rank": "55", 
        "price_usd": "2.18672", 
        "price_btc": "0.00032066", 
        "24h_volume_usd": "1945970.0", 
        "market_cap_usd": "222643482.0", 
        "available_supply": "101816182.0", 
        "total_supply": "133066182.0", 
        "max_supply": null, 
        "percent_change_1h": "-0.92", 
        "percent_change_24h": "5.7", 
        "percent_change_7d": "-6.33", 
        "last_updated": "1523404449"
    }, 
    {
        "id": "hshare", 
        "name": "Hshare", 
        "symbol": "HSR", 
        "rank": "56", 
        "price_usd": "5.18447", 
        "price_btc": "0.00076024", 
        "24h_volume_usd": "13596600.0", 
        "market_cap_usd": "222139710.0", 
        "available_supply": "42847140.0", 
        "total_supply": "42847140.0", 
        "max_supply": "84000000.0", 
        "percent_change_1h": "-0.31", 
        "percent_change_24h": "-0.11", 
        "percent_change_7d": "-9.49", 
        "last_updated": "1523404453"
    }, 
    {
        "id": "pivx", 
        "name": "PIVX", 
        "symbol": "PIVX", 
        "rank": "57", 
        "price_usd": "3.8901", 
        "price_btc": "0.00057044", 
        "24h_volume_usd": "1434290.0", 
        "market_cap_usd": "217653008.0", 
        "available_supply": "55950492.0", 
        "total_supply": "55950492.0", 
        "max_supply": null, 
        "percent_change_1h": "-0.04", 
        "percent_change_24h": "0.18", 
        "percent_change_7d": "-6.16", 
        "last_updated": "1523404446"
    }, 
    {
        "id": "cryptonex", 
        "name": "Cryptonex", 
        "symbol": "CNX", 
        "rank": "58", 
        "price_usd": "4.77503", 
        "price_btc": "0.0007002", 
        "24h_volume_usd": "1261720.0", 
        "market_cap_usd": "215865372.0", 
        "available_supply": "45207124.0", 
        "total_supply": "106644749.0", 
        "max_supply": "210000000.0", 
        "percent_change_1h": "0.95", 
        "percent_change_24h": "0.98", 
        "percent_change_7d": "-6.46", 
        "last_updated": "1523404455"
    }, 
    {
        "id": "waltonchain", 
        "name": "Waltonchain", 
        "symbol": "WTC", 
        "rank": "59", 
        "price_usd": "8.6227", 
        "price_btc": "0.00126442", 
        "24h_volume_usd": "1872770.0", 
        "market_cap_usd": "214689519.0", 
        "available_supply": "24898178.0", 
        "total_supply": "70000000.0", 
        "max_supply": "100000000.0", 
        "percent_change_1h": "-0.6", 
        "percent_change_24h": "3.04", 
        "percent_change_7d": "-17.76", 
        "last_updated": "1523404454"
    }, 
    {
        "id": "aelf", 
        "name": "aelf", 
        "symbol": "ELF", 
        "rank": "60", 
        "price_usd": "0.827161", 
        "price_btc": "0.00012129", 
        "24h_volume_usd": "83880800.0", 
        "market_cap_usd": "206790250.0", 
        "available_supply": "250000000.0", 
        "total_supply": "280000000.0", 
        "max_supply": "1000000000.0", 
        "percent_change_1h": "3.59", 
        "percent_change_24h": "40.8", 
        "percent_change_7d": "45.61", 
        "last_updated": "1523404458"
    }, 
    {
        "id": "digibyte", 
        "name": "DigiByte", 
        "symbol": "DGB", 
        "rank": "61", 
        "price_usd": "0.0201171", 
        "price_btc": "0.00000295", 
        "24h_volume_usd": "2953400.0", 
        "market_cap_usd": "203129642.0", 
        "available_supply": "10097362031.0", 
        "total_supply": "10097362031.0", 
        "max_supply": "21000000000.0", 
        "percent_change_1h": "0.11", 
        "percent_change_24h": "10.44", 
        "percent_change_7d": "-0.19", 
        "last_updated": "1523404441"
    }, 
    {
        "id": "basic-attention-token", 
        "name": "Basic Attention Token", 
        "symbol": "BAT", 
        "rank": "62", 
        "price_usd": "0.197643", 
        "price_btc": "0.00002898", 
        "24h_volume_usd": "5140970.0", 
        "market_cap_usd": "197643000.0", 
        "available_supply": "1000000000.0", 
        "total_supply": "1500000000.0", 
        "max_supply": null, 
        "percent_change_1h": "0.62", 
        "percent_change_24h": "5.85", 
        "percent_change_7d": "-6.23", 
        "last_updated": "1523404451"
    }, 
    {
        "id": "centrality", 
        "name": "Centrality", 
        "symbol": "CENNZ", 
        "rank": "63", 
        "price_usd": "0.297194", 
        "price_btc": "0.00004358", 
        "24h_volume_usd": "110855.0", 
        "market_cap_usd": "195844081.0", 
        "available_supply": "658977236.0", 
        "total_supply": "1200000000.0", 
        "max_supply": null, 
        "percent_change_1h": "0.61", 
        "percent_change_24h": "4.58", 
        "percent_change_7d": "-14.01", 
        "last_updated": "1523404462"
    }, 
    {
        "id": "monacoin", 
        "name": "MonaCoin", 
        "symbol": "MONA", 
        "rank": "64", 
        "price_usd": "3.25965", 
        "price_btc": "0.00047799", 
        "24h_volume_usd": "872443.0", 
        "market_cap_usd": "191293293.0", 
        "available_supply": "58685225.0", 
        "total_supply": "58685225.0", 
        "max_supply": null, 
        "percent_change_1h": "-0.14", 
        "percent_change_24h": "0.82", 
        "percent_change_7d": "-8.06", 
        "last_updated": "1523404441"
    }, 
    {
        "id": "qash", 
        "name": "QASH", 
        "symbol": "QASH", 
        "rank": "65", 
        "price_usd": "0.528786", 
        "price_btc": "0.00007754", 
        "24h_volume_usd": "3715690.0", 
        "market_cap_usd": "185075100.0", 
        "available_supply": "350000000.0", 
        "total_supply": "1000000000.0", 
        "max_supply": null, 
        "percent_change_1h": "0.47", 
        "percent_change_24h": "0.01", 
        "percent_change_7d": "-14.81", 
        "last_updated": "1523404457"
    }, 
    {
        "id": "veritaseum", 
        "name": "Veritaseum", 
        "symbol": "VERI", 
        "rank": "66", 
        "price_usd": "88.1986", 
        "price_btc": "0.0129333", 
        "24h_volume_usd": "325949.0", 
        "market_cap_usd": "179629277.0", 
        "available_supply": "2036645.0", 
        "total_supply": "100000000.0", 
        "max_supply": null, 
        "percent_change_1h": "-3.33", 
        "percent_change_24h": "-3.53", 
        "percent_change_7d": "-27.74", 
        "last_updated": "1523404451"
    }, 
    {
        "id": "factom", 
        "name": "Factom", 
        "symbol": "FCT", 
        "rank": "67", 
        "price_usd": "20.1741", 
        "price_btc": "0.00295829", 
        "24h_volume_usd": "480289.0", 
        "market_cap_usd": "176424562.0", 
        "available_supply": "8745102.0", 
        "total_supply": "8745102.0", 
        "max_supply": null, 
        "percent_change_1h": "-1.03", 
        "percent_change_24h": "2.33", 
        "percent_change_7d": "-6.27", 
        "last_updated": "1523404445"
    }, 
    {
        "id": "dragonchain", 
        "name": "Dragonchain", 
        "symbol": "DRGN", 
        "rank": "68", 
        "price_usd": "0.717869", 
        "price_btc": "0.00010527", 
        "24h_volume_usd": "1215730.0", 
        "market_cap_usd": "171155720.0", 
        "available_supply": "238421940.0", 
        "total_supply": "433494437.0", 
        "max_supply": null, 
        "percent_change_1h": "-0.4", 
        "percent_change_24h": "1.11", 
        "percent_change_7d": "-1.19", 
        "last_updated": "1523404457"
    }, 
    {
        "id": "elastos", 
        "name": "Elastos", 
        "symbol": "ELA", 
        "rank": "69", 
        "price_usd": "33.5782", 
        "price_btc": "0.00492385", 
        "24h_volume_usd": "13246000.0", 
        "market_cap_usd": "166714924.0", 
        "available_supply": "4964975.0", 
        "total_supply": "33379033.0", 
        "max_supply": null, 
        "percent_change_1h": "1.4", 
        "percent_change_24h": "1.95", 
        "percent_change_7d": "21.81", 
        "last_updated": "1523404460"
    }, 
    {
        "id": "nebulas-token", 
        "name": "Nebulas", 
        "symbol": "NAS", 
        "rank": "70", 
        "price_usd": "4.58196", 
        "price_btc": "0.00067189", 
        "24h_volume_usd": "8250330.0", 
        "market_cap_usd": "162659580.0", 
        "available_supply": "35500000.0", 
        "total_supply": "100000000.0", 
        "max_supply": "100000000.0", 
        "percent_change_1h": "-0.66", 
        "percent_change_24h": "3.88", 
        "percent_change_7d": "-6.05", 
        "last_updated": "1523404453"
    }, 
    {
        "id": "gas", 
        "name": "Gas", 
        "symbol": "GAS", 
        "rank": "71", 
        "price_usd": "15.4026", 
        "price_btc": "0.00225861", 
        "24h_volume_usd": "4180950.0", 
        "market_cap_usd": "154972390.0", 
        "available_supply": "10061444.0", 
        "total_supply": "16914200.0", 
        "max_supply": "100000000.0", 
        "percent_change_1h": "0.23", 
        "percent_change_24h": "2.85", 
        "percent_change_7d": "-9.37", 
        "last_updated": "1523404451"
    }, 
    {
        "id": "substratum", 
        "name": "Substratum", 
        "symbol": "SUB", 
        "rank": "72", 
        "price_usd": "0.397884", 
        "price_btc": "0.00005834", 
        "24h_volume_usd": "5181830.0", 
        "market_cap_usd": "152397928.0", 
        "available_supply": "383021000.0", 
        "total_supply": "472000000.0", 
        "max_supply": null, 
        "percent_change_1h": "0.31", 
        "percent_change_24h": "5.03", 
        "percent_change_7d": "6.11", 
        "last_updated": "1523404454"
    }, 
    {
        "id": "ethos", 
        "name": "Ethos", 
        "symbol": "ETHOS", 
        "rank": "73", 
        "price_usd": "1.97601", 
        "price_btc": "0.00028976", 
        "24h_volume_usd": "3473580.0", 
        "market_cap_usd": "150961057.0", 
        "available_supply": "76396909.0", 
        "total_supply": "222295208.0", 
        "max_supply": null, 
        "percent_change_1h": "-0.16", 
        "percent_change_24h": "2.2", 
        "percent_change_7d": "-9.56", 
        "last_updated": "1523404452"
    }, 
    {
        "id": "gxchain", 
        "name": "GXChain", 
        "symbol": "GXS", 
        "rank": "74", 
        "price_usd": "2.48437", 
        "price_btc": "0.0003643", 
        "24h_volume_usd": "12992200.0", 
        "market_cap_usd": "149062200.0", 
        "available_supply": "60000000.0", 
        "total_supply": "100000000.0", 
        "max_supply": "100000000.0", 
        "percent_change_1h": "0.21", 
        "percent_change_24h": "2.78", 
        "percent_change_7d": "-9.52", 
        "last_updated": "1523404451"
    }, 
    {
        "id": "syscoin", 
        "name": "Syscoin", 
        "symbol": "SYS", 
        "rank": "75", 
        "price_usd": "0.277312", 
        "price_btc": "0.00004066", 
        "24h_volume_usd": "1509910.0", 
        "market_cap_usd": "147587668.0", 
        "available_supply": "532208010.0", 
        "total_supply": "532208010.0", 
        "max_supply": "888000000.0", 
        "percent_change_1h": "-0.05", 
        "percent_change_24h": "2.96", 
        "percent_change_7d": "-7.93", 
        "last_updated": "1523404443"
    }, 
    {
        "id": "revain", 
        "name": "Revain", 
        "symbol": "R", 
        "rank": "76", 
        "price_usd": "0.777683", 
        "price_btc": "0.00011404", 
        "24h_volume_usd": "2962420.0", 
        "market_cap_usd": "143443629.0", 
        "available_supply": "184450000.0", 
        "total_supply": "484450000.0", 
        "max_supply": "484450000.0", 
        "percent_change_1h": "-0.12", 
        "percent_change_24h": "0.34", 
        "percent_change_7d": "-4.61", 
        "last_updated": "1523404456"
    }, 
    {
        "id": "electroneum", 
        "name": "Electroneum", 
        "symbol": "ETN", 
        "rank": "77", 
        "price_usd": "0.0212144", 
        "price_btc": "0.00000311", 
        "24h_volume_usd": "713182.0", 
        "market_cap_usd": "141607180.0", 
        "available_supply": "6675049977.0", 
        "total_supply": "6675049977.0", 
        "max_supply": "21000000000.0", 
        "percent_change_1h": "0.37", 
        "percent_change_24h": "-0.16", 
        "percent_change_7d": "-5.17", 
        "last_updated": "1523404456"
    }, 
    {
        "id": "kyber-network", 
        "name": "Kyber Network", 
        "symbol": "KNC", 
        "rank": "78", 
        "price_usd": "1.04108", 
        "price_btc": "0.00015266", 
        "24h_volume_usd": "8445850.0", 
        "market_cap_usd": "139642868.0", 
        "available_supply": "134132697.0", 
        "total_supply": "215625349.0", 
        "max_supply": null, 
        "percent_change_1h": "-0.23", 
        "percent_change_24h": "5.42", 
        "percent_change_7d": "0.53", 
        "last_updated": "1523404454"
    }, 
    {
        "id": "funfair", 
        "name": "FunFair", 
        "symbol": "FUN", 
        "rank": "79", 
        "price_usd": "0.0293124", 
        "price_btc": "0.00000430", 
        "24h_volume_usd": "676158.0", 
        "market_cap_usd": "138456335.0", 
        "available_supply": "4723473189.0", 
        "total_supply": "10999873621.0", 
        "max_supply": null, 
        "percent_change_1h": "-0.35", 
        "percent_change_24h": "1.72", 
        "percent_change_7d": "-9.25", 
        "last_updated": "1523404451"
    }, 
    {
        "id": "skycoin", 
        "name": "Skycoin", 
        "symbol": "SKY", 
        "rank": "80", 
        "price_usd": "17.6541", 
        "price_btc": "0.00258876", 
        "24h_volume_usd": "6874380.0", 
        "market_cap_usd": "137476378.0", 
        "available_supply": "7787221.0", 
        "total_supply": "25000000.0", 
        "max_supply": "100000000.0", 
        "percent_change_1h": "0.2", 
        "percent_change_24h": "13.15", 
        "percent_change_7d": "29.74", 
        "last_updated": "1523404450"
    }, 
    {
        "id": "reddcoin", 
        "name": "ReddCoin", 
        "symbol": "RDD", 
        "rank": "81", 
        "price_usd": "0.00468793", 
        "price_btc": "0.00000069", 
        "24h_volume_usd": "6031590.0", 
        "market_cap_usd": "135053231.0", 
        "available_supply": "28808713174.0", 
        "total_supply": "28808713174.0", 
        "max_supply": null, 
        "percent_change_1h": "5.53", 
        "percent_change_24h": "17.54", 
        "percent_change_7d": "2.72", 
        "last_updated": "1523404441"
    }, 
    {
        "id": "zcoin", 
        "name": "ZCoin", 
        "symbol": "XZC", 
        "rank": "82", 
        "price_usd": "28.552", 
        "price_btc": "0.00418681", 
        "24h_volume_usd": "917950.0", 
        "market_cap_usd": "128532137.0", 
        "available_supply": "4501686.0", 
        "total_supply": "4501686.0", 
        "max_supply": "21400000.0", 
        "percent_change_1h": "-0.12", 
        "percent_change_24h": "2.23", 
        "percent_change_7d": "-8.24", 
        "last_updated": "1523404448"
    }, 
    {
        "id": "mixin", 
        "name": "Mixin", 
        "symbol": "XIN", 
        "rank": "83", 
        "price_usd": "315.453", 
        "price_btc": "0.0462575", 
        "24h_volume_usd": "1162770.0", 
        "market_cap_usd": "128123226.0", 
        "available_supply": "406156.0", 
        "total_supply": "1000000.0", 
        "max_supply": null, 
        "percent_change_1h": "2.08", 
        "percent_change_24h": "-12.03", 
        "percent_change_7d": "35.65", 
        "last_updated": "1523404459"
    }, 
    {
        "id": "nxt", 
        "name": "Nxt", 
        "symbol": "NXT", 
        "rank": "84", 
        "price_usd": "0.12755", 
        "price_btc": "0.00001870", 
        "24h_volume_usd": "5534340.0", 
        "market_cap_usd": "127422443.0", 
        "available_supply": "998999942.0", 
        "total_supply": "998999942.0", 
        "max_supply": "1000000000.0", 
        "percent_change_1h": "0.16", 
        "percent_change_24h": "9.06", 
        "percent_change_7d": "0.23", 
        "last_updated": "1523404441"
    }, 
    {
        "id": "maidsafecoin", 
        "name": "MaidSafeCoin", 
        "symbol": "MAID", 
        "rank": "85", 
        "price_usd": "0.278451", 
        "price_btc": "0.00004083", 
        "24h_volume_usd": "1127530.0", 
        "market_cap_usd": "126013672.0", 
        "available_supply": "452552412.0", 
        "total_supply": "452552412.0", 
        "max_supply": null, 
        "percent_change_1h": "0.34", 
        "percent_change_24h": "6.15", 
        "percent_change_7d": "2.67", 
        "last_updated": "1523404442"
    }, 
    {
        "id": "byteball", 
        "name": "Byteball Bytes", 
        "symbol": "GBYTE", 
        "rank": "86", 
        "price_usd": "195.273", 
        "price_btc": "0.0286345", 
        "24h_volume_usd": "347171.0", 
        "market_cap_usd": "125994446.0", 
        "available_supply": "645222.0", 
        "total_supply": "1000000.0", 
        "max_supply": null, 
        "percent_change_1h": "2.27", 
        "percent_change_24h": "6.69", 
        "percent_change_7d": "4.43", 
        "last_updated": "1523404449"
    }, 
    {
        "id": "chainlink", 
        "name": "ChainLink", 
        "symbol": "LINK", 
        "rank": "87", 
        "price_usd": "0.355673", 
        "price_btc": "0.00005216", 
        "24h_volume_usd": "9533330.0", 
        "market_cap_usd": "124485550.0", 
        "available_supply": "350000000.0", 
        "total_supply": "1000000000.0", 
        "max_supply": null, 
        "percent_change_1h": "0.39", 
        "percent_change_24h": "14.03", 
        "percent_change_7d": "20.74", 
        "last_updated": "1523404455"
    }, 
    {
        "id": "salt", 
        "name": "SALT", 
        "symbol": "SALT", 
        "rank": "88", 
        "price_usd": "2.16594", 
        "price_btc": "0.00031761", 
        "24h_volume_usd": "13226600.0", 
        "market_cap_usd": "122084779.0", 
        "available_supply": "56365726.0", 
        "total_supply": "120000000.0", 
        "max_supply": null, 
        "percent_change_1h": "-0.28", 
        "percent_change_24h": "5.71", 
        "percent_change_7d": "-1.82", 
        "last_updated": "1523404454"
    }, 
    {
        "id": "nucleus-vision", 
        "name": "Nucleus Vision", 
        "symbol": "NCASH", 
        "rank": "89", 
        "price_usd": "0.0295956", 
        "price_btc": "0.00000434", 
        "24h_volume_usd": "19667200.0", 
        "market_cap_usd": "118755164.0", 
        "available_supply": "4012595236.0", 
        "total_supply": "10000000000.0", 
        "max_supply": null, 
        "percent_change_1h": "1.4", 
        "percent_change_24h": "7.86", 
        "percent_change_7d": "6.32", 
        "last_updated": "1523404461"
    }, 
    {
        "id": "storm", 
        "name": "Storm", 
        "symbol": "STORM", 
        "rank": "90", 
        "price_usd": "0.0286867", 
        "price_btc": "0.00000421", 
        "24h_volume_usd": "16285500.0", 
        "market_cap_usd": "117295700.0", 
        "available_supply": "4088853037.0", 
        "total_supply": "10000000000.0", 
        "max_supply": null, 
        "percent_change_1h": "-0.16", 
        "percent_change_24h": "1.17", 
        "percent_change_7d": "-11.2", 
        "last_updated": "1523404458"
    }, 
    {
        "id": "power-ledger", 
        "name": "Power Ledger", 
        "symbol": "POWR", 
        "rank": "91", 
        "price_usd": "0.30967", 
        "price_btc": "0.00004541", 
        "24h_volume_usd": "6538390.0", 
        "market_cap_usd": "112699116.0", 
        "available_supply": "363932947.0", 
        "total_supply": "1000000000.0", 
        "max_supply": null, 
        "percent_change_1h": "-0.06", 
        "percent_change_24h": "3.61", 
        "percent_change_7d": "-11.62", 
        "last_updated": "1523404456"
    }, 
    {
        "id": "particl", 
        "name": "Particl", 
        "symbol": "PART", 
        "rank": "92", 
        "price_usd": "12.464", 
        "price_btc": "0.0018277", 
        "24h_volume_usd": "2192530.0", 
        "market_cap_usd": "111317262.0", 
        "available_supply": "8931103.0", 
        "total_supply": "8931103.0", 
        "max_supply": null, 
        "percent_change_1h": "1.41", 
        "percent_change_24h": "1.75", 
        "percent_change_7d": "17.79", 
        "last_updated": "1523404452"
    }, 
    {
        "id": "bancor", 
        "name": "Bancor", 
        "symbol": "BNT", 
        "rank": "93", 
        "price_usd": "2.43253", 
        "price_btc": "0.0003567", 
        "24h_volume_usd": "5096000.0", 
        "market_cap_usd": "109552579.0", 
        "available_supply": "45036476.0", 
        "total_supply": "74711036.0", 
        "max_supply": null, 
        "percent_change_1h": "-0.0", 
        "percent_change_24h": "5.58", 
        "percent_change_7d": "4.03", 
        "last_updated": "1523404451"
    }, 
    {
        "id": "wax", 
        "name": "WAX", 
        "symbol": "WAX", 
        "rank": "94", 
        "price_usd": "0.176532", 
        "price_btc": "0.00002589", 
        "24h_volume_usd": "3831360.0", 
        "market_cap_usd": "109274879.0", 
        "available_supply": "619008898.0", 
        "total_supply": "1850000000.0", 
        "max_supply": null, 
        "percent_change_1h": "0.15", 
        "percent_change_24h": "8.05", 
        "percent_change_7d": "4.67", 
        "last_updated": "1523404458"
    }, 
    {
        "id": "enigma-project", 
        "name": "Enigma", 
        "symbol": "ENG", 
        "rank": "95", 
        "price_usd": "1.42633", 
        "price_btc": "0.00020916", 
        "24h_volume_usd": "5833720.0", 
        "market_cap_usd": "106741076.0", 
        "available_supply": "74836171.0", 
        "total_supply": "150000000.0", 
        "max_supply": null, 
        "percent_change_1h": "1.74", 
        "percent_change_24h": "5.31", 
        "percent_change_7d": "-5.71", 
        "last_updated": "1523404455"
    }, 
    {
        "id": "request-network", 
        "name": "Request Network", 
        "symbol": "REQ", 
        "rank": "96", 
        "price_usd": "0.158281", 
        "price_btc": "0.00002321", 
        "24h_volume_usd": "3031700.0", 
        "market_cap_usd": "104934175.0", 
        "available_supply": "662961287.0", 
        "total_supply": "999999783.0", 
        "max_supply": null, 
        "percent_change_1h": "-0.11", 
        "percent_change_24h": "1.43", 
        "percent_change_7d": "-5.04", 
        "last_updated": "1523404455"
    }, 
    {
        "id": "dent", 
        "name": "Dent", 
        "symbol": "DENT", 
        "rank": "97", 
        "price_usd": "0.00969501", 
        "price_btc": "0.00000142", 
        "24h_volume_usd": "831043.0", 
        "market_cap_usd": "102910214.0", 
        "available_supply": "10614760961.0", 
        "total_supply": "100000000000", 
        "max_supply": null, 
        "percent_change_1h": "-1.0", 
        "percent_change_24h": "-1.42", 
        "percent_change_7d": "-15.46", 
        "last_updated": "1523404454"
    }, 
    {
        "id": "neblio", 
        "name": "Neblio", 
        "symbol": "NEBL", 
        "rank": "98", 
        "price_usd": "7.8423", 
        "price_btc": "0.00114998", 
        "24h_volume_usd": "9184250.0", 
        "market_cap_usd": "101868385.0", 
        "available_supply": "12989606.0", 
        "total_supply": "13746535.0", 
        "max_supply": null, 
        "percent_change_1h": "-0.55", 
        "percent_change_24h": "4.95", 
        "percent_change_7d": "-2.21", 
        "last_updated": "1523404454"
    }, 
    {
        "id": "storj", 
        "name": "Storj", 
        "symbol": "STORJ", 
        "rank": "99", 
        "price_usd": "0.745439", 
        "price_btc": "0.00010931", 
        "24h_volume_usd": "10725700.0", 
        "market_cap_usd": "99460566.0", 
        "available_supply": "133425493.0", 
        "total_supply": "424999998.0", 
        "max_supply": null, 
        "percent_change_1h": "-0.73", 
        "percent_change_24h": "2.26", 
        "percent_change_7d": "-11.05", 
        "last_updated": "1523404452"
    }, 
    {
        "id": "dentacoin", 
        "name": "Dentacoin", 
        "symbol": "DCN", 
        "rank": "100", 
        "price_usd": "0.000304078", 
        "price_btc": "0.00000004", 
        "24h_volume_usd": "83581.1", 
        "market_cap_usd": "98894258.0", 
        "available_supply": "325226613094", 
        "total_supply": "1963173416169", 
        "max_supply": "8000000000000", 
        "percent_change_1h": "-0.55", 
        "percent_change_24h": "2.76", 
        "percent_change_7d": "-5.64", 
        "last_updated": "1523404453"
    }
]