[
    {
        "id": "bitcoin", 
        "name": "Bitcoin", 
        "symbol": "BTC", 
        "rank": "1", 
        "price_usd": "6834.76", 
        "price_btc": "1.0", 
        "24h_volume_usd": "4272750000.0", 
        "market_cap_usd": "115978358964", 
        "available_supply": "16968900.0", 
        "total_supply": "16968900.0", 
        "max_supply": "21000000.0", 
        "percent_change_1h": "0.22", 
        "percent_change_24h": "1.1", 
        "percent_change_7d": "-7.99", 
        "last_updated": "1523404769"
    }, 
    {
        "id": "ethereum", 
        "name": "Ethereum", 
        "symbol": "ETH", 
        "rank": "2", 
        "price_usd": "414.243", 
        "price_btc": "0.0607003", 
        "24h_volume_usd": "1196000000.0", 
        "market_cap_usd": "40903130396.0", 
        "available_supply": "98741875.0", 
        "total_supply": "98741875.0", 
        "max_supply": null, 
        "percent_change_1h": "0.43", 
        "percent_change_24h": "4.23", 
        "percent_change_7d": "0.69", 
        "last_updated": "1523404755"
    }, 
    {
        "id": "ripple", 
        "name": "Ripple", 
        "symbol": "XRP", 
        "rank": "3", 
        "price_usd": "0.491931", 
        "price_btc": "0.00007208", 
        "24h_volume_usd": "154495000.0", 
        "market_cap_usd": "19231806625.0", 
        "available_supply": "39094520623.0", 
        "total_supply": "99992405149.0", 
        "max_supply": "100000000000", 
        "percent_change_1h": "0.16", 
        "percent_change_24h": "0.54", 
        "percent_change_7d": "-9.87", 
        "last_updated": "1523404741"
    }, 
    {
        "id": "bitcoin-cash", 
        "name": "Bitcoin Cash", 
        "symbol": "BCH", 
        "rank": "4", 
        "price_usd": "649.616", 
        "price_btc": "0.0951903", 
        "24h_volume_usd": "225054000.0", 
        "market_cap_usd": "11086647103.0", 
        "available_supply": "17066463.0", 
        "total_supply": "17066463.0", 
        "max_supply": "21000000.0", 
        "percent_change_1h": "0.06", 
        "percent_change_24h": "2.28", 
        "percent_change_7d": "-7.88", 
        "last_updated": "1523404752"
    }, 
    {
        "id": "litecoin", 
        "name": "Litecoin", 
        "symbol": "LTC", 
        "rank": "5", 
        "price_usd": "114.263", 
        "price_btc": "0.0167433", 
        "24h_volume_usd": "202879000.0", 
        "market_cap_usd": "6401817412.0", 
        "available_supply": "56027038.0", 
        "total_supply": "56027038.0", 
        "max_supply": "84000000.0", 
        "percent_change_1h": "0.27", 
        "percent_change_24h": "-0.55", 
        "percent_change_7d": "-13.77", 
        "last_updated": "1523404741"
    }, 
    {
        "id": "eos", 
        "name": "EOS", 
        "symbol": "EOS", 
        "rank": "6", 
        "price_usd": "6.00018", 
        "price_btc": "0.00087922", 
        "24h_volume_usd": "225494000.0", 
        "market_cap_usd": "4708293313.0", 
        "available_supply": "784692011.0", 
        "total_supply": "900000000.0", 
        "max_supply": "1000000000.0", 
        "percent_change_1h": "0.41", 
        "percent_change_24h": "2.43", 
        "percent_change_7d": "-1.1", 
        "last_updated": "1523404752"
    }, 
    {
        "id": "cardano", 
        "name": "Cardano", 
        "symbol": "ADA", 
        "rank": "7", 
        "price_usd": "0.156347", 
        "price_btc": "0.00002291", 
        "24h_volume_usd": "55981300.0", 
        "market_cap_usd": "4053619697.0", 
        "available_supply": "25927070538.0", 
        "total_supply": "31112483745.0", 
        "max_supply": "45000000000.0", 
        "percent_change_1h": "0.44", 
        "percent_change_24h": "2.77", 
        "percent_change_7d": "-8.29", 
        "last_updated": "1523404754"
    }, 
    {
        "id": "stellar", 
        "name": "Stellar", 
        "symbol": "XLM", 
        "rank": "8", 
        "price_usd": "0.199344", 
        "price_btc": "0.00002921", 
        "24h_volume_usd": "26841200.0", 
        "market_cap_usd": "3698079756.0", 
        "available_supply": "18551246869.0", 
        "total_supply": "103847435165", 
        "max_supply": null, 
        "percent_change_1h": "0.23", 
        "percent_change_24h": "1.33", 
        "percent_change_7d": "-14.26", 
        "last_updated": "1523404744"
    }, 
    {
        "id": "neo", 
        "name": "NEO", 
        "symbol": "NEO", 
        "rank": "9", 
        "price_usd": "52.6221", 
        "price_btc": "0.00771088", 
        "24h_volume_usd": "90631300.0", 
        "market_cap_usd": "3420436500.0", 
        "available_supply": "65000000.0", 
        "total_supply": "100000000.0", 
        "max_supply": "100000000.0", 
        "percent_change_1h": "1.42", 
        "percent_change_24h": "1.07", 
        "percent_change_7d": "-0.28", 
        "last_updated": "1523404748"
    }, 
    {
        "id": "iota", 
        "name": "IOTA", 
        "symbol": "MIOTA", 
        "rank": "10", 
        "price_usd": "1.00871", 
        "price_btc": "0.00014781", 
        "24h_volume_usd": "21163200.0", 
        "market_cap_usd": "2803739992.0", 
        "available_supply": "2779530283.0", 
        "total_supply": "2779530283.0", 
        "max_supply": "2779530283.0", 
        "percent_change_1h": "0.32", 
        "percent_change_24h": "2.39", 
        "percent_change_7d": "-7.44", 
        "last_updated": "1523404751"
    }, 
    {
        "id": "monero", 
        "name": "Monero", 
        "symbol": "XMR", 
        "rank": "11", 
        "price_usd": "165.57", 
        "price_btc": "0.0242615", 
        "24h_volume_usd": "31208400.0", 
        "market_cap_usd": "2635244346.0", 
        "available_supply": "15916195.0", 
        "total_supply": "15916195.0", 
        "max_supply": null, 
        "percent_change_1h": "-0.14", 
        "percent_change_24h": "-0.52", 
        "percent_change_7d": "-11.95", 
        "last_updated": "1523404742"
    }, 
    {
        "id": "tron", 
        "name": "TRON", 
        "symbol": "TRX", 
        "rank": "12", 
        "price_usd": "0.0369276", 
        "price_btc": "0.00000541", 
        "24h_volume_usd": "303562000.0", 
        "market_cap_usd": "2427919968.0", 
        "available_supply": "65748111645.0", 
        "total_supply": "100000000000", 
        "max_supply": null, 
        "percent_change_1h": "0.48", 
        "percent_change_24h": "3.86", 
        "percent_change_7d": "7.27", 
        "last_updated": "1523404754"
    }, 
    {
        "id": "dash", 
        "name": "Dash", 
        "symbol": "DASH", 
        "rank": "13", 
        "price_usd": "298.807", 
        "price_btc": "0.0437851", 
        "24h_volume_usd": "71283200.0", 
        "market_cap_usd": "2391341335.0", 
        "available_supply": "8002963.0", 
        "total_supply": "8002963.0", 
        "max_supply": "18900000.0", 
        "percent_change_1h": "0.54", 
        "percent_change_24h": "0.42", 
        "percent_change_7d": "-11.46", 
        "last_updated": "1523404741"
    }, 
    {
        "id": "tether", 
        "name": "Tether", 
        "symbol": "USDT", 
        "rank": "14", 
        "price_usd": "0.997356", 
        "price_btc": "0.00014615", 
        "24h_volume_usd": "1253950000.0", 
        "market_cap_usd": "2281093613.0", 
        "available_supply": "2287140814.0", 
        "total_supply": "2580109970.0", 
        "max_supply": null, 
        "percent_change_1h": "-0.3", 
        "percent_change_24h": "-0.16", 
        "percent_change_7d": "-0.41", 
        "last_updated": "1523404745"
    }, 
    {
        "id": "nem", 
        "name": "NEM", 
        "symbol": "XEM", 
        "rank": "15", 
        "price_usd": "0.235359", 
        "price_btc": "0.00003449", 
        "24h_volume_usd": "12849700.0", 
        "market_cap_usd": "2118231000.0", 
        "available_supply": "8999999999.0", 
        "total_supply": "8999999999.0", 
        "max_supply": null, 
        "percent_change_1h": "0.62", 
        "percent_change_24h": "2.95", 
        "percent_change_7d": "-6.99", 
        "last_updated": "1523404744"
    }, 
    {
        "id": "vechain", 
        "name": "VeChain", 
        "symbol": "VEN", 
        "rank": "16", 
        "price_usd": "2.69134", 
        "price_btc": "0.00039437", 
        "24h_volume_usd": "65408600.0", 
        "market_cap_usd": "1412335851.0", 
        "available_supply": "524770505.0", 
        "total_supply": "873378637.0", 
        "max_supply": null, 
        "percent_change_1h": "0.35", 
        "percent_change_24h": "5.42", 
        "percent_change_7d": "-5.67", 
        "last_updated": "1523404754"
    }, 
    {
        "id": "binance-coin", 
        "name": "Binance Coin", 
        "symbol": "BNB", 
        "rank": "17", 
        "price_usd": "12.0362", 
        "price_btc": "0.0017637", 
        "24h_volume_usd": "87608200.0", 
        "market_cap_usd": "1399347919.0", 
        "available_supply": "116261604.0", 
        "total_supply": "197192382.0", 
        "max_supply": null, 
        "percent_change_1h": "0.93", 
        "percent_change_24h": "1.71", 
        "percent_change_7d": "-8.75", 
        "last_updated": "1523404753"
    }, 
    {
        "id": "ethereum-classic", 
        "name": "Ethereum Classic", 
        "symbol": "ETC", 
        "rank": "18", 
        "price_usd": "13.6521", 
        "price_btc": "0.00200049", 
        "24h_volume_usd": "73476000.0", 
        "market_cap_usd": "1380096673.0", 
        "available_supply": "101090431.0", 
        "total_supply": "101090431.0", 
        "max_supply": null, 
        "percent_change_1h": "-0.04", 
        "percent_change_24h": "0.55", 
        "percent_change_7d": "-8.84", 
        "last_updated": "1523404747"
    }, 
    {
        "id": "verge", 
        "name": "Verge", 
        "symbol": "XVG", 
        "rank": "19", 
        "price_usd": "0.0841303", 
        "price_btc": "0.00001233", 
        "24h_volume_usd": "445879000.0", 
        "market_cap_usd": "1250173967.0", 
        "available_supply": "14859972765.0", 
        "total_supply": "14859972765.0", 
        "max_supply": "16555000000.0", 
        "percent_change_1h": "0.0", 
        "percent_change_24h": "10.27", 
        "percent_change_7d": "22.68", 
        "last_updated": "1523404743"
    }, 
    {
        "id": "qtum", 
        "name": "Qtum", 
        "symbol": "QTUM", 
        "rank": "20", 
        "price_usd": "13.4408", 
        "price_btc": "0.00196952", 
        "24h_volume_usd": "89319900.0", 
        "market_cap_usd": "1189695208.0", 
        "available_supply": "88513720.0", 
        "total_supply": "100513720.0", 
        "max_supply": null, 
        "percent_change_1h": "-0.38", 
        "percent_change_24h": "0.18", 
        "percent_change_7d": "-10.24", 
        "last_updated": "1523404751"
    }, 
    {
        "id": "ontology", 
        "name": "Ontology", 
        "symbol": "ONT", 
        "rank": "21", 
        "price_usd": "4.62129", 
        "price_btc": "0.00067717", 
        "24h_volume_usd": "161658000.0", 
        "market_cap_usd": "1114823599.0", 
        "available_supply": "241236451.0", 
        "total_supply": "1000000000.0", 
        "max_supply": null, 
        "percent_change_1h": "-0.87", 
        "percent_change_24h": "29.01", 
        "percent_change_7d": "100.63", 
        "last_updated": "1523404761"
    }, 
    {
        "id": "omisego", 
        "name": "OmiseGO", 
        "symbol": "OMG", 
        "rank": "22", 
        "price_usd": "9.24878", 
        "price_btc": "0.00135525", 
        "24h_volume_usd": "28200500.0", 
        "market_cap_usd": "943769112.0", 
        "available_supply": "102042552.0", 
        "total_supply": "140245398.0", 
        "max_supply": null, 
        "percent_change_1h": "0.41", 
        "percent_change_24h": "2.07", 
        "percent_change_7d": "-1.75", 
        "last_updated": "1523404753"
    }, 
    {
        "id": "lisk", 
        "name": "Lisk", 
        "symbol": "LSK", 
        "rank": "23", 
        "price_usd": "8.52513", 
        "price_btc": "0.00124921", 
        "24h_volume_usd": "14258800.0", 
        "market_cap_usd": "884230807.0", 
        "available_supply": "103720507.0", 
        "total_supply": "119971024.0", 
        "max_supply": null, 
        "percent_change_1h": "0.87", 
        "percent_change_24h": "-0.48", 
        "percent_change_7d": "-11.32", 
        "last_updated": "1523404747"
    }, 
    {
        "id": "icon", 
        "name": "ICON", 
        "symbol": "ICX", 
        "rank": "24", 
        "price_usd": "2.10689", 
        "price_btc": "0.00030873", 
        "24h_volume_usd": "45542800.0", 
        "market_cap_usd": "815453357.0", 
        "available_supply": "387041258.0", 
        "total_supply": "400228750.0", 
        "max_supply": null, 
        "percent_change_1h": "-0.27", 
        "percent_change_24h": "5.13", 
        "percent_change_7d": "-6.88", 
        "last_updated": "1523404757"
    }, 
    {
        "id": "bitcoin-gold", 
        "name": "Bitcoin Gold", 
        "symbol": "BTG", 
        "rank": "25", 
        "price_usd": "40.8758", 
        "price_btc": "0.00598966", 
        "24h_volume_usd": "7640680.0", 
        "market_cap_usd": "692255119.0", 
        "available_supply": "16935574.0", 
        "total_supply": "17035574.0", 
        "max_supply": "21000000.0", 
        "percent_change_1h": "0.49", 
        "percent_change_24h": "-0.45", 
        "percent_change_7d": "-11.84", 
        "last_updated": "1523404755"
    }, 
    {
        "id": "zcash", 
        "name": "Zcash", 
        "symbol": "ZEC", 
        "rank": "26", 
        "price_usd": "179.722", 
        "price_btc": "0.0263353", 
        "24h_volume_usd": "33315100.0", 
        "market_cap_usd": "660281779.0", 
        "available_supply": "3673906.0", 
        "total_supply": "3673906.0", 
        "max_supply": null, 
        "percent_change_1h": "0.67", 
        "percent_change_24h": "1.45", 
        "percent_change_7d": "-11.99", 
        "last_updated": "1523404748"
    }, 
    {
        "id": "nano", 
        "name": "Nano", 
        "symbol": "NANO", 
        "rank": "27", 
        "price_usd": "4.84602", 
        "price_btc": "0.0007101", 
        "24h_volume_usd": "6671320.0", 
        "market_cap_usd": "645723875.0", 
        "available_supply": "133248289.0", 
        "total_supply": "133248289.0", 
        "max_supply": "133248290.0", 
        "percent_change_1h": "0.28", 
        "percent_change_24h": "0.43", 
        "percent_change_7d": "-18.47", 
        "last_updated": "1523404749"
    }, 
    {
        "id": "bytom", 
        "name": "Bytom", 
        "symbol": "BTM", 
        "rank": "28", 
        "price_usd": "0.596126", 
        "price_btc": "0.00008735", 
        "24h_volume_usd": "23778900.0", 
        "market_cap_usd": "588376362.0", 
        "available_supply": "987000000.0", 
        "total_supply": "1407000000.0", 
        "max_supply": null, 
        "percent_change_1h": "2.29", 
        "percent_change_24h": "13.52", 
        "percent_change_7d": "22.47", 
        "last_updated": "1523404753"
    }, 
    {
        "id": "wanchain", 
        "name": "Wanchain", 
        "symbol": "WAN", 
        "rank": "29", 
        "price_usd": "4.47564", 
        "price_btc": "0.00065583", 
        "24h_volume_usd": "27672800.0", 
        "market_cap_usd": "475100342.0", 
        "available_supply": "106152493.0", 
        "total_supply": "210000000.0", 
        "max_supply": null, 
        "percent_change_1h": "2.32", 
        "percent_change_24h": "21.82", 
        "percent_change_7d": "30.4", 
        "last_updated": "1523404762"
    }, 
    {
        "id": "steem", 
        "name": "Steem", 
        "symbol": "STEEM", 
        "rank": "30", 
        "price_usd": "1.84739", 
        "price_btc": "0.0002707", 
        "24h_volume_usd": "2149730.0", 
        "market_cap_usd": "473214351.0", 
        "available_supply": "256152924.0", 
        "total_supply": "273127018.0", 
        "max_supply": null, 
        "percent_change_1h": "0.64", 
        "percent_change_24h": "1.62", 
        "percent_change_7d": "-9.61", 
        "last_updated": "1523404747"
    }, 
    {
        "id": "populous", 
        "name": "Populous", 
        "symbol": "PPT", 
        "rank": "31", 
        "price_usd": "11.6903", 
        "price_btc": "0.00171301", 
        "24h_volume_usd": "1258760.0", 
        "market_cap_usd": "432588176.0", 
        "available_supply": "37004027.0", 
        "total_supply": "53252246.0", 
        "max_supply": "53252246.0", 
        "percent_change_1h": "-0.21", 
        "percent_change_24h": "0.76", 
        "percent_change_7d": "-10.81", 
        "last_updated": "1523404752"
    }, 
    {
        "id": "bytecoin-bcn", 
        "name": "Bytecoin", 
        "symbol": "BCN", 
        "rank": "32", 
        "price_usd": "0.00234182", 
        "price_btc": "0.00000034", 
        "24h_volume_usd": "4360270.0", 
        "market_cap_usd": "430498968.0", 
        "available_supply": "183830938525", 
        "total_supply": "183830938525", 
        "max_supply": "184470000000", 
        "percent_change_1h": "0.01", 
        "percent_change_24h": "10.21", 
        "percent_change_7d": "1.5", 
        "last_updated": "1523404743"
    }, 
    {
        "id": "digixdao", 
        "name": "DigixDAO", 
        "symbol": "DGD", 
        "rank": "33", 
        "price_usd": "208.357", 
        "price_btc": "0.0305312", 
        "24h_volume_usd": "10789700.0", 
        "market_cap_usd": "416714000.0", 
        "available_supply": "2000000.0", 
        "total_supply": "2000000.0", 
        "max_supply": null, 
        "percent_change_1h": "0.11", 
        "percent_change_24h": "0.1", 
        "percent_change_7d": "-11.04", 
        "last_updated": "1523404747"
    }, 
    {
        "id": "siacoin", 
        "name": "Siacoin", 
        "symbol": "SC", 
        "rank": "34", 
        "price_usd": "0.0114472", 
        "price_btc": "0.00000168", 
        "24h_volume_usd": "8685880.0", 
        "market_cap_usd": "385774876.0", 
        "available_supply": "33700370054.0", 
        "total_supply": "33700370054.0", 
        "max_supply": null, 
        "percent_change_1h": "-0.54", 
        "percent_change_24h": "5.91", 
        "percent_change_7d": "-4.14", 
        "last_updated": "1523404745"
    }, 
    {
        "id": "bitcoin-diamond", 
        "name": "Bitcoin Diamond", 
        "symbol": "BCD", 
        "rank": "35", 
        "price_usd": "2.49645", 
        "price_btc": "0.00036581", 
        "24h_volume_usd": "1689380.0", 
        "market_cap_usd": "382031431.0", 
        "available_supply": "153029875.0", 
        "total_supply": "156029875.0", 
        "max_supply": "210000000.0", 
        "percent_change_1h": "-4.35", 
        "percent_change_24h": "4.29", 
        "percent_change_7d": "11.6", 
        "last_updated": "1523404757"
    }, 
    {
        "id": "bitshares", 
        "name": "BitShares", 
        "symbol": "BTS", 
        "rank": "36", 
        "price_usd": "0.142616", 
        "price_btc": "0.00002090", 
        "24h_volume_usd": "6488910.0", 
        "market_cap_usd": "372898055.0", 
        "available_supply": "2614700000.0", 
        "total_supply": "2614700000.0", 
        "max_supply": "3600570502.0", 
        "percent_change_1h": "0.28", 
        "percent_change_24h": "3.14", 
        "percent_change_7d": "-5.25", 
        "last_updated": "1523404743"
    }, 
    {
        "id": "stratis", 
        "name": "Stratis", 
        "symbol": "STRAT", 
        "rank": "37", 
        "price_usd": "3.72642", 
        "price_btc": "0.00054604", 
        "24h_volume_usd": "5520670.0", 
        "market_cap_usd": "368214157.0", 
        "available_supply": "98811770.0", 
        "total_supply": "98811770.0", 
        "max_supply": null, 
        "percent_change_1h": "0.03", 
        "percent_change_24h": "4.7", 
        "percent_change_7d": "-6.3", 
        "last_updated": "1523404747"
    }, 
    {
        "id": "rchain", 
        "name": "RChain", 
        "symbol": "RHOC", 
        "rank": "38", 
        "price_usd": "1.02197", 
        "price_btc": "0.00014975", 
        "24h_volume_usd": "1972590.0", 
        "market_cap_usd": "367520305.0", 
        "available_supply": "359619465.0", 
        "total_supply": "870663574.0", 
        "max_supply": "1000000000.0", 
        "percent_change_1h": "-0.03", 
        "percent_change_24h": "5.99", 
        "percent_change_7d": "3.52", 
        "last_updated": "1523404755"
    }, 
    {
        "id": "decred", 
        "name": "Decred", 
        "symbol": "DCR", 
        "rank": "39", 
        "price_usd": "51.0081", 
        "price_btc": "0.00747437", 
        "24h_volume_usd": "18426200.0", 
        "market_cap_usd": "362302132.0", 
        "available_supply": "7102835.0", 
        "total_supply": "7522835.0", 
        "max_supply": "21000000.0", 
        "percent_change_1h": "0.44", 
        "percent_change_24h": "5.87", 
        "percent_change_7d": "9.55", 
        "last_updated": "1523404746"
    }, 
    {
        "id": "waves", 
        "name": "Waves", 
        "symbol": "WAVES", 
        "rank": "40", 
        "price_usd": "3.61443", 
        "price_btc": "0.00052963", 
        "24h_volume_usd": "16422300.0", 
        "market_cap_usd": "361443000.0", 
        "available_supply": "100000000.0", 
        "total_supply": "100000000.0", 
        "max_supply": null, 
        "percent_change_1h": "0.34", 
        "percent_change_24h": "4.38", 
        "percent_change_7d": "-9.79", 
        "last_updated": "1523404747"
    }, 
    {
        "id": "maker", 
        "name": "Maker", 
        "symbol": "MKR", 
        "rank": "41", 
        "price_usd": "568.906", 
        "price_btc": "0.0833637", 
        "24h_volume_usd": "248767.0", 
        "market_cap_usd": "351713488.0", 
        "available_supply": "618228.0", 
        "total_supply": "1000000.0", 
        "max_supply": null, 
        "percent_change_1h": "1.89", 
        "percent_change_24h": "7.67", 
        "percent_change_7d": "8.71", 
        "last_updated": "1523404749"
    }, 
    {
        "id": "dogecoin", 
        "name": "Dogecoin", 
        "symbol": "DOGE", 
        "rank": "42", 
        "price_usd": "0.00304257", 
        "price_btc": "0.00000045", 
        "24h_volume_usd": "10212100.0", 
        "market_cap_usd": "346737261.0", 
        "available_supply": "113961966538", 
        "total_supply": "113961966538", 
        "max_supply": null, 
        "percent_change_1h": "0.44", 
        "percent_change_24h": "10.46", 
        "percent_change_7d": "2.44", 
        "last_updated": "1523404741"
    }, 
    {
        "id": "aeternity", 
        "name": "Aeternity", 
        "symbol": "AE", 
        "rank": "43", 
        "price_usd": "1.35266", 
        "price_btc": "0.00019821", 
        "24h_volume_usd": "5170090.0", 
        "market_cap_usd": "315197472.0", 
        "available_supply": "233020472.0", 
        "total_supply": "273685830.0", 
        "max_supply": null, 
        "percent_change_1h": "0.4", 
        "percent_change_24h": "2.82", 
        "percent_change_7d": "-9.6", 
        "last_updated": "1523404751"
    }, 
    {
        "id": "status", 
        "name": "Status", 
        "symbol": "SNT", 
        "rank": "44", 
        "price_usd": "0.0892369", 
        "price_btc": "0.00001308", 
        "24h_volume_usd": "19453900.0", 
        "market_cap_usd": "309695215.0", 
        "available_supply": "3470483788.0", 
        "total_supply": "6804870174.0", 
        "max_supply": null, 
        "percent_change_1h": "-0.19", 
        "percent_change_24h": "1.5", 
        "percent_change_7d": "-13.99", 
        "last_updated": "1523404751"
    }, 
    {
        "id": "0x", 
        "name": "0x", 
        "symbol": "ZRX", 
        "rank": "45", 
        "price_usd": "0.55965", 
        "price_btc": "0.00008201", 
        "24h_volume_usd": "4924860.0", 
        "market_cap_usd": "292539599.0", 
        "available_supply": "522718841.0", 
        "total_supply": "1000000000.0", 
        "max_supply": null, 
        "percent_change_1h": "0.13", 
        "percent_change_24h": "3.74", 
        "percent_change_7d": "-5.94", 
        "last_updated": "1523404753"
    }, 
    {
        "id": "zilliqa", 
        "name": "Zilliqa", 
        "symbol": "ZIL", 
        "rank": "46", 
        "price_usd": "0.0401483", 
        "price_btc": "0.00000588", 
        "24h_volume_usd": "14359300.0", 
        "market_cap_usd": "286981582.0", 
        "available_supply": "7148038186.0", 
        "total_supply": "12600000000.0", 
        "max_supply": null, 
        "percent_change_1h": "-0.08", 
        "percent_change_24h": "2.96", 
        "percent_change_7d": "-11.34", 
        "last_updated": "1523404760"
    }, 
    {
        "id": "augur", 
        "name": "Augur", 
        "symbol": "REP", 
        "rank": "47", 
        "price_usd": "24.6895", 
        "price_btc": "0.00361783", 
        "24h_volume_usd": "2501210.0", 
        "market_cap_usd": "271584500.0", 
        "available_supply": "11000000.0", 
        "total_supply": "11000000.0", 
        "max_supply": null, 
        "percent_change_1h": "0.36", 
        "percent_change_24h": "1.38", 
        "percent_change_7d": "-8.03", 
        "last_updated": "1523404761"
    }, 
    {
        "id": "komodo", 
        "name": "Komodo", 
        "symbol": "KMD", 
        "rank": "48", 
        "price_usd": "2.60563", 
        "price_btc": "0.00038181", 
        "24h_volume_usd": "2358710.0", 
        "market_cap_usd": "271086614.0", 
        "available_supply": "104038798.0", 
        "total_supply": "104038798.0", 
        "max_supply": null, 
        "percent_change_1h": "-2.05", 
        "percent_change_24h": "3.83", 
        "percent_change_7d": "-10.2", 
        "last_updated": "1523404749"
    }, 
    {
        "id": "ardor", 
        "name": "Ardor", 
        "symbol": "ARDR", 
        "rank": "49", 
        "price_usd": "0.254466", 
        "price_btc": "0.00003729", 
        "24h_volume_usd": "2417880.0", 
        "market_cap_usd": "254211405.0", 
        "available_supply": "998999495.0", 
        "total_supply": "998999495.0", 
        "max_supply": "998999495.0", 
        "percent_change_1h": "0.14", 
        "percent_change_24h": "4.83", 
        "percent_change_7d": "-14.52", 
        "last_updated": "1523404747"
    }, 
    {
        "id": "aion", 
        "name": "Aion", 
        "symbol": "AION", 
        "rank": "50", 
        "price_usd": "2.13161", 
        "price_btc": "0.00031235", 
        "24h_volume_usd": "9613100.0", 
        "market_cap_usd": "245816990.0", 
        "available_supply": "115319871.0", 
        "total_supply": "465934587.0", 
        "max_supply": null, 
        "percent_change_1h": "0.67", 
        "percent_change_24h": "2.77", 
        "percent_change_7d": "-2.85", 
        "last_updated": "1523404755"
    }, 
    {
        "id": "iostoken", 
        "name": "IOStoken", 
        "symbol": "IOST", 
        "rank": "51", 
        "price_usd": "0.0291242", 
        "price_btc": "0.00000427", 
        "24h_volume_usd": "45826900.0", 
        "market_cap_usd": "244643280.0", 
        "available_supply": "8400000000.0", 
        "total_supply": "21000000000.0", 
        "max_supply": null, 
        "percent_change_1h": "0.34", 
        "percent_change_24h": "-2.34", 
        "percent_change_7d": "11.81", 
        "last_updated": "1523404759"
    }, 
    {
        "id": "golem-network-tokens", 
        "name": "Golem", 
        "symbol": "GNT", 
        "rank": "52", 
        "price_usd": "0.287536", 
        "price_btc": "0.00004213", 
        "24h_volume_usd": "51350600.0", 
        "market_cap_usd": "239880358.0", 
        "available_supply": "834262000.0", 
        "total_supply": "1000000000.0", 
        "max_supply": null, 
        "percent_change_1h": "-0.09", 
        "percent_change_24h": "19.37", 
        "percent_change_7d": "32.59", 
        "last_updated": "1523404748"
    }, 
    {
        "id": "loopring", 
        "name": "Loopring", 
        "symbol": "LRC", 
        "rank": "53", 
        "price_usd": "0.418535", 
        "price_btc": "0.00006133", 
        "24h_volume_usd": "6442650.0", 
        "market_cap_usd": "239433010.0", 
        "available_supply": "572074043.0", 
        "total_supply": "1374956262.0", 
        "max_supply": null, 
        "percent_change_1h": "0.12", 
        "percent_change_24h": "2.55", 
        "percent_change_7d": "5.19", 
        "last_updated": "1523404755"
    }, 
    {
        "id": "kucoin-shares", 
        "name": "KuCoin Shares", 
        "symbol": "KCS", 
        "rank": "54", 
        "price_usd": "2.46904", 
        "price_btc": "0.0003618", 
        "24h_volume_usd": "288943.0", 
        "market_cap_usd": "224788996.0", 
        "available_supply": "91043076.0", 
        "total_supply": "181043076.0", 
        "max_supply": null, 
        "percent_change_1h": "0.26", 
        "percent_change_24h": "5.25", 
        "percent_change_7d": "0.72", 
        "last_updated": "1523404755"
    }, 
    {
        "id": "ark", 
        "name": "Ark", 
        "symbol": "ARK", 
        "rank": "55", 
        "price_usd": "2.18655", 
        "price_btc": "0.0003204", 
        "24h_volume_usd": "1952300.0", 
        "market_cap_usd": "222626829.0", 
        "available_supply": "101816482.0", 
        "total_supply": "133066482.0", 
        "max_supply": null, 
        "percent_change_1h": "-0.33", 
        "percent_change_24h": "5.65", 
        "percent_change_7d": "-6.32", 
        "last_updated": "1523404750"
    }, 
    {
        "id": "hshare", 
        "name": "Hshare", 
        "symbol": "HSR", 
        "rank": "56", 
        "price_usd": "5.19348", 
        "price_btc": "0.00076102", 
        "24h_volume_usd": "13608900.0", 
        "market_cap_usd": "222526059.0", 
        "available_supply": "42847197.0", 
        "total_supply": "42847197.0", 
        "max_supply": "84000000.0", 
        "percent_change_1h": "-0.1", 
        "percent_change_24h": "0.04", 
        "percent_change_7d": "-9.31", 
        "last_updated": "1523404753"
    }, 
    {
        "id": "pivx", 
        "name": "PIVX", 
        "symbol": "PIVX", 
        "rank": "57", 
        "price_usd": "3.8938", 
        "price_btc": "0.00057057", 
        "24h_volume_usd": "1433930.0", 
        "market_cap_usd": "217860410.0", 
        "available_supply": "55950591.0", 
        "total_supply": "55950591.0", 
        "max_supply": null, 
        "percent_change_1h": "0.18", 
        "percent_change_24h": "0.29", 
        "percent_change_7d": "-6.08", 
        "last_updated": "1523404746"
    }, 
    {
        "id": "cryptonex", 
        "name": "Cryptonex", 
        "symbol": "CNX", 
        "rank": "58", 
        "price_usd": "4.76966", 
        "price_btc": "0.00069891", 
        "24h_volume_usd": "1266080.0", 
        "market_cap_usd": "215622753.0", 
        "available_supply": "45207154.0", 
        "total_supply": "106644780.0", 
        "max_supply": "210000000.0", 
        "percent_change_1h": "0.57", 
        "percent_change_24h": "0.93", 
        "percent_change_7d": "-6.54", 
        "last_updated": "1523404754"
    }, 
    {
        "id": "waltonchain", 
        "name": "Waltonchain", 
        "symbol": "WTC", 
        "rank": "59", 
        "price_usd": "8.62965", 
        "price_btc": "0.00126453", 
        "24h_volume_usd": "1876590.0", 
        "market_cap_usd": "214862562.0", 
        "available_supply": "24898178.0", 
        "total_supply": "70000000.0", 
        "max_supply": "100000000.0", 
        "percent_change_1h": "-0.31", 
        "percent_change_24h": "3.12", 
        "percent_change_7d": "-17.69", 
        "last_updated": "1523404753"
    }, 
    {
        "id": "aelf", 
        "name": "aelf", 
        "symbol": "ELF", 
        "rank": "60", 
        "price_usd": "0.833638", 
        "price_btc": "0.00012216", 
        "24h_volume_usd": "84339100.0", 
        "market_cap_usd": "208409500.0", 
        "available_supply": "250000000.0", 
        "total_supply": "280000000.0", 
        "max_supply": "1000000000.0", 
        "percent_change_1h": "4.87", 
        "percent_change_24h": "41.88", 
        "percent_change_7d": "46.75", 
        "last_updated": "1523404760"
    }, 
    {
        "id": "digibyte", 
        "name": "DigiByte", 
        "symbol": "DGB", 
        "rank": "61", 
        "price_usd": "0.0201358", 
        "price_btc": "0.00000295", 
        "24h_volume_usd": "2955280.0", 
        "market_cap_usd": "203319430.0", 
        "available_supply": "10097410079.0", 
        "total_supply": "10097410079.0", 
        "max_supply": "21000000000.0", 
        "percent_change_1h": "0.41", 
        "percent_change_24h": "10.53", 
        "percent_change_7d": "-0.1", 
        "last_updated": "1523404741"
    }, 
    {
        "id": "basic-attention-token", 
        "name": "Basic Attention Token", 
        "symbol": "BAT", 
        "rank": "62", 
        "price_usd": "0.19898", 
        "price_btc": "0.00002916", 
        "24h_volume_usd": "5211810.0", 
        "market_cap_usd": "198980000.0", 
        "available_supply": "1000000000.0", 
        "total_supply": "1500000000.0", 
        "max_supply": null, 
        "percent_change_1h": "1.44", 
        "percent_change_24h": "6.54", 
        "percent_change_7d": "-5.58", 
        "last_updated": "1523404750"
    }, 
    {
        "id": "centrality", 
        "name": "Centrality", 
        "symbol": "CENNZ", 
        "rank": "63", 
        "price_usd": "0.297407", 
        "price_btc": "0.00004358", 
        "24h_volume_usd": "110934.0", 
        "market_cap_usd": "195984443.0", 
        "available_supply": "658977236.0", 
        "total_supply": "1200000000.0", 
        "max_supply": null, 
        "percent_change_1h": "0.8", 
        "percent_change_24h": "4.62", 
        "percent_change_7d": "-14.22", 
        "last_updated": "1523404763"
    }, 
    {
        "id": "monacoin", 
        "name": "MonaCoin", 
        "symbol": "MONA", 
        "rank": "64", 
        "price_usd": "3.28529", 
        "price_btc": "0.0004814", 
        "24h_volume_usd": "877093.0", 
        "market_cap_usd": "192798311.0", 
        "available_supply": "58685325.0", 
        "total_supply": "58685325.0", 
        "max_supply": null, 
        "percent_change_1h": "0.77", 
        "percent_change_24h": "1.58", 
        "percent_change_7d": "-7.32", 
        "last_updated": "1523404742"
    }, 
    {
        "id": "qash", 
        "name": "QASH", 
        "symbol": "QASH", 
        "rank": "65", 
        "price_usd": "0.530537", 
        "price_btc": "0.00007774", 
        "24h_volume_usd": "3725150.0", 
        "market_cap_usd": "185687950.0", 
        "available_supply": "350000000.0", 
        "total_supply": "1000000000.0", 
        "max_supply": null, 
        "percent_change_1h": "0.9", 
        "percent_change_24h": "0.33", 
        "percent_change_7d": "-14.52", 
        "last_updated": "1523404757"
    }, 
    {
        "id": "veritaseum", 
        "name": "Veritaseum", 
        "symbol": "VERI", 
        "rank": "66", 
        "price_usd": "89.2832", 
        "price_btc": "0.0130829", 
        "24h_volume_usd": "327102.0", 
        "market_cap_usd": "181838222.0", 
        "available_supply": "2036645.0", 
        "total_supply": "100000000.0", 
        "max_supply": null, 
        "percent_change_1h": "-2.14", 
        "percent_change_24h": "-2.38", 
        "percent_change_7d": "-26.85", 
        "last_updated": "1523404750"
    }, 
    {
        "id": "factom", 
        "name": "Factom", 
        "symbol": "FCT", 
        "rank": "67", 
        "price_usd": "20.2701", 
        "price_btc": "0.00297024", 
        "24h_volume_usd": "481439.0", 
        "market_cap_usd": "177264092.0", 
        "available_supply": "8745102.0", 
        "total_supply": "8745102.0", 
        "max_supply": null, 
        "percent_change_1h": "-0.42", 
        "percent_change_24h": "2.84", 
        "percent_change_7d": "-5.8", 
        "last_updated": "1523404745"
    }, 
    {
        "id": "dragonchain", 
        "name": "Dragonchain", 
        "symbol": "DRGN", 
        "rank": "68", 
        "price_usd": "0.718973", 
        "price_btc": "0.00010535", 
        "24h_volume_usd": "1219440.0", 
        "market_cap_usd": "171418937.0", 
        "available_supply": "238421940.0", 
        "total_supply": "433494437.0", 
        "max_supply": null, 
        "percent_change_1h": "-0.24", 
        "percent_change_24h": "1.23", 
        "percent_change_7d": "-1.27", 
        "last_updated": "1523404757"
    }, 
    {
        "id": "elastos", 
        "name": "Elastos", 
        "symbol": "ELA", 
        "rank": "69", 
        "price_usd": "33.5708", 
        "price_btc": "0.00491923", 
        "24h_volume_usd": "13233200.0", 
        "market_cap_usd": "166678183.0", 
        "available_supply": "4964975.0", 
        "total_supply": "33379033.0", 
        "max_supply": null, 
        "percent_change_1h": "1.55", 
        "percent_change_24h": "1.96", 
        "percent_change_7d": "21.78", 
        "last_updated": "1523404760"
    }, 
    {
        "id": "nebulas-token", 
        "name": "Nebulas", 
        "symbol": "NAS", 
        "rank": "70", 
        "price_usd": "4.56808", 
        "price_btc": "0.00066938", 
        "24h_volume_usd": "8230680.0", 
        "market_cap_usd": "162166840.0", 
        "available_supply": "35500000.0", 
        "total_supply": "100000000.0", 
        "max_supply": "100000000.0", 
        "percent_change_1h": "-0.83", 
        "percent_change_24h": "3.57", 
        "percent_change_7d": "-6.34", 
        "last_updated": "1523404753"
    }, 
    {
        "id": "gas", 
        "name": "Gas", 
        "symbol": "GAS", 
        "rank": "71", 
        "price_usd": "15.4611", 
        "price_btc": "0.00226557", 
        "24h_volume_usd": "4189630.0", 
        "market_cap_usd": "155564120.0", 
        "available_supply": "10061646.0", 
        "total_supply": "16914585.0", 
        "max_supply": "100000000.0", 
        "percent_change_1h": "0.92", 
        "percent_change_24h": "3.21", 
        "percent_change_7d": "-8.97", 
        "last_updated": "1523404752"
    }, 
    {
        "id": "substratum", 
        "name": "Substratum", 
        "symbol": "SUB", 
        "rank": "72", 
        "price_usd": "0.398299", 
        "price_btc": "0.00005836", 
        "24h_volume_usd": "5196760.0", 
        "market_cap_usd": "152556881.0", 
        "available_supply": "383021000.0", 
        "total_supply": "472000000.0", 
        "max_supply": null, 
        "percent_change_1h": "0.58", 
        "percent_change_24h": "5.11", 
        "percent_change_7d": "6.23", 
        "last_updated": "1523404754"
    }, 
    {
        "id": "ethos", 
        "name": "Ethos", 
        "symbol": "ETHOS", 
        "rank": "73", 
        "price_usd": "1.98211", 
        "price_btc": "0.00029045", 
        "24h_volume_usd": "3470020.0", 
        "market_cap_usd": "151427078.0", 
        "available_supply": "76396909.0", 
        "total_supply": "222295208.0", 
        "max_supply": null, 
        "percent_change_1h": "0.39", 
        "percent_change_24h": "2.49", 
        "percent_change_7d": "-9.25", 
        "last_updated": "1523404752"
    }, 
    {
        "id": "gxchain", 
        "name": "GXChain", 
        "symbol": "GXS", 
        "rank": "74", 
        "price_usd": "2.485", 
        "price_btc": "0.00036414", 
        "24h_volume_usd": "13011000.0", 
        "market_cap_usd": "149100000.0", 
        "available_supply": "60000000.0", 
        "total_supply": "100000000.0", 
        "max_supply": "100000000.0", 
        "percent_change_1h": "0.42", 
        "percent_change_24h": "2.79", 
        "percent_change_7d": "-9.49", 
        "last_updated": "1523404751"
    }, 
    {
        "id": "syscoin", 
        "name": "Syscoin", 
        "symbol": "SYS", 
        "rank": "75", 
        "price_usd": "0.277683", 
        "price_btc": "0.00004069", 
        "24h_volume_usd": "1517440.0", 
        "market_cap_usd": "147785228.0", 
        "available_supply": "532208409.0", 
        "total_supply": "532208409.0", 
        "max_supply": "888000000.0", 
        "percent_change_1h": "0.16", 
        "percent_change_24h": "3.08", 
        "percent_change_7d": "-7.79", 
        "last_updated": "1523404743"
    }, 
    {
        "id": "revain", 
        "name": "Revain", 
        "symbol": "R", 
        "rank": "76", 
        "price_usd": "0.776776", 
        "price_btc": "0.00011382", 
        "24h_volume_usd": "2959060.0", 
        "market_cap_usd": "143276333.0", 
        "available_supply": "184450000.0", 
        "total_supply": "484450000.0", 
        "max_supply": "484450000.0", 
        "percent_change_1h": "-0.07", 
        "percent_change_24h": "0.23", 
        "percent_change_7d": "-4.71", 
        "last_updated": "1523404756"
    }, 
    {
        "id": "electroneum", 
        "name": "Electroneum", 
        "symbol": "ETN", 
        "rank": "77", 
        "price_usd": "0.0212794", 
        "price_btc": "0.00000312", 
        "24h_volume_usd": "714890.0", 
        "market_cap_usd": "142043097.0", 
        "available_supply": "6675145783.0", 
        "total_supply": "6675145783.0", 
        "max_supply": "21000000000.0", 
        "percent_change_1h": "0.79", 
        "percent_change_24h": "0.15", 
        "percent_change_7d": "-4.89", 
        "last_updated": "1523404756"
    }, 
    {
        "id": "kyber-network", 
        "name": "Kyber Network", 
        "symbol": "KNC", 
        "rank": "78", 
        "price_usd": "1.04167", 
        "price_btc": "0.00015264", 
        "24h_volume_usd": "8456530.0", 
        "market_cap_usd": "139722006.0", 
        "available_supply": "134132697.0", 
        "total_supply": "215625349.0", 
        "max_supply": null, 
        "percent_change_1h": "0.26", 
        "percent_change_24h": "5.41", 
        "percent_change_7d": "0.61", 
        "last_updated": "1523404755"
    }, 
    {
        "id": "funfair", 
        "name": "FunFair", 
        "symbol": "FUN", 
        "rank": "79", 
        "price_usd": "0.0294019", 
        "price_btc": "0.00000431", 
        "24h_volume_usd": "677496.0", 
        "market_cap_usd": "138879086.0", 
        "available_supply": "4723473189.0", 
        "total_supply": "10999873621.0", 
        "max_supply": null, 
        "percent_change_1h": "0.07", 
        "percent_change_24h": "1.99", 
        "percent_change_7d": "-8.94", 
        "last_updated": "1523404751"
    }, 
    {
        "id": "skycoin", 
        "name": "Skycoin", 
        "symbol": "SKY", 
        "rank": "80", 
        "price_usd": "17.7503", 
        "price_btc": "0.00260101", 
        "24h_volume_usd": "7070600.0", 
        "market_cap_usd": "138225509.0", 
        "available_supply": "7787221.0", 
        "total_supply": "25000000.0", 
        "max_supply": "100000000.0", 
        "percent_change_1h": "0.68", 
        "percent_change_24h": "13.79", 
        "percent_change_7d": "30.44", 
        "last_updated": "1523404750"
    }, 
    {
        "id": "reddcoin", 
        "name": "ReddCoin", 
        "symbol": "RDD", 
        "rank": "81", 
        "price_usd": "0.0045891", 
        "price_btc": "0.00000067", 
        "24h_volume_usd": "6180170.0", 
        "market_cap_usd": "132206066.0", 
        "available_supply": "28808713174.0", 
        "total_supply": "28808713174.0", 
        "max_supply": null, 
        "percent_change_1h": "3.01", 
        "percent_change_24h": "15.02", 
        "percent_change_7d": "0.54", 
        "last_updated": "1523404741"
    }, 
    {
        "id": "zcoin", 
        "name": "ZCoin", 
        "symbol": "XZC", 
        "rank": "82", 
        "price_usd": "28.4997", 
        "price_btc": "0.00417615", 
        "24h_volume_usd": "921407.0", 
        "market_cap_usd": "128296699.0", 
        "available_supply": "4501686.0", 
        "total_supply": "4501686.0", 
        "max_supply": "21400000.0", 
        "percent_change_1h": "-0.05", 
        "percent_change_24h": "2.02", 
        "percent_change_7d": "-8.41", 
        "last_updated": "1523404748"
    }, 
    {
        "id": "mixin", 
        "name": "Mixin", 
        "symbol": "XIN", 
        "rank": "83", 
        "price_usd": "315.51", 
        "price_btc": "0.0462327", 
        "24h_volume_usd": "1162800.0", 
        "market_cap_usd": "128146377.0", 
        "available_supply": "406156.0", 
        "total_supply": "1000000.0", 
        "max_supply": null, 
        "percent_change_1h": "2.19", 
        "percent_change_24h": "-12.03", 
        "percent_change_7d": "35.78", 
        "last_updated": "1523404758"
    }, 
    {
        "id": "nxt", 
        "name": "Nxt", 
        "symbol": "NXT", 
        "rank": "84", 
        "price_usd": "0.127431", 
        "price_btc": "0.00001865", 
        "24h_volume_usd": "5531940.0", 
        "market_cap_usd": "127303562.0", 
        "available_supply": "998999942.0", 
        "total_supply": "998999942.0", 
        "max_supply": "1000000000.0", 
        "percent_change_1h": "0.13", 
        "percent_change_24h": "8.97", 
        "percent_change_7d": "0.12", 
        "last_updated": "1523405041"
    }, 
    {
        "id": "byteball", 
        "name": "Byteball Bytes", 
        "symbol": "GBYTE", 
        "rank": "85", 
        "price_usd": "195.413", 
        "price_btc": "0.0286344", 
        "24h_volume_usd": "343841.0", 
        "market_cap_usd": "126084777.0", 
        "available_supply": "645222.0", 
        "total_supply": "1000000.0", 
        "max_supply": null, 
        "percent_change_1h": "2.35", 
        "percent_change_24h": "6.73", 
        "percent_change_7d": "4.49", 
        "last_updated": "1523404748"
    }, 
    {
        "id": "maidsafecoin", 
        "name": "MaidSafeCoin", 
        "symbol": "MAID", 
        "rank": "86", 
        "price_usd": "0.27686", 
        "price_btc": "0.00004057", 
        "24h_volume_usd": "1119270.0", 
        "market_cap_usd": "125293661.0", 
        "available_supply": "452552412.0", 
        "total_supply": "452552412.0", 
        "max_supply": null, 
        "percent_change_1h": "-0.2", 
        "percent_change_24h": "5.46", 
        "percent_change_7d": "2.08", 
        "last_updated": "1523404742"
    }, 
    {
        "id": "chainlink", 
        "name": "ChainLink", 
        "symbol": "LINK", 
        "rank": "87", 
        "price_usd": "0.355836", 
        "price_btc": "0.00005214", 
        "24h_volume_usd": "9540080.0", 
        "market_cap_usd": "124542600.0", 
        "available_supply": "350000000.0", 
        "total_supply": "1000000000.0", 
        "max_supply": null, 
        "percent_change_1h": "0.43", 
        "percent_change_24h": "14.08", 
        "percent_change_7d": "20.78", 
        "last_updated": "1523404753"
    }, 
    {
        "id": "salt", 
        "name": "SALT", 
        "symbol": "SALT", 
        "rank": "88", 
        "price_usd": "2.17093", 
        "price_btc": "0.00031811", 
        "24h_volume_usd": "13244200.0", 
        "market_cap_usd": "122366044.0", 
        "available_supply": "56365726.0", 
        "total_supply": "120000000.0", 
        "max_supply": null, 
        "percent_change_1h": "0.26", 
        "percent_change_24h": "5.74", 
        "percent_change_7d": "-1.58", 
        "last_updated": "1523404754"
    }, 
    {
        "id": "nucleus-vision", 
        "name": "Nucleus Vision", 
        "symbol": "NCASH", 
        "rank": "89", 
        "price_usd": "0.029669", 
        "price_btc": "0.00000435", 
        "24h_volume_usd": "19669400.0", 
        "market_cap_usd": "119049688.0", 
        "available_supply": "4012595236.0", 
        "total_supply": "10000000000.0", 
        "max_supply": null, 
        "percent_change_1h": "1.84", 
        "percent_change_24h": "8.13", 
        "percent_change_7d": "6.56", 
        "last_updated": "1523404761"
    }, 
    {
        "id": "storm", 
        "name": "Storm", 
        "symbol": "STORM", 
        "rank": "90", 
        "price_usd": "0.0287731", 
        "price_btc": "0.00000422", 
        "24h_volume_usd": "16261400.0", 
        "market_cap_usd": "117648977.0", 
        "available_supply": "4088853037.0", 
        "total_supply": "10000000000.0", 
        "max_supply": null, 
        "percent_change_1h": "0.28", 
        "percent_change_24h": "1.52", 
        "percent_change_7d": "-10.91", 
        "last_updated": "1523404759"
    }, 
    {
        "id": "power-ledger", 
        "name": "Power Ledger", 
        "symbol": "POWR", 
        "rank": "91", 
        "price_usd": "0.310058", 
        "price_btc": "0.00004543", 
        "24h_volume_usd": "6534960.0", 
        "market_cap_usd": "112840322.0", 
        "available_supply": "363932947.0", 
        "total_supply": "1000000000.0", 
        "max_supply": null, 
        "percent_change_1h": "0.26", 
        "percent_change_24h": "3.72", 
        "percent_change_7d": "-11.54", 
        "last_updated": "1523404756"
    }, 
    {
        "id": "particl", 
        "name": "Particl", 
        "symbol": "PART", 
        "rank": "92", 
        "price_usd": "12.4538", 
        "price_btc": "0.00182489", 
        "24h_volume_usd": "2187590.0", 
        "market_cap_usd": "111226165.0", 
        "available_supply": "8931103.0", 
        "total_supply": "8931103.0", 
        "max_supply": null, 
        "percent_change_1h": "1.47", 
        "percent_change_24h": "1.87", 
        "percent_change_7d": "17.7", 
        "last_updated": "1523404752"
    }, 
    {
        "id": "bancor", 
        "name": "Bancor", 
        "symbol": "BNT", 
        "rank": "93", 
        "price_usd": "2.43078", 
        "price_btc": "0.00035619", 
        "24h_volume_usd": "5168790.0", 
        "market_cap_usd": "109473765.0", 
        "available_supply": "45036476.0", 
        "total_supply": "74711036.0", 
        "max_supply": null, 
        "percent_change_1h": "0.08", 
        "percent_change_24h": "5.46", 
        "percent_change_7d": "3.95", 
        "last_updated": "1523404751"
    }, 
    {
        "id": "wax", 
        "name": "WAX", 
        "symbol": "WAX", 
        "rank": "94", 
        "price_usd": "0.17683", 
        "price_btc": "0.00002591", 
        "24h_volume_usd": "3827840.0", 
        "market_cap_usd": "109459343.0", 
        "available_supply": "619008898.0", 
        "total_supply": "1850000000.0", 
        "max_supply": null, 
        "percent_change_1h": "0.37", 
        "percent_change_24h": "8.23", 
        "percent_change_7d": "4.93", 
        "last_updated": "1523404758"
    }, 
    {
        "id": "enigma-project", 
        "name": "Enigma", 
        "symbol": "ENG", 
        "rank": "95", 
        "price_usd": "1.42686", 
        "price_btc": "0.00020908", 
        "24h_volume_usd": "5888380.0", 
        "market_cap_usd": "106780739.0", 
        "available_supply": "74836171.0", 
        "total_supply": "150000000.0", 
        "max_supply": null, 
        "percent_change_1h": "1.89", 
        "percent_change_24h": "5.37", 
        "percent_change_7d": "-5.64", 
        "last_updated": "1523404754"
    }, 
    {
        "id": "request-network", 
        "name": "Request Network", 
        "symbol": "REQ", 
        "rank": "96", 
        "price_usd": "0.15835", 
        "price_btc": "0.00002320", 
        "24h_volume_usd": "3038240.0", 
        "market_cap_usd": "104979920.0", 
        "available_supply": "662961287.0", 
        "total_supply": "999999783.0", 
        "max_supply": null, 
        "percent_change_1h": "0.12", 
        "percent_change_24h": "1.45", 
        "percent_change_7d": "-5.0", 
        "last_updated": "1523404755"
    }, 
    {
        "id": "neblio", 
        "name": "Neblio", 
        "symbol": "NEBL", 
        "rank": "97", 
        "price_usd": "7.89342", 
        "price_btc": "0.00115665", 
        "24h_volume_usd": "9190000.0", 
        "market_cap_usd": "102532796.0", 
        "available_supply": "12989654.0", 
        "total_supply": "13746586.0", 
        "max_supply": null, 
        "percent_change_1h": "0.28", 
        "percent_change_24h": "5.61", 
        "percent_change_7d": "-1.56", 
        "last_updated": "1523404753"
    }, 
    {
        "id": "dent", 
        "name": "Dent", 
        "symbol": "DENT", 
        "rank": "98", 
        "price_usd": "0.00965906", 
        "price_btc": "0.00000142", 
        "24h_volume_usd": "840486.0", 
        "market_cap_usd": "102528613.0", 
        "available_supply": "10614760961.0", 
        "total_supply": "100000000000", 
        "max_supply": null, 
        "percent_change_1h": "-1.37", 
        "percent_change_24h": "-1.79", 
        "percent_change_7d": "-15.78", 
        "last_updated": "1523404753"
    }, 
    {
        "id": "storj", 
        "name": "Storj", 
        "symbol": "STORJ", 
        "rank": "99", 
        "price_usd": "0.744504", 
        "price_btc": "0.00010909", 
        "24h_volume_usd": "10617400.0", 
        "market_cap_usd": "99335813.0", 
        "available_supply": "133425493.0", 
        "total_supply": "424999998.0", 
        "max_supply": null, 
        "percent_change_1h": "-0.85", 
        "percent_change_24h": "2.06", 
        "percent_change_7d": "-11.18", 
        "last_updated": "1523404751"
    }, 
    {
        "id": "dentacoin", 
        "name": "Dentacoin", 
        "symbol": "DCN", 
        "rank": "100", 
        "price_usd": "0.000304257", 
        "price_btc": "0.00000004", 
        "24h_volume_usd": "83627.1", 
        "market_cap_usd": "98952474.0", 
        "available_supply": "325226613094", 
        "total_supply": "1963173416169", 
        "max_supply": "8000000000000", 
        "percent_change_1h": "-0.29", 
        "percent_change_24h": "2.82", 
        "percent_change_7d": "-5.6", 
        "last_updated": "1523404752"
    }
]