[
    {
        "id": "bitcoin", 
        "name": "Bitcoin", 
        "symbol": "BTC", 
        "rank": "1", 
        "price_usd": "6843.47", 
        "price_btc": "1.0", 
        "24h_volume_usd": "4265830000.0", 
        "market_cap_usd": "116126158083", 
        "available_supply": "16968900.0", 
        "total_supply": "16968900.0", 
        "max_supply": "21000000.0", 
        "percent_change_1h": "0.43", 
        "percent_change_24h": "1.22", 
        "percent_change_7d": "-7.87", 
        "last_updated": "1523405069"
    }, 
    {
        "id": "ethereum", 
        "name": "Ethereum", 
        "symbol": "ETH", 
        "rank": "2", 
        "price_usd": "415.024", 
        "price_btc": "0.0607561", 
        "24h_volume_usd": "1194350000.0", 
        "market_cap_usd": "40980247800.0", 
        "available_supply": "98741875.0", 
        "total_supply": "98741875.0", 
        "max_supply": null, 
        "percent_change_1h": "0.83", 
        "percent_change_24h": "4.42", 
        "percent_change_7d": "0.88", 
        "last_updated": "1523405055"
    }, 
    {
        "id": "ripple", 
        "name": "Ripple", 
        "symbol": "XRP", 
        "rank": "3", 
        "price_usd": "0.492568", 
        "price_btc": "0.00007211", 
        "24h_volume_usd": "154273000.0", 
        "market_cap_usd": "19256709834.0", 
        "available_supply": "39094520623.0", 
        "total_supply": "99992405149.0", 
        "max_supply": "100000000000", 
        "percent_change_1h": "0.38", 
        "percent_change_24h": "0.66", 
        "percent_change_7d": "-9.76", 
        "last_updated": "1523405041"
    }, 
    {
        "id": "bitcoin-cash", 
        "name": "Bitcoin Cash", 
        "symbol": "BCH", 
        "rank": "4", 
        "price_usd": "648.898", 
        "price_btc": "0.0949934", 
        "24h_volume_usd": "224093000.0", 
        "market_cap_usd": "11074393383.0", 
        "available_supply": "17066463.0", 
        "total_supply": "17066463.0", 
        "max_supply": "21000000.0", 
        "percent_change_1h": "0.07", 
        "percent_change_24h": "2.15", 
        "percent_change_7d": "-7.98", 
        "last_updated": "1523405052"
    }, 
    {
        "id": "litecoin", 
        "name": "Litecoin", 
        "symbol": "LTC", 
        "rank": "5", 
        "price_usd": "114.289", 
        "price_btc": "0.016731", 
        "24h_volume_usd": "201536000.0", 
        "market_cap_usd": "6403274115.0", 
        "available_supply": "56027038.0", 
        "total_supply": "56027038.0", 
        "max_supply": "84000000.0", 
        "percent_change_1h": "0.36", 
        "percent_change_24h": "-0.54", 
        "percent_change_7d": "-13.73", 
        "last_updated": "1523405041"
    }, 
    {
        "id": "eos", 
        "name": "EOS", 
        "symbol": "EOS", 
        "rank": "6", 
        "price_usd": "5.99823", 
        "price_btc": "0.00087809", 
        "24h_volume_usd": "224323000.0", 
        "market_cap_usd": "4706763164.0", 
        "available_supply": "784692011.0", 
        "total_supply": "900000000.0", 
        "max_supply": "1000000000.0", 
        "percent_change_1h": "0.54", 
        "percent_change_24h": "2.39", 
        "percent_change_7d": "-1.13", 
        "last_updated": "1523405053"
    }, 
    {
        "id": "cardano", 
        "name": "Cardano", 
        "symbol": "ADA", 
        "rank": "7", 
        "price_usd": "0.156761", 
        "price_btc": "0.00002295", 
        "24h_volume_usd": "56143700.0", 
        "market_cap_usd": "4064353505.0", 
        "available_supply": "25927070538.0", 
        "total_supply": "31112483745.0", 
        "max_supply": "45000000000.0", 
        "percent_change_1h": "0.92", 
        "percent_change_24h": "3.07", 
        "percent_change_7d": "-8.06", 
        "last_updated": "1523405054"
    }, 
    {
        "id": "stellar", 
        "name": "Stellar", 
        "symbol": "XLM", 
        "rank": "8", 
        "price_usd": "0.199526", 
        "price_btc": "0.00002921", 
        "24h_volume_usd": "26847000.0", 
        "market_cap_usd": "3701456083.0", 
        "available_supply": "18551246869.0", 
        "total_supply": "103847435165", 
        "max_supply": null, 
        "percent_change_1h": "0.44", 
        "percent_change_24h": "1.39", 
        "percent_change_7d": "-14.18", 
        "last_updated": "1523405044"
    }, 
    {
        "id": "neo", 
        "name": "NEO", 
        "symbol": "NEO", 
        "rank": "9", 
        "price_usd": "52.5788", 
        "price_btc": "0.00769712", 
        "24h_volume_usd": "90043800.0", 
        "market_cap_usd": "3417622000.0", 
        "available_supply": "65000000.0", 
        "total_supply": "100000000.0", 
        "max_supply": "100000000.0", 
        "percent_change_1h": "1.35", 
        "percent_change_24h": "0.98", 
        "percent_change_7d": "-0.35", 
        "last_updated": "1523405047"
    }, 
    {
        "id": "iota", 
        "name": "IOTA", 
        "symbol": "MIOTA", 
        "rank": "10", 
        "price_usd": "1.00798", 
        "price_btc": "0.00014756", 
        "24h_volume_usd": "21009900.0", 
        "market_cap_usd": "2801710935.0", 
        "available_supply": "2779530283.0", 
        "total_supply": "2779530283.0", 
        "max_supply": "2779530283.0", 
        "percent_change_1h": "0.37", 
        "percent_change_24h": "2.32", 
        "percent_change_7d": "-7.5", 
        "last_updated": "1523405050"
    }, 
    {
        "id": "monero", 
        "name": "Monero", 
        "symbol": "XMR", 
        "rank": "11", 
        "price_usd": "165.553", 
        "price_btc": "0.0242356", 
        "24h_volume_usd": "31097600.0", 
        "market_cap_usd": "2634973771.0", 
        "available_supply": "15916195.0", 
        "total_supply": "15916195.0", 
        "max_supply": null, 
        "percent_change_1h": "-0.02", 
        "percent_change_24h": "-0.53", 
        "percent_change_7d": "-11.96", 
        "last_updated": "1523405042"
    }, 
    {
        "id": "tron", 
        "name": "TRON", 
        "symbol": "TRX", 
        "rank": "12", 
        "price_usd": "0.0368509", 
        "price_btc": "0.00000539", 
        "24h_volume_usd": "303360000.0", 
        "market_cap_usd": "2422877087.0", 
        "available_supply": "65748111645.0", 
        "total_supply": "100000000000", 
        "max_supply": null, 
        "percent_change_1h": "0.37", 
        "percent_change_24h": "3.67", 
        "percent_change_7d": "7.05", 
        "last_updated": "1523405053"
    }, 
    {
        "id": "dash", 
        "name": "Dash", 
        "symbol": "DASH", 
        "rank": "13", 
        "price_usd": "299.513", 
        "price_btc": "0.0438463", 
        "24h_volume_usd": "71411600.0", 
        "market_cap_usd": "2396991427.0", 
        "available_supply": "8002963.0", 
        "total_supply": "8002963.0", 
        "max_supply": "18900000.0", 
        "percent_change_1h": "0.89", 
        "percent_change_24h": "0.62", 
        "percent_change_7d": "-11.25", 
        "last_updated": "1523405042"
    }, 
    {
        "id": "tether", 
        "name": "Tether", 
        "symbol": "USDT", 
        "rank": "14", 
        "price_usd": "0.997593", 
        "price_btc": "0.00014604", 
        "24h_volume_usd": "1248910000.0", 
        "market_cap_usd": "2281635666.0", 
        "available_supply": "2287140814.0", 
        "total_supply": "2580109970.0", 
        "max_supply": null, 
        "percent_change_1h": "-0.27", 
        "percent_change_24h": "-0.13", 
        "percent_change_7d": "-0.39", 
        "last_updated": "1523405046"
    }, 
    {
        "id": "nem", 
        "name": "NEM", 
        "symbol": "XEM", 
        "rank": "15", 
        "price_usd": "0.235401", 
        "price_btc": "0.00003446", 
        "24h_volume_usd": "12773400.0", 
        "market_cap_usd": "2118609000.0", 
        "available_supply": "8999999999.0", 
        "total_supply": "8999999999.0", 
        "max_supply": null, 
        "percent_change_1h": "0.68", 
        "percent_change_24h": "2.95", 
        "percent_change_7d": "-6.98", 
        "last_updated": "1523405044"
    }, 
    {
        "id": "vechain", 
        "name": "VeChain", 
        "symbol": "VEN", 
        "rank": "16", 
        "price_usd": "2.70148", 
        "price_btc": "0.00039548", 
        "24h_volume_usd": "65658400.0", 
        "market_cap_usd": "1417657024.0", 
        "available_supply": "524770505.0", 
        "total_supply": "873378637.0", 
        "max_supply": null, 
        "percent_change_1h": "0.93", 
        "percent_change_24h": "5.82", 
        "percent_change_7d": "-5.3", 
        "last_updated": "1523405055"
    }, 
    {
        "id": "binance-coin", 
        "name": "Binance Coin", 
        "symbol": "BNB", 
        "rank": "17", 
        "price_usd": "12.0416", 
        "price_btc": "0.00176279", 
        "24h_volume_usd": "87248900.0", 
        "market_cap_usd": "1399975732.0", 
        "available_supply": "116261604.0", 
        "total_supply": "197192382.0", 
        "max_supply": null, 
        "percent_change_1h": "1.07", 
        "percent_change_24h": "1.7", 
        "percent_change_7d": "-8.69", 
        "last_updated": "1523405053"
    }, 
    {
        "id": "ethereum-classic", 
        "name": "Ethereum Classic", 
        "symbol": "ETC", 
        "rank": "18", 
        "price_usd": "13.6867", 
        "price_btc": "0.00200362", 
        "24h_volume_usd": "73519800.0", 
        "market_cap_usd": "1383594402.0", 
        "available_supply": "101090431.0", 
        "total_supply": "101090431.0", 
        "max_supply": null, 
        "percent_change_1h": "0.38", 
        "percent_change_24h": "0.81", 
        "percent_change_7d": "-8.59", 
        "last_updated": "1523405047"
    }, 
    {
        "id": "verge", 
        "name": "Verge", 
        "symbol": "XVG", 
        "rank": "19", 
        "price_usd": "0.083573", 
        "price_btc": "0.00001223", 
        "24h_volume_usd": "443933000.0", 
        "market_cap_usd": "1241892504.0", 
        "available_supply": "14859972765.0", 
        "total_supply": "14859972765.0", 
        "max_supply": "16555000000.0", 
        "percent_change_1h": "-1.0", 
        "percent_change_24h": "9.41", 
        "percent_change_7d": "21.83", 
        "last_updated": "1523405043"
    }, 
    {
        "id": "qtum", 
        "name": "Qtum", 
        "symbol": "QTUM", 
        "rank": "20", 
        "price_usd": "13.4634", 
        "price_btc": "0.00197093", 
        "24h_volume_usd": "89355500.0", 
        "market_cap_usd": "1191695618.0", 
        "available_supply": "88513720.0", 
        "total_supply": "100513720.0", 
        "max_supply": null, 
        "percent_change_1h": "-0.15", 
        "percent_change_24h": "0.35", 
        "percent_change_7d": "-10.08", 
        "last_updated": "1523405051"
    }, 
    {
        "id": "ontology", 
        "name": "Ontology", 
        "symbol": "ONT", 
        "rank": "21", 
        "price_usd": "4.67507", 
        "price_btc": "0.00068439", 
        "24h_volume_usd": "162306000.0", 
        "market_cap_usd": "1127797295.0", 
        "available_supply": "241236451.0", 
        "total_supply": "1000000000.0", 
        "max_supply": null, 
        "percent_change_1h": "0.94", 
        "percent_change_24h": "30.3", 
        "percent_change_7d": "102.97", 
        "last_updated": "1523405061"
    }, 
    {
        "id": "omisego", 
        "name": "OmiseGO", 
        "symbol": "OMG", 
        "rank": "22", 
        "price_usd": "9.23789", 
        "price_btc": "0.00135235", 
        "24h_volume_usd": "27351000.0", 
        "market_cap_usd": "942657869.0", 
        "available_supply": "102042552.0", 
        "total_supply": "140245398.0", 
        "max_supply": null, 
        "percent_change_1h": "0.31", 
        "percent_change_24h": "1.96", 
        "percent_change_7d": "-1.85", 
        "last_updated": "1523405052"
    }, 
    {
        "id": "lisk", 
        "name": "Lisk", 
        "symbol": "LSK", 
        "rank": "23", 
        "price_usd": "8.55243", 
        "price_btc": "0.00125201", 
        "24h_volume_usd": "14197900.0", 
        "market_cap_usd": "887062377.0", 
        "available_supply": "103720507.0", 
        "total_supply": "119971024.0", 
        "max_supply": null, 
        "percent_change_1h": "1.19", 
        "percent_change_24h": "-0.15", 
        "percent_change_7d": "-11.01", 
        "last_updated": "1523405046"
    }, 
    {
        "id": "icon", 
        "name": "ICON", 
        "symbol": "ICX", 
        "rank": "24", 
        "price_usd": "2.11542", 
        "price_btc": "0.00030968", 
        "24h_volume_usd": "45696200.0", 
        "market_cap_usd": "818754819.0", 
        "available_supply": "387041258.0", 
        "total_supply": "400228750.0", 
        "max_supply": null, 
        "percent_change_1h": "0.18", 
        "percent_change_24h": "5.57", 
        "percent_change_7d": "-6.49", 
        "last_updated": "1523405055"
    }, 
    {
        "id": "bitcoin-gold", 
        "name": "Bitcoin Gold", 
        "symbol": "BTG", 
        "rank": "25", 
        "price_usd": "40.8114", 
        "price_btc": "0.00597446", 
        "24h_volume_usd": "7651670.0", 
        "market_cap_usd": "691164468.0", 
        "available_supply": "16935574.0", 
        "total_supply": "17035574.0", 
        "max_supply": "21000000.0", 
        "percent_change_1h": "0.47", 
        "percent_change_24h": "-0.61", 
        "percent_change_7d": "-11.95", 
        "last_updated": "1523405056"
    }, 
    {
        "id": "zcash", 
        "name": "Zcash", 
        "symbol": "ZEC", 
        "rank": "26", 
        "price_usd": "179.944", 
        "price_btc": "0.0263424", 
        "24h_volume_usd": "33201700.0", 
        "market_cap_usd": "661097386.0", 
        "available_supply": "3673906.0", 
        "total_supply": "3673906.0", 
        "max_supply": null, 
        "percent_change_1h": "0.82", 
        "percent_change_24h": "1.56", 
        "percent_change_7d": "-11.88", 
        "last_updated": "1523405048"
    }, 
    {
        "id": "nano", 
        "name": "Nano", 
        "symbol": "NANO", 
        "rank": "27", 
        "price_usd": "4.85155", 
        "price_btc": "0.00071023", 
        "24h_volume_usd": "6686770.0", 
        "market_cap_usd": "646460738.0", 
        "available_supply": "133248289.0", 
        "total_supply": "133248289.0", 
        "max_supply": "133248290.0", 
        "percent_change_1h": "0.56", 
        "percent_change_24h": "0.52", 
        "percent_change_7d": "-18.39", 
        "last_updated": "1523405049"
    }, 
    {
        "id": "bytom", 
        "name": "Bytom", 
        "symbol": "BTM", 
        "rank": "28", 
        "price_usd": "0.596951", 
        "price_btc": "0.00008739", 
        "24h_volume_usd": "23884600.0", 
        "market_cap_usd": "589190637.0", 
        "available_supply": "987000000.0", 
        "total_supply": "1407000000.0", 
        "max_supply": null, 
        "percent_change_1h": "2.33", 
        "percent_change_24h": "13.69", 
        "percent_change_7d": "22.65", 
        "last_updated": "1523405052"
    }, 
    {
        "id": "wanchain", 
        "name": "Wanchain", 
        "symbol": "WAN", 
        "rank": "29", 
        "price_usd": "4.48225", 
        "price_btc": "0.00065617", 
        "24h_volume_usd": "27777000.0", 
        "market_cap_usd": "475802010.0", 
        "available_supply": "106152493.0", 
        "total_supply": "210000000.0", 
        "max_supply": null, 
        "percent_change_1h": "2.47", 
        "percent_change_24h": "21.94", 
        "percent_change_7d": "30.58", 
        "last_updated": "1523405062"
    }, 
    {
        "id": "steem", 
        "name": "Steem", 
        "symbol": "STEEM", 
        "rank": "30", 
        "price_usd": "1.84754", 
        "price_btc": "0.00027047", 
        "24h_volume_usd": "2149080.0", 
        "market_cap_usd": "473252774.0", 
        "available_supply": "256152924.0", 
        "total_supply": "273127018.0", 
        "max_supply": null, 
        "percent_change_1h": "0.68", 
        "percent_change_24h": "1.63", 
        "percent_change_7d": "-9.6", 
        "last_updated": "1523405046"
    }, 
    {
        "id": "populous", 
        "name": "Populous", 
        "symbol": "PPT", 
        "rank": "31", 
        "price_usd": "11.7039", 
        "price_btc": "0.00171335", 
        "24h_volume_usd": "1260140.0", 
        "market_cap_usd": "433091430.0", 
        "available_supply": "37004027.0", 
        "total_supply": "53252246.0", 
        "max_supply": "53252246.0", 
        "percent_change_1h": "-0.02", 
        "percent_change_24h": "0.83", 
        "percent_change_7d": "-10.67", 
        "last_updated": "1523405052"
    }, 
    {
        "id": "bytecoin-bcn", 
        "name": "Bytecoin", 
        "symbol": "BCN", 
        "rank": "32", 
        "price_usd": "0.00232727", 
        "price_btc": "0.00000034", 
        "24h_volume_usd": "4375500.0", 
        "market_cap_usd": "427824228.0", 
        "available_supply": "183830938525", 
        "total_supply": "183830938525", 
        "max_supply": "184470000000", 
        "percent_change_1h": "-0.56", 
        "percent_change_24h": "9.52", 
        "percent_change_7d": "0.87", 
        "last_updated": "1523405042"
    }, 
    {
        "id": "digixdao", 
        "name": "DigixDAO", 
        "symbol": "DGD", 
        "rank": "33", 
        "price_usd": "208.319", 
        "price_btc": "0.0304962", 
        "24h_volume_usd": "10789500.0", 
        "market_cap_usd": "416638000.0", 
        "available_supply": "2000000.0", 
        "total_supply": "2000000.0", 
        "max_supply": null, 
        "percent_change_1h": "0.06", 
        "percent_change_24h": "0.08", 
        "percent_change_7d": "-11.04", 
        "last_updated": "1523405046"
    }, 
    {
        "id": "bitcoin-diamond", 
        "name": "Bitcoin Diamond", 
        "symbol": "BCD", 
        "rank": "34", 
        "price_usd": "2.51713", 
        "price_btc": "0.00036849", 
        "24h_volume_usd": "1692080.0", 
        "market_cap_usd": "385196089.0", 
        "available_supply": "153029875.0", 
        "total_supply": "156029875.0", 
        "max_supply": "210000000.0", 
        "percent_change_1h": "-2.88", 
        "percent_change_24h": "5.16", 
        "percent_change_7d": "12.53", 
        "last_updated": "1523405057"
    }, 
    {
        "id": "siacoin", 
        "name": "Siacoin", 
        "symbol": "SC", 
        "rank": "35", 
        "price_usd": "0.0114133", 
        "price_btc": "0.00000167", 
        "24h_volume_usd": "8735470.0", 
        "market_cap_usd": "384632434.0", 
        "available_supply": "33700370054.0", 
        "total_supply": "33700370054.0", 
        "max_supply": null, 
        "percent_change_1h": "-0.68", 
        "percent_change_24h": "5.58", 
        "percent_change_7d": "-4.4", 
        "last_updated": "1523405045"
    }, 
    {
        "id": "stratis", 
        "name": "Stratis", 
        "symbol": "STRAT", 
        "rank": "36", 
        "price_usd": "3.77991", 
        "price_btc": "0.00055335", 
        "24h_volume_usd": "5732880.0", 
        "market_cap_usd": "373499598.0", 
        "available_supply": "98811770.0", 
        "total_supply": "98811770.0", 
        "max_supply": null, 
        "percent_change_1h": "1.54", 
        "percent_change_24h": "6.19", 
        "percent_change_7d": "-4.95", 
        "last_updated": "1523405047"
    }, 
    {
        "id": "bitshares", 
        "name": "BitShares", 
        "symbol": "BTS", 
        "rank": "37", 
        "price_usd": "0.142778", 
        "price_btc": "0.00002090", 
        "24h_volume_usd": "6492080.0", 
        "market_cap_usd": "373321637.0", 
        "available_supply": "2614700000.0", 
        "total_supply": "2614700000.0", 
        "max_supply": "3600570502.0", 
        "percent_change_1h": "0.44", 
        "percent_change_24h": "3.25", 
        "percent_change_7d": "-5.1", 
        "last_updated": "1523405043"
    }, 
    {
        "id": "rchain", 
        "name": "RChain", 
        "symbol": "RHOC", 
        "rank": "38", 
        "price_usd": "1.03416", 
        "price_btc": "0.00015139", 
        "24h_volume_usd": "1976440.0", 
        "market_cap_usd": "371904066.0", 
        "available_supply": "359619465.0", 
        "total_supply": "870663574.0", 
        "max_supply": "1000000000.0", 
        "percent_change_1h": "1.16", 
        "percent_change_24h": "7.26", 
        "percent_change_7d": "4.75", 
        "last_updated": "1523405054"
    }, 
    {
        "id": "decred", 
        "name": "Decred", 
        "symbol": "DCR", 
        "rank": "39", 
        "price_usd": "50.9025", 
        "price_btc": "0.00745171", 
        "24h_volume_usd": "18368300.0", 
        "market_cap_usd": "361552072.0", 
        "available_supply": "7102835.0", 
        "total_supply": "7522835.0", 
        "max_supply": "21000000.0", 
        "percent_change_1h": "0.32", 
        "percent_change_24h": "5.64", 
        "percent_change_7d": "9.32", 
        "last_updated": "1523405046"
    }, 
    {
        "id": "waves", 
        "name": "Waves", 
        "symbol": "WAVES", 
        "rank": "40", 
        "price_usd": "3.6135", 
        "price_btc": "0.00052899", 
        "24h_volume_usd": "16433200.0", 
        "market_cap_usd": "361350000.0", 
        "available_supply": "100000000.0", 
        "total_supply": "100000000.0", 
        "max_supply": null, 
        "percent_change_1h": "0.33", 
        "percent_change_24h": "4.33", 
        "percent_change_7d": "-9.8", 
        "last_updated": "1523405047"
    }, 
    {
        "id": "maker", 
        "name": "Maker", 
        "symbol": "MKR", 
        "rank": "41", 
        "price_usd": "569.932", 
        "price_btc": "0.0834335", 
        "24h_volume_usd": "249210.0", 
        "market_cap_usd": "352347789.0", 
        "available_supply": "618228.0", 
        "total_supply": "1000000.0", 
        "max_supply": null, 
        "percent_change_1h": "1.87", 
        "percent_change_24h": "7.83", 
        "percent_change_7d": "8.88", 
        "last_updated": "1523405049"
    }, 
    {
        "id": "dogecoin", 
        "name": "Dogecoin", 
        "symbol": "DOGE", 
        "rank": "42", 
        "price_usd": "0.00303869", 
        "price_btc": "0.00000044", 
        "24h_volume_usd": "10167900.0", 
        "market_cap_usd": "346295088.0", 
        "available_supply": "113961966538", 
        "total_supply": "113961966538", 
        "max_supply": null, 
        "percent_change_1h": "0.59", 
        "percent_change_24h": "10.33", 
        "percent_change_7d": "2.29", 
        "last_updated": "1523405041"
    }, 
    {
        "id": "aeternity", 
        "name": "Aeternity", 
        "symbol": "AE", 
        "rank": "43", 
        "price_usd": "1.35539", 
        "price_btc": "0.00019842", 
        "24h_volume_usd": "4544190.0", 
        "market_cap_usd": "315833618.0", 
        "available_supply": "233020472.0", 
        "total_supply": "273685830.0", 
        "max_supply": null, 
        "percent_change_1h": "0.6", 
        "percent_change_24h": "3.04", 
        "percent_change_7d": "-9.4", 
        "last_updated": "1523405050"
    }, 
    {
        "id": "status", 
        "name": "Status", 
        "symbol": "SNT", 
        "rank": "44", 
        "price_usd": "0.0894505", 
        "price_btc": "0.00001309", 
        "24h_volume_usd": "18614500.0", 
        "market_cap_usd": "310436510.0", 
        "available_supply": "3470483788.0", 
        "total_supply": "6804870174.0", 
        "max_supply": null, 
        "percent_change_1h": "0.29", 
        "percent_change_24h": "1.77", 
        "percent_change_7d": "-13.78", 
        "last_updated": "1523405051"
    }, 
    {
        "id": "0x", 
        "name": "0x", 
        "symbol": "ZRX", 
        "rank": "45", 
        "price_usd": "0.560515", 
        "price_btc": "0.00008205", 
        "24h_volume_usd": "4893840.0", 
        "market_cap_usd": "292991751.0", 
        "available_supply": "522718841.0", 
        "total_supply": "1000000000.0", 
        "max_supply": null, 
        "percent_change_1h": "0.35", 
        "percent_change_24h": "3.87", 
        "percent_change_7d": "-5.74", 
        "last_updated": "1523405053"
    }, 
    {
        "id": "zilliqa", 
        "name": "Zilliqa", 
        "symbol": "ZIL", 
        "rank": "46", 
        "price_usd": "0.0401353", 
        "price_btc": "0.00000588", 
        "24h_volume_usd": "14503500.0", 
        "market_cap_usd": "286888657.0", 
        "available_supply": "7148038186.0", 
        "total_supply": "12600000000.0", 
        "max_supply": null, 
        "percent_change_1h": "0.22", 
        "percent_change_24h": "2.95", 
        "percent_change_7d": "-11.37", 
        "last_updated": "1523405061"
    }, 
    {
        "id": "augur", 
        "name": "Augur", 
        "symbol": "REP", 
        "rank": "47", 
        "price_usd": "24.7111", 
        "price_btc": "0.0036175", 
        "24h_volume_usd": "2473150.0", 
        "market_cap_usd": "271822100.0", 
        "available_supply": "11000000.0", 
        "total_supply": "11000000.0", 
        "max_supply": null, 
        "percent_change_1h": "0.44", 
        "percent_change_24h": "1.45", 
        "percent_change_7d": "-7.94", 
        "last_updated": "1523405045"
    }, 
    {
        "id": "komodo", 
        "name": "Komodo", 
        "symbol": "KMD", 
        "rank": "48", 
        "price_usd": "2.61101", 
        "price_btc": "0.00038223", 
        "24h_volume_usd": "2352910.0", 
        "market_cap_usd": "271646343.0", 
        "available_supply": "104038798.0", 
        "total_supply": "104038798.0", 
        "max_supply": null, 
        "percent_change_1h": "-1.63", 
        "percent_change_24h": "4.06", 
        "percent_change_7d": "-10.01", 
        "last_updated": "1523405049"
    }, 
    {
        "id": "ardor", 
        "name": "Ardor", 
        "symbol": "ARDR", 
        "rank": "49", 
        "price_usd": "0.254463", 
        "price_btc": "0.00003725", 
        "24h_volume_usd": "2395830.0", 
        "market_cap_usd": "254208408.0", 
        "available_supply": "998999495.0", 
        "total_supply": "998999495.0", 
        "max_supply": "998999495.0", 
        "percent_change_1h": "0.33", 
        "percent_change_24h": "4.81", 
        "percent_change_7d": "-14.66", 
        "last_updated": "1523405047"
    }, 
    {
        "id": "iostoken", 
        "name": "IOStoken", 
        "symbol": "IOST", 
        "rank": "50", 
        "price_usd": "0.0291507", 
        "price_btc": "0.00000427", 
        "24h_volume_usd": "45920600.0", 
        "market_cap_usd": "244865880.0", 
        "available_supply": "8400000000.0", 
        "total_supply": "21000000000.0", 
        "max_supply": null, 
        "percent_change_1h": "0.73", 
        "percent_change_24h": "-2.28", 
        "percent_change_7d": "11.85", 
        "last_updated": "1523405059"
    }, 
    {
        "id": "loopring", 
        "name": "Loopring", 
        "symbol": "LRC", 
        "rank": "51", 
        "price_usd": "0.418494", 
        "price_btc": "0.00006126", 
        "24h_volume_usd": "4696590.0", 
        "market_cap_usd": "239409555.0", 
        "available_supply": "572074043.0", 
        "total_supply": "1374956262.0", 
        "max_supply": null, 
        "percent_change_1h": "0.1", 
        "percent_change_24h": "2.55", 
        "percent_change_7d": "5.18", 
        "last_updated": "1523405054"
    }, 
    {
        "id": "aion", 
        "name": "Aion", 
        "symbol": "AION", 
        "rank": "52", 
        "price_usd": "2.07603", 
        "price_btc": "0.00030391", 
        "24h_volume_usd": "9885170.0", 
        "market_cap_usd": "239407512.0", 
        "available_supply": "115319871.0", 
        "total_supply": "465934587.0", 
        "max_supply": null, 
        "percent_change_1h": "-1.82", 
        "percent_change_24h": "0.06", 
        "percent_change_7d": "-5.38", 
        "last_updated": "1523405055"
    }, 
    {
        "id": "golem-network-tokens", 
        "name": "Golem", 
        "symbol": "GNT", 
        "rank": "53", 
        "price_usd": "0.283872", 
        "price_btc": "0.00004156", 
        "24h_volume_usd": "48138100.0", 
        "market_cap_usd": "236823622.0", 
        "available_supply": "834262000.0", 
        "total_supply": "1000000000.0", 
        "max_supply": null, 
        "percent_change_1h": "-0.96", 
        "percent_change_24h": "17.54", 
        "percent_change_7d": "30.91", 
        "last_updated": "1523405048"
    }, 
    {
        "id": "kucoin-shares", 
        "name": "KuCoin Shares", 
        "symbol": "KCS", 
        "rank": "54", 
        "price_usd": "2.49392", 
        "price_btc": "0.00036509", 
        "24h_volume_usd": "291177.0", 
        "market_cap_usd": "227054148.0", 
        "available_supply": "91043076.0", 
        "total_supply": "181043076.0", 
        "max_supply": null, 
        "percent_change_1h": "1.48", 
        "percent_change_24h": "6.16", 
        "percent_change_7d": "1.74", 
        "last_updated": "1523405057"
    }, 
    {
        "id": "hshare", 
        "name": "Hshare", 
        "symbol": "HSR", 
        "rank": "55", 
        "price_usd": "5.20617", 
        "price_btc": "0.00076214", 
        "24h_volume_usd": "13624800.0", 
        "market_cap_usd": "223069790.0", 
        "available_supply": "42847197.0", 
        "total_supply": "42847197.0", 
        "max_supply": "84000000.0", 
        "percent_change_1h": "0.26", 
        "percent_change_24h": "0.27", 
        "percent_change_7d": "-9.07", 
        "last_updated": "1523405055"
    }, 
    {
        "id": "ark", 
        "name": "Ark", 
        "symbol": "ARK", 
        "rank": "56", 
        "price_usd": "2.188", 
        "price_btc": "0.00032031", 
        "24h_volume_usd": "1957800.0", 
        "market_cap_usd": "222774463.0", 
        "available_supply": "101816482.0", 
        "total_supply": "133066482.0", 
        "max_supply": null, 
        "percent_change_1h": "-0.11", 
        "percent_change_24h": "5.73", 
        "percent_change_7d": "-6.25", 
        "last_updated": "1523405049"
    }, 
    {
        "id": "cryptonex", 
        "name": "Cryptonex", 
        "symbol": "CNX", 
        "rank": "57", 
        "price_usd": "4.83256", 
        "price_btc": "0.00070745", 
        "24h_volume_usd": "1236680.0", 
        "market_cap_usd": "218466283.0", 
        "available_supply": "45207154.0", 
        "total_supply": "106644780.0", 
        "max_supply": "210000000.0", 
        "percent_change_1h": "1.98", 
        "percent_change_24h": "2.26", 
        "percent_change_7d": "-5.31", 
        "last_updated": "1523405054"
    }, 
    {
        "id": "pivx", 
        "name": "PIVX", 
        "symbol": "PIVX", 
        "rank": "58", 
        "price_usd": "3.89435", 
        "price_btc": "0.0005701", 
        "24h_volume_usd": "1426060.0", 
        "market_cap_usd": "217891182.0", 
        "available_supply": "55950591.0", 
        "total_supply": "55950591.0", 
        "max_supply": null, 
        "percent_change_1h": "0.31", 
        "percent_change_24h": "0.34", 
        "percent_change_7d": "-6.08", 
        "last_updated": "1523405046"
    }, 
    {
        "id": "waltonchain", 
        "name": "Waltonchain", 
        "symbol": "WTC", 
        "rank": "59", 
        "price_usd": "8.63721", 
        "price_btc": "0.00126442", 
        "24h_volume_usd": "1848790.0", 
        "market_cap_usd": "215050792.0", 
        "available_supply": "24898178.0", 
        "total_supply": "70000000.0", 
        "max_supply": "100000000.0", 
        "percent_change_1h": "0.32", 
        "percent_change_24h": "3.19", 
        "percent_change_7d": "-17.62", 
        "last_updated": "1523405055"
    }, 
    {
        "id": "aelf", 
        "name": "aelf", 
        "symbol": "ELF", 
        "rank": "60", 
        "price_usd": "0.831055", 
        "price_btc": "0.00012166", 
        "24h_volume_usd": "84757300.0", 
        "market_cap_usd": "207763750.0", 
        "available_supply": "250000000.0", 
        "total_supply": "280000000.0", 
        "max_supply": "1000000000.0", 
        "percent_change_1h": "4.85", 
        "percent_change_24h": "41.42", 
        "percent_change_7d": "46.3", 
        "last_updated": "1523405059"
    }, 
    {
        "id": "digibyte", 
        "name": "DigiByte", 
        "symbol": "DGB", 
        "rank": "61", 
        "price_usd": "0.0200436", 
        "price_btc": "0.00000293", 
        "24h_volume_usd": "2966180.0", 
        "market_cap_usd": "202388449.0", 
        "available_supply": "10097410079.0", 
        "total_supply": "10097410079.0", 
        "max_supply": "21000000000.0", 
        "percent_change_1h": "0.06", 
        "percent_change_24h": "9.99", 
        "percent_change_7d": "-0.55", 
        "last_updated": "1523405041"
    }, 
    {
        "id": "basic-attention-token", 
        "name": "Basic Attention Token", 
        "symbol": "BAT", 
        "rank": "62", 
        "price_usd": "0.19899", 
        "price_btc": "0.00002913", 
        "24h_volume_usd": "5214390.0", 
        "market_cap_usd": "198990000.0", 
        "available_supply": "1000000000.0", 
        "total_supply": "1500000000.0", 
        "max_supply": null, 
        "percent_change_1h": "1.68", 
        "percent_change_24h": "6.51", 
        "percent_change_7d": "-5.55", 
        "last_updated": "1523405051"
    }, 
    {
        "id": "centrality", 
        "name": "Centrality", 
        "symbol": "CENNZ", 
        "rank": "63", 
        "price_usd": "0.297694", 
        "price_btc": "0.00004358", 
        "24h_volume_usd": "110674.0", 
        "market_cap_usd": "196173569.0", 
        "available_supply": "658977236.0", 
        "total_supply": "1200000000.0", 
        "max_supply": null, 
        "percent_change_1h": "0.82", 
        "percent_change_24h": "4.69", 
        "percent_change_7d": "-14.32", 
        "last_updated": "1523405061"
    }, 
    {
        "id": "monacoin", 
        "name": "MonaCoin", 
        "symbol": "MONA", 
        "rank": "64", 
        "price_usd": "3.27136", 
        "price_btc": "0.0004789", 
        "24h_volume_usd": "880236.0", 
        "market_cap_usd": "191980824.0", 
        "available_supply": "58685325.0", 
        "total_supply": "58685325.0", 
        "max_supply": null, 
        "percent_change_1h": "0.47", 
        "percent_change_24h": "1.11", 
        "percent_change_7d": "-7.71", 
        "last_updated": "1523405042"
    }, 
    {
        "id": "veritaseum", 
        "name": "Veritaseum", 
        "symbol": "VERI", 
        "rank": "65", 
        "price_usd": "91.6365", 
        "price_btc": "0.0134148", 
        "24h_volume_usd": "328158.0", 
        "market_cap_usd": "186631060.0", 
        "available_supply": "2036645.0", 
        "total_supply": "100000000.0", 
        "max_supply": null, 
        "percent_change_1h": "0.49", 
        "percent_change_24h": "0.13", 
        "percent_change_7d": "-24.92", 
        "last_updated": "1523405050"
    }, 
    {
        "id": "qash", 
        "name": "QASH", 
        "symbol": "QASH", 
        "rank": "66", 
        "price_usd": "0.530316", 
        "price_btc": "0.00007763", 
        "24h_volume_usd": "3734480.0", 
        "market_cap_usd": "185610600.0", 
        "available_supply": "350000000.0", 
        "total_supply": "1000000000.0", 
        "max_supply": null, 
        "percent_change_1h": "0.9", 
        "percent_change_24h": "0.27", 
        "percent_change_7d": "-14.54", 
        "last_updated": "1523405057"
    }, 
    {
        "id": "factom", 
        "name": "Factom", 
        "symbol": "FCT", 
        "rank": "67", 
        "price_usd": "20.2896", 
        "price_btc": "0.00297023", 
        "24h_volume_usd": "481997.0", 
        "market_cap_usd": "177434622.0", 
        "available_supply": "8745102.0", 
        "total_supply": "8745102.0", 
        "max_supply": null, 
        "percent_change_1h": "-0.14", 
        "percent_change_24h": "2.94", 
        "percent_change_7d": "-5.69", 
        "last_updated": "1523405045"
    }, 
    {
        "id": "dragonchain", 
        "name": "Dragonchain", 
        "symbol": "DRGN", 
        "rank": "68", 
        "price_usd": "0.709926", 
        "price_btc": "0.00010393", 
        "24h_volume_usd": "1206810.0", 
        "market_cap_usd": "169261934.0", 
        "available_supply": "238421940.0", 
        "total_supply": "433494437.0", 
        "max_supply": null, 
        "percent_change_1h": "-1.33", 
        "percent_change_24h": "-0.06", 
        "percent_change_7d": "-2.59", 
        "last_updated": "1523405057"
    }, 
    {
        "id": "elastos", 
        "name": "Elastos", 
        "symbol": "ELA", 
        "rank": "69", 
        "price_usd": "33.5185", 
        "price_btc": "0.00490684", 
        "24h_volume_usd": "13281000.0", 
        "market_cap_usd": "166418515.0", 
        "available_supply": "4964975.0", 
        "total_supply": "33379033.0", 
        "max_supply": null, 
        "percent_change_1h": "2.05", 
        "percent_change_24h": "1.87", 
        "percent_change_7d": "21.6", 
        "last_updated": "1523405062"
    }, 
    {
        "id": "nebulas-token", 
        "name": "Nebulas", 
        "symbol": "NAS", 
        "rank": "70", 
        "price_usd": "4.5587", 
        "price_btc": "0.00066736", 
        "24h_volume_usd": "8245780.0", 
        "market_cap_usd": "161833850.0", 
        "available_supply": "35500000.0", 
        "total_supply": "100000000.0", 
        "max_supply": "100000000.0", 
        "percent_change_1h": "-0.98", 
        "percent_change_24h": "3.36", 
        "percent_change_7d": "-6.5", 
        "last_updated": "1523405052"
    }, 
    {
        "id": "gas", 
        "name": "Gas", 
        "symbol": "GAS", 
        "rank": "71", 
        "price_usd": "15.4901", 
        "price_btc": "0.00226762", 
        "24h_volume_usd": "4192860.0", 
        "market_cap_usd": "155855907.0", 
        "available_supply": "10061646.0", 
        "total_supply": "16914585.0", 
        "max_supply": "100000000.0", 
        "percent_change_1h": "1.22", 
        "percent_change_24h": "3.35", 
        "percent_change_7d": "-8.76", 
        "last_updated": "1523405053"
    }, 
    {
        "id": "substratum", 
        "name": "Substratum", 
        "symbol": "SUB", 
        "rank": "72", 
        "price_usd": "0.398835", 
        "price_btc": "0.00005839", 
        "24h_volume_usd": "5214110.0", 
        "market_cap_usd": "152762181.0", 
        "available_supply": "383021000.0", 
        "total_supply": "472000000.0", 
        "max_supply": null, 
        "percent_change_1h": "0.85", 
        "percent_change_24h": "5.24", 
        "percent_change_7d": "6.41", 
        "last_updated": "1523405054"
    }, 
    {
        "id": "ethos", 
        "name": "Ethos", 
        "symbol": "ETHOS", 
        "rank": "73", 
        "price_usd": "1.98235", 
        "price_btc": "0.0002902", 
        "24h_volume_usd": "3462590.0", 
        "market_cap_usd": "151445413.0", 
        "available_supply": "76396909.0", 
        "total_supply": "222295208.0", 
        "max_supply": null, 
        "percent_change_1h": "0.59", 
        "percent_change_24h": "2.45", 
        "percent_change_7d": "-9.21", 
        "last_updated": "1523405052"
    }, 
    {
        "id": "gxchain", 
        "name": "GXChain", 
        "symbol": "GXS", 
        "rank": "74", 
        "price_usd": "2.48918", 
        "price_btc": "0.00036439", 
        "24h_volume_usd": "13055900.0", 
        "market_cap_usd": "149350800.0", 
        "available_supply": "60000000.0", 
        "total_supply": "100000000.0", 
        "max_supply": "100000000.0", 
        "percent_change_1h": "0.68", 
        "percent_change_24h": "2.93", 
        "percent_change_7d": "-9.33", 
        "last_updated": "1523405051"
    }, 
    {
        "id": "syscoin", 
        "name": "Syscoin", 
        "symbol": "SYS", 
        "rank": "75", 
        "price_usd": "0.278078", 
        "price_btc": "0.00004071", 
        "24h_volume_usd": "1517920.0", 
        "market_cap_usd": "147995450.0", 
        "available_supply": "532208409.0", 
        "total_supply": "532208409.0", 
        "max_supply": "888000000.0", 
        "percent_change_1h": "0.41", 
        "percent_change_24h": "3.21", 
        "percent_change_7d": "-7.65", 
        "last_updated": "1523405043"
    }, 
    {
        "id": "revain", 
        "name": "Revain", 
        "symbol": "R", 
        "rank": "76", 
        "price_usd": "0.77718", 
        "price_btc": "0.00011377", 
        "24h_volume_usd": "2958310.0", 
        "market_cap_usd": "143350851.0", 
        "available_supply": "184450000.0", 
        "total_supply": "484450000.0", 
        "max_supply": "484450000.0", 
        "percent_change_1h": "0.11", 
        "percent_change_24h": "0.29", 
        "percent_change_7d": "-4.66", 
        "last_updated": "1523405055"
    }, 
    {
        "id": "electroneum", 
        "name": "Electroneum", 
        "symbol": "ETN", 
        "rank": "77", 
        "price_usd": "0.021284", 
        "price_btc": "0.00000312", 
        "24h_volume_usd": "717573.0", 
        "market_cap_usd": "142073803.0", 
        "available_supply": "6675145783.0", 
        "total_supply": "6675145783.0", 
        "max_supply": "21000000000.0", 
        "percent_change_1h": "0.83", 
        "percent_change_24h": "0.17", 
        "percent_change_7d": "-4.87", 
        "last_updated": "1523405055"
    }, 
    {
        "id": "kyber-network", 
        "name": "Kyber Network", 
        "symbol": "KNC", 
        "rank": "78", 
        "price_usd": "1.0444", 
        "price_btc": "0.00015289", 
        "24h_volume_usd": "8469420.0", 
        "market_cap_usd": "140088189.0", 
        "available_supply": "134132697.0", 
        "total_supply": "215625349.0", 
        "max_supply": null, 
        "percent_change_1h": "0.56", 
        "percent_change_24h": "5.7", 
        "percent_change_7d": "0.88", 
        "last_updated": "1523405054"
    }, 
    {
        "id": "funfair", 
        "name": "FunFair", 
        "symbol": "FUN", 
        "rank": "79", 
        "price_usd": "0.0294314", 
        "price_btc": "0.00000431", 
        "24h_volume_usd": "677841.0", 
        "market_cap_usd": "139018429.0", 
        "available_supply": "4723473189.0", 
        "total_supply": "10999873621.0", 
        "max_supply": null, 
        "percent_change_1h": "0.3", 
        "percent_change_24h": "2.1", 
        "percent_change_7d": "-8.82", 
        "last_updated": "1523405051"
    }, 
    {
        "id": "skycoin", 
        "name": "Skycoin", 
        "symbol": "SKY", 
        "rank": "80", 
        "price_usd": "17.7623", 
        "price_btc": "0.00260026", 
        "24h_volume_usd": "7074430.0", 
        "market_cap_usd": "138318956.0", 
        "available_supply": "7787221.0", 
        "total_supply": "25000000.0", 
        "max_supply": "100000000.0", 
        "percent_change_1h": "0.69", 
        "percent_change_24h": "14.06", 
        "percent_change_7d": "30.51", 
        "last_updated": "1523405049"
    }, 
    {
        "id": "reddcoin", 
        "name": "ReddCoin", 
        "symbol": "RDD", 
        "rank": "81", 
        "price_usd": "0.00459151", 
        "price_btc": "0.00000067", 
        "24h_volume_usd": "6225090.0", 
        "market_cap_usd": "132275495.0", 
        "available_supply": "28808713174.0", 
        "total_supply": "28808713174.0", 
        "max_supply": null, 
        "percent_change_1h": "2.92", 
        "percent_change_24h": "15.11", 
        "percent_change_7d": "0.6", 
        "last_updated": "1523405041"
    }, 
    {
        "id": "zcoin", 
        "name": "ZCoin", 
        "symbol": "XZC", 
        "rank": "82", 
        "price_usd": "28.6735", 
        "price_btc": "0.00419757", 
        "24h_volume_usd": "927135.0", 
        "market_cap_usd": "129079092.0", 
        "available_supply": "4501686.0", 
        "total_supply": "4501686.0", 
        "max_supply": "21400000.0", 
        "percent_change_1h": "0.84", 
        "percent_change_24h": "2.63", 
        "percent_change_7d": "-7.85", 
        "last_updated": "1523405049"
    }, 
    {
        "id": "mixin", 
        "name": "Mixin", 
        "symbol": "XIN", 
        "rank": "83", 
        "price_usd": "315.605", 
        "price_btc": "0.0462021", 
        "24h_volume_usd": "1163950.0", 
        "market_cap_usd": "128184962.0", 
        "available_supply": "406156.0", 
        "total_supply": "1000000.0", 
        "max_supply": null, 
        "percent_change_1h": "2.42", 
        "percent_change_24h": "-12.17", 
        "percent_change_7d": "35.96", 
        "last_updated": "1523405059"
    }, 
    {
        "id": "nxt", 
        "name": "Nxt", 
        "symbol": "NXT", 
        "rank": "84", 
        "price_usd": "0.127431", 
        "price_btc": "0.00001865", 
        "24h_volume_usd": "5531940.0", 
        "market_cap_usd": "127303562.0", 
        "available_supply": "998999942.0", 
        "total_supply": "998999942.0", 
        "max_supply": "1000000000.0", 
        "percent_change_1h": "0.13", 
        "percent_change_24h": "8.97", 
        "percent_change_7d": "0.12", 
        "last_updated": "1523405041"
    }, 
    {
        "id": "byteball", 
        "name": "Byteball Bytes", 
        "symbol": "GBYTE", 
        "rank": "85", 
        "price_usd": "195.6", 
        "price_btc": "0.0286343", 
        "24h_volume_usd": "341424.0", 
        "market_cap_usd": "126205434.0", 
        "available_supply": "645222.0", 
        "total_supply": "1000000.0", 
        "max_supply": null, 
        "percent_change_1h": "2.45", 
        "percent_change_24h": "6.83", 
        "percent_change_7d": "4.58", 
        "last_updated": "1523405048"
    }, 
    {
        "id": "maidsafecoin", 
        "name": "MaidSafeCoin", 
        "symbol": "MAID", 
        "rank": "86", 
        "price_usd": "0.277126", 
        "price_btc": "0.00004057", 
        "24h_volume_usd": "1119800.0", 
        "market_cap_usd": "125414040.0", 
        "available_supply": "452552412.0", 
        "total_supply": "452552412.0", 
        "max_supply": null, 
        "percent_change_1h": "-0.09", 
        "percent_change_24h": "5.51", 
        "percent_change_7d": "2.18", 
        "last_updated": "1523405042"
    }, 
    {
        "id": "chainlink", 
        "name": "ChainLink", 
        "symbol": "LINK", 
        "rank": "87", 
        "price_usd": "0.356482", 
        "price_btc": "0.00005219", 
        "24h_volume_usd": "9473840.0", 
        "market_cap_usd": "124768700.0", 
        "available_supply": "350000000.0", 
        "total_supply": "1000000000.0", 
        "max_supply": null, 
        "percent_change_1h": "0.76", 
        "percent_change_24h": "13.99", 
        "percent_change_7d": "20.98", 
        "last_updated": "1523405055"
    }, 
    {
        "id": "salt", 
        "name": "SALT", 
        "symbol": "SALT", 
        "rank": "88", 
        "price_usd": "2.16583", 
        "price_btc": "0.00031706", 
        "24h_volume_usd": "13240000.0", 
        "market_cap_usd": "122078579.0", 
        "available_supply": "56365726.0", 
        "total_supply": "120000000.0", 
        "max_supply": null, 
        "percent_change_1h": "0.37", 
        "percent_change_24h": "5.3", 
        "percent_change_7d": "-1.82", 
        "last_updated": "1523405054"
    }, 
    {
        "id": "nucleus-vision", 
        "name": "Nucleus Vision", 
        "symbol": "NCASH", 
        "rank": "89", 
        "price_usd": "0.0295744", 
        "price_btc": "0.00000433", 
        "24h_volume_usd": "19711500.0", 
        "market_cap_usd": "118670097.0", 
        "available_supply": "4012595236.0", 
        "total_supply": "10000000000.0", 
        "max_supply": null, 
        "percent_change_1h": "1.67", 
        "percent_change_24h": "7.77", 
        "percent_change_7d": "6.2", 
        "last_updated": "1523405061"
    }, 
    {
        "id": "storm", 
        "name": "Storm", 
        "symbol": "STORM", 
        "rank": "90", 
        "price_usd": "0.0287988", 
        "price_btc": "0.00000422", 
        "24h_volume_usd": "15924500.0", 
        "market_cap_usd": "117754061.0", 
        "available_supply": "4088853037.0", 
        "total_supply": "10000000000.0", 
        "max_supply": null, 
        "percent_change_1h": "0.48", 
        "percent_change_24h": "1.63", 
        "percent_change_7d": "-10.82", 
        "last_updated": "1523405058"
    }, 
    {
        "id": "power-ledger", 
        "name": "Power Ledger", 
        "symbol": "POWR", 
        "rank": "91", 
        "price_usd": "0.310975", 
        "price_btc": "0.00004552", 
        "24h_volume_usd": "6540850.0", 
        "market_cap_usd": "113174048.0", 
        "available_supply": "363932947.0", 
        "total_supply": "1000000000.0", 
        "max_supply": null, 
        "percent_change_1h": "0.69", 
        "percent_change_24h": "3.99", 
        "percent_change_7d": "-11.3", 
        "last_updated": "1523405056"
    }, 
    {
        "id": "particl", 
        "name": "Particl", 
        "symbol": "PART", 
        "rank": "92", 
        "price_usd": "12.4553", 
        "price_btc": "0.00182336", 
        "24h_volume_usd": "2193790.0", 
        "market_cap_usd": "111239562.0", 
        "available_supply": "8931103.0", 
        "total_supply": "8931103.0", 
        "max_supply": null, 
        "percent_change_1h": "1.42", 
        "percent_change_24h": "2.19", 
        "percent_change_7d": "17.71", 
        "last_updated": "1523405052"
    }, 
    {
        "id": "bancor", 
        "name": "Bancor", 
        "symbol": "BNT", 
        "rank": "93", 
        "price_usd": "2.43382", 
        "price_btc": "0.00035629", 
        "24h_volume_usd": "5079420.0", 
        "market_cap_usd": "109610676.0", 
        "available_supply": "45036476.0", 
        "total_supply": "74711036.0", 
        "max_supply": null, 
        "percent_change_1h": "0.33", 
        "percent_change_24h": "5.59", 
        "percent_change_7d": "4.08", 
        "last_updated": "1523405051"
    }, 
    {
        "id": "wax", 
        "name": "WAX", 
        "symbol": "WAX", 
        "rank": "94", 
        "price_usd": "0.176128", 
        "price_btc": "0.00002578", 
        "24h_volume_usd": "3836310.0", 
        "market_cap_usd": "109024799.0", 
        "available_supply": "619008898.0", 
        "total_supply": "1850000000.0", 
        "max_supply": null, 
        "percent_change_1h": "0.1", 
        "percent_change_24h": "7.82", 
        "percent_change_7d": "4.55", 
        "last_updated": "1523405058"
    }, 
    {
        "id": "enigma-project", 
        "name": "Enigma", 
        "symbol": "ENG", 
        "rank": "95", 
        "price_usd": "1.43067", 
        "price_btc": "0.00020944", 
        "24h_volume_usd": "5904420.0", 
        "market_cap_usd": "107065865.0", 
        "available_supply": "74836171.0", 
        "total_supply": "150000000.0", 
        "max_supply": null, 
        "percent_change_1h": "2.33", 
        "percent_change_24h": "5.65", 
        "percent_change_7d": "-5.34", 
        "last_updated": "1523405054"
    }, 
    {
        "id": "request-network", 
        "name": "Request Network", 
        "symbol": "REQ", 
        "rank": "96", 
        "price_usd": "0.158757", 
        "price_btc": "0.00002324", 
        "24h_volume_usd": "3027890.0", 
        "market_cap_usd": "105249745.0", 
        "available_supply": "662961287.0", 
        "total_supply": "999999783.0", 
        "max_supply": null, 
        "percent_change_1h": "0.68", 
        "percent_change_24h": "1.64", 
        "percent_change_7d": "-4.75", 
        "last_updated": "1523405057"
    }, 
    {
        "id": "neblio", 
        "name": "Neblio", 
        "symbol": "NEBL", 
        "rank": "97", 
        "price_usd": "7.92676", 
        "price_btc": "0.00116041", 
        "24h_volume_usd": "9210500.0", 
        "market_cap_usd": "102965871.0", 
        "available_supply": "12989654.0", 
        "total_supply": "13746586.0", 
        "max_supply": null, 
        "percent_change_1h": "0.95", 
        "percent_change_24h": "6.04", 
        "percent_change_7d": "-1.12", 
        "last_updated": "1523405053"
    }, 
    {
        "id": "dent", 
        "name": "Dent", 
        "symbol": "DENT", 
        "rank": "98", 
        "price_usd": "0.00966889", 
        "price_btc": "0.00000142", 
        "24h_volume_usd": "859640.0", 
        "market_cap_usd": "102632956.0", 
        "available_supply": "10614760961.0", 
        "total_supply": "100000000000", 
        "max_supply": null, 
        "percent_change_1h": "-1.16", 
        "percent_change_24h": "-1.73", 
        "percent_change_7d": "-15.7", 
        "last_updated": "1523405052"
    }, 
    {
        "id": "dentacoin", 
        "name": "Dentacoin", 
        "symbol": "DCN", 
        "rank": "99", 
        "price_usd": "0.000307425", 
        "price_btc": "0.00000005", 
        "24h_volume_usd": "82205.1", 
        "market_cap_usd": "99982792.0", 
        "available_supply": "325226613094", 
        "total_supply": "1963173416169", 
        "max_supply": "8000000000000", 
        "percent_change_1h": "0.77", 
        "percent_change_24h": "3.75", 
        "percent_change_7d": "-4.62", 
        "last_updated": "1523405052"
    }, 
    {
        "id": "storj", 
        "name": "Storj", 
        "symbol": "STORJ", 
        "rank": "100", 
        "price_usd": "0.745511", 
        "price_btc": "0.00010914", 
        "24h_volume_usd": "9831680.0", 
        "market_cap_usd": "99470172.0", 
        "available_supply": "133425493.0", 
        "total_supply": "424999998.0", 
        "max_supply": null, 
        "percent_change_1h": "-0.57", 
        "percent_change_24h": "2.09", 
        "percent_change_7d": "-11.06", 
        "last_updated": "1523405051"
    }
]