[
    {
        "id": "bitcoin", 
        "name": "Bitcoin", 
        "symbol": "BTC", 
        "rank": "1", 
        "price_usd": "6822.56", 
        "price_btc": "1.0", 
        "24h_volume_usd": "4266140000.0", 
        "market_cap_usd": "115771338384", 
        "available_supply": "16968900.0", 
        "total_supply": "16968900.0", 
        "max_supply": "21000000.0", 
        "percent_change_1h": "0.12", 
        "percent_change_24h": "0.9", 
        "percent_change_7d": "-8.15", 
        "last_updated": "1523405368"
    }, 
    {
        "id": "ethereum", 
        "name": "Ethereum", 
        "symbol": "ETH", 
        "rank": "2", 
        "price_usd": "415.757", 
        "price_btc": "0.0608562", 
        "24h_volume_usd": "1197470000.0", 
        "market_cap_usd": "41052625594.0", 
        "available_supply": "98741875.0", 
        "total_supply": "98741875.0", 
        "max_supply": null, 
        "percent_change_1h": "1.1", 
        "percent_change_24h": "4.59", 
        "percent_change_7d": "1.06", 
        "last_updated": "1523405356"
    }, 
    {
        "id": "ripple", 
        "name": "Ripple", 
        "symbol": "XRP", 
        "rank": "3", 
        "price_usd": "0.492883", 
        "price_btc": "0.00007213", 
        "24h_volume_usd": "154078000.0", 
        "market_cap_usd": "19269024608.0", 
        "available_supply": "39094520623.0", 
        "total_supply": "99992405149.0", 
        "max_supply": "100000000000", 
        "percent_change_1h": "0.59", 
        "percent_change_24h": "0.73", 
        "percent_change_7d": "-9.7", 
        "last_updated": "1523405641"
    }, 
    {
        "id": "bitcoin-cash", 
        "name": "Bitcoin Cash", 
        "symbol": "BCH", 
        "rank": "4", 
        "price_usd": "650.228", 
        "price_btc": "0.0951768", 
        "24h_volume_usd": "224495000.0", 
        "market_cap_usd": "11097091778.0", 
        "available_supply": "17066463.0", 
        "total_supply": "17066463.0", 
        "max_supply": "21000000.0", 
        "percent_change_1h": "0.34", 
        "percent_change_24h": "2.34", 
        "percent_change_7d": "-7.77", 
        "last_updated": "1523405352"
    }, 
    {
        "id": "litecoin", 
        "name": "Litecoin", 
        "symbol": "LTC", 
        "rank": "5", 
        "price_usd": "114.486", 
        "price_btc": "0.0167579", 
        "24h_volume_usd": "201550000.0", 
        "market_cap_usd": "6414311442.0", 
        "available_supply": "56027038.0", 
        "total_supply": "56027038.0", 
        "max_supply": "84000000.0", 
        "percent_change_1h": "0.59", 
        "percent_change_24h": "-0.38", 
        "percent_change_7d": "-13.57", 
        "last_updated": "1523405341"
    }, 
    {
        "id": "eos", 
        "name": "EOS", 
        "symbol": "EOS", 
        "rank": "6", 
        "price_usd": "6.0051", 
        "price_btc": "0.00087899", 
        "24h_volume_usd": "223537000.0", 
        "market_cap_usd": "4712153998.0", 
        "available_supply": "784692011.0", 
        "total_supply": "900000000.0", 
        "max_supply": "1000000000.0", 
        "percent_change_1h": "0.66", 
        "percent_change_24h": "2.51", 
        "percent_change_7d": "-1.02", 
        "last_updated": "1523405351"
    }, 
    {
        "id": "cardano", 
        "name": "Cardano", 
        "symbol": "ADA", 
        "rank": "7", 
        "price_usd": "0.156486", 
        "price_btc": "0.00002291", 
        "24h_volume_usd": "55672600.0", 
        "market_cap_usd": "4057223560.0", 
        "available_supply": "25927070538.0", 
        "total_supply": "31112483745.0", 
        "max_supply": "45000000000.0", 
        "percent_change_1h": "0.95", 
        "percent_change_24h": "2.89", 
        "percent_change_7d": "-8.24", 
        "last_updated": "1523405354"
    }, 
    {
        "id": "stellar", 
        "name": "Stellar", 
        "symbol": "XLM", 
        "rank": "8", 
        "price_usd": "0.199237", 
        "price_btc": "0.00002916", 
        "24h_volume_usd": "27062700.0", 
        "market_cap_usd": "3696094773.0", 
        "available_supply": "18551246869.0", 
        "total_supply": "103847435165", 
        "max_supply": null, 
        "percent_change_1h": "0.41", 
        "percent_change_24h": "1.22", 
        "percent_change_7d": "-14.3", 
        "last_updated": "1523405344"
    }, 
    {
        "id": "neo", 
        "name": "NEO", 
        "symbol": "NEO", 
        "rank": "9", 
        "price_usd": "52.4383", 
        "price_btc": "0.00767563", 
        "24h_volume_usd": "89142400.0", 
        "market_cap_usd": "3408489500.0", 
        "available_supply": "65000000.0", 
        "total_supply": "100000000.0", 
        "max_supply": "100000000.0", 
        "percent_change_1h": "1.24", 
        "percent_change_24h": "0.72", 
        "percent_change_7d": "-0.6", 
        "last_updated": "1523405348"
    }, 
    {
        "id": "iota", 
        "name": "IOTA", 
        "symbol": "MIOTA", 
        "rank": "10", 
        "price_usd": "1.0087", 
        "price_btc": "0.00014765", 
        "24h_volume_usd": "21013600.0", 
        "market_cap_usd": "2803712196.0", 
        "available_supply": "2779530283.0", 
        "total_supply": "2779530283.0", 
        "max_supply": "2779530283.0", 
        "percent_change_1h": "0.55", 
        "percent_change_24h": "2.35", 
        "percent_change_7d": "-7.42", 
        "last_updated": "1523405351"
    }, 
    {
        "id": "monero", 
        "name": "Monero", 
        "symbol": "XMR", 
        "rank": "11", 
        "price_usd": "165.603", 
        "price_btc": "0.02424", 
        "24h_volume_usd": "31159000.0", 
        "market_cap_usd": "2635769581.0", 
        "available_supply": "15916195.0", 
        "total_supply": "15916195.0", 
        "max_supply": null, 
        "percent_change_1h": "0.12", 
        "percent_change_24h": "-0.51", 
        "percent_change_7d": "-11.93", 
        "last_updated": "1523405342"
    }, 
    {
        "id": "tron", 
        "name": "TRON", 
        "symbol": "TRX", 
        "rank": "12", 
        "price_usd": "0.0368054", 
        "price_btc": "0.00000539", 
        "24h_volume_usd": "303397000.0", 
        "market_cap_usd": "2419885548.0", 
        "available_supply": "65748111645.0", 
        "total_supply": "100000000000", 
        "max_supply": null, 
        "percent_change_1h": "0.32", 
        "percent_change_24h": "3.51", 
        "percent_change_7d": "6.96", 
        "last_updated": "1523405354"
    }, 
    {
        "id": "dash", 
        "name": "Dash", 
        "symbol": "DASH", 
        "rank": "13", 
        "price_usd": "299.655", 
        "price_btc": "0.0438618", 
        "24h_volume_usd": "71545200.0", 
        "market_cap_usd": "2398127848.0", 
        "available_supply": "8002963.0", 
        "total_supply": "8002963.0", 
        "max_supply": "18900000.0", 
        "percent_change_1h": "0.94", 
        "percent_change_24h": "0.67", 
        "percent_change_7d": "-11.2", 
        "last_updated": "1523405341"
    }, 
    {
        "id": "tether", 
        "name": "Tether", 
        "symbol": "USDT", 
        "rank": "14", 
        "price_usd": "0.997175", 
        "price_btc": "0.00014596", 
        "24h_volume_usd": "1249380000.0", 
        "market_cap_usd": "2280679641.0", 
        "available_supply": "2287140814.0", 
        "total_supply": "2580109970.0", 
        "max_supply": null, 
        "percent_change_1h": "-0.29", 
        "percent_change_24h": "-0.17", 
        "percent_change_7d": "-0.43", 
        "last_updated": "1523405346"
    }, 
    {
        "id": "nem", 
        "name": "NEM", 
        "symbol": "XEM", 
        "rank": "15", 
        "price_usd": "0.235229", 
        "price_btc": "0.00003443", 
        "24h_volume_usd": "12785300.0", 
        "market_cap_usd": "2117061000.0", 
        "available_supply": "8999999999.0", 
        "total_supply": "8999999999.0", 
        "max_supply": null, 
        "percent_change_1h": "0.69", 
        "percent_change_24h": "2.86", 
        "percent_change_7d": "-7.06", 
        "last_updated": "1523405344"
    }, 
    {
        "id": "vechain", 
        "name": "VeChain", 
        "symbol": "VEN", 
        "rank": "16", 
        "price_usd": "2.70713", 
        "price_btc": "0.00039625", 
        "24h_volume_usd": "65793000.0", 
        "market_cap_usd": "1420621978.0", 
        "available_supply": "524770505.0", 
        "total_supply": "873378637.0", 
        "max_supply": null, 
        "percent_change_1h": "1.14", 
        "percent_change_24h": "6.04", 
        "percent_change_7d": "-5.08", 
        "last_updated": "1523405353"
    }, 
    {
        "id": "binance-coin", 
        "name": "Binance Coin", 
        "symbol": "BNB", 
        "rank": "17", 
        "price_usd": "12.0574", 
        "price_btc": "0.00176489", 
        "24h_volume_usd": "87781900.0", 
        "market_cap_usd": "1401812665.0", 
        "available_supply": "116261604.0", 
        "total_supply": "197192382.0", 
        "max_supply": null, 
        "percent_change_1h": "1.21", 
        "percent_change_24h": "1.79", 
        "percent_change_7d": "-8.58", 
        "last_updated": "1523405352"
    }, 
    {
        "id": "ethereum-classic", 
        "name": "Ethereum Classic", 
        "symbol": "ETC", 
        "rank": "18", 
        "price_usd": "13.6874", 
        "price_btc": "0.00200348", 
        "24h_volume_usd": "73681600.0", 
        "market_cap_usd": "1383665165.0", 
        "available_supply": "101090431.0", 
        "total_supply": "101090431.0", 
        "max_supply": null, 
        "percent_change_1h": "0.56", 
        "percent_change_24h": "0.82", 
        "percent_change_7d": "-8.57", 
        "last_updated": "1523405348"
    }, 
    {
        "id": "verge", 
        "name": "Verge", 
        "symbol": "XVG", 
        "rank": "19", 
        "price_usd": "0.0859537", 
        "price_btc": "0.00001258", 
        "24h_volume_usd": "448128000.0", 
        "market_cap_usd": "1277269641.0", 
        "available_supply": "14859972765.0", 
        "total_supply": "14859972765.0", 
        "max_supply": "16555000000.0", 
        "percent_change_1h": "1.65", 
        "percent_change_24h": "12.39", 
        "percent_change_7d": "25.27", 
        "last_updated": "1523405343"
    }, 
    {
        "id": "qtum", 
        "name": "Qtum", 
        "symbol": "QTUM", 
        "rank": "20", 
        "price_usd": "13.5645", 
        "price_btc": "0.0019855", 
        "24h_volume_usd": "89897700.0", 
        "market_cap_usd": "1200644355.0", 
        "available_supply": "88513720.0", 
        "total_supply": "100513720.0", 
        "max_supply": null, 
        "percent_change_1h": "0.75", 
        "percent_change_24h": "1.13", 
        "percent_change_7d": "-9.4", 
        "last_updated": "1523405350"
    }, 
    {
        "id": "ontology", 
        "name": "Ontology", 
        "symbol": "ONT", 
        "rank": "21", 
        "price_usd": "4.69283", 
        "price_btc": "0.00068691", 
        "24h_volume_usd": "163220000.0", 
        "market_cap_usd": "1132081654.0", 
        "available_supply": "241236451.0", 
        "total_supply": "1000000000.0", 
        "max_supply": null, 
        "percent_change_1h": "1.71", 
        "percent_change_24h": "30.61", 
        "percent_change_7d": "103.75", 
        "last_updated": "1523405361"
    }, 
    {
        "id": "omisego", 
        "name": "OmiseGO", 
        "symbol": "OMG", 
        "rank": "22", 
        "price_usd": "9.23778", 
        "price_btc": "0.00135218", 
        "24h_volume_usd": "27263800.0", 
        "market_cap_usd": "942646644.0", 
        "available_supply": "102042552.0", 
        "total_supply": "140245398.0", 
        "max_supply": null, 
        "percent_change_1h": "0.41", 
        "percent_change_24h": "1.92", 
        "percent_change_7d": "-1.83", 
        "last_updated": "1523405352"
    }, 
    {
        "id": "lisk", 
        "name": "Lisk", 
        "symbol": "LSK", 
        "rank": "23", 
        "price_usd": "8.55469", 
        "price_btc": "0.00125219", 
        "24h_volume_usd": "14208800.0", 
        "market_cap_usd": "887296785.0", 
        "available_supply": "103720507.0", 
        "total_supply": "119971024.0", 
        "max_supply": null, 
        "percent_change_1h": "1.3", 
        "percent_change_24h": "-0.13", 
        "percent_change_7d": "-11.02", 
        "last_updated": "1523405346"
    }, 
    {
        "id": "icon", 
        "name": "ICON", 
        "symbol": "ICX", 
        "rank": "24", 
        "price_usd": "2.12406", 
        "price_btc": "0.00031091", 
        "24h_volume_usd": "45637100.0", 
        "market_cap_usd": "822098855.0", 
        "available_supply": "387041258.0", 
        "total_supply": "400228750.0", 
        "max_supply": null, 
        "percent_change_1h": "0.82", 
        "percent_change_24h": "5.98", 
        "percent_change_7d": "-6.11", 
        "last_updated": "1523405356"
    }, 
    {
        "id": "bitcoin-gold", 
        "name": "Bitcoin Gold", 
        "symbol": "BTG", 
        "rank": "25", 
        "price_usd": "40.8254", 
        "price_btc": "0.0059758", 
        "24h_volume_usd": "7650820.0", 
        "market_cap_usd": "691401566.0", 
        "available_supply": "16935574.0", 
        "total_supply": "17035574.0", 
        "max_supply": "21000000.0", 
        "percent_change_1h": "0.5", 
        "percent_change_24h": "-0.58", 
        "percent_change_7d": "-11.91", 
        "last_updated": "1523405355"
    }, 
    {
        "id": "zcash", 
        "name": "Zcash", 
        "symbol": "ZEC", 
        "rank": "26", 
        "price_usd": "180.027", 
        "price_btc": "0.0263513", 
        "24h_volume_usd": "33274000.0", 
        "market_cap_usd": "661402320.0", 
        "available_supply": "3673906.0", 
        "total_supply": "3673906.0", 
        "max_supply": null, 
        "percent_change_1h": "0.91", 
        "percent_change_24h": "1.58", 
        "percent_change_7d": "-11.82", 
        "last_updated": "1523405348"
    }, 
    {
        "id": "nano", 
        "name": "Nano", 
        "symbol": "NANO", 
        "rank": "27", 
        "price_usd": "4.84515", 
        "price_btc": "0.00070921", 
        "24h_volume_usd": "6696700.0", 
        "market_cap_usd": "645607949.0", 
        "available_supply": "133248289.0", 
        "total_supply": "133248289.0", 
        "max_supply": "133248290.0", 
        "percent_change_1h": "0.48", 
        "percent_change_24h": "0.36", 
        "percent_change_7d": "-18.51", 
        "last_updated": "1523405349"
    }, 
    {
        "id": "bytom", 
        "name": "Bytom", 
        "symbol": "BTM", 
        "rank": "28", 
        "price_usd": "0.597019", 
        "price_btc": "0.00008739", 
        "24h_volume_usd": "23932600.0", 
        "market_cap_usd": "589257753.0", 
        "available_supply": "987000000.0", 
        "total_supply": "1407000000.0", 
        "max_supply": null, 
        "percent_change_1h": "2.3", 
        "percent_change_24h": "13.71", 
        "percent_change_7d": "22.66", 
        "last_updated": "1523405352"
    }, 
    {
        "id": "wanchain", 
        "name": "Wanchain", 
        "symbol": "WAN", 
        "rank": "29", 
        "price_usd": "4.52717", 
        "price_btc": "0.00066266", 
        "24h_volume_usd": "28019800.0", 
        "market_cap_usd": "480570380.0", 
        "available_supply": "106152493.0", 
        "total_supply": "210000000.0", 
        "max_supply": null, 
        "percent_change_1h": "3.66", 
        "percent_change_24h": "23.12", 
        "percent_change_7d": "31.88", 
        "last_updated": "1523405362"
    }, 
    {
        "id": "steem", 
        "name": "Steem", 
        "symbol": "STEEM", 
        "rank": "30", 
        "price_usd": "1.84444", 
        "price_btc": "0.00026998", 
        "24h_volume_usd": "2135270.0", 
        "market_cap_usd": "472458700.0", 
        "available_supply": "256152924.0", 
        "total_supply": "273127018.0", 
        "max_supply": null, 
        "percent_change_1h": "0.62", 
        "percent_change_24h": "1.5", 
        "percent_change_7d": "-9.73", 
        "last_updated": "1523405347"
    }, 
    {
        "id": "populous", 
        "name": "Populous", 
        "symbol": "PPT", 
        "rank": "31", 
        "price_usd": "11.733", 
        "price_btc": "0.00171741", 
        "24h_volume_usd": "1209790.0", 
        "market_cap_usd": "434168248.0", 
        "available_supply": "37004027.0", 
        "total_supply": "53252246.0", 
        "max_supply": "53252246.0", 
        "percent_change_1h": "0.35", 
        "percent_change_24h": "1.06", 
        "percent_change_7d": "-10.38", 
        "last_updated": "1523405352"
    }, 
    {
        "id": "bytecoin-bcn", 
        "name": "Bytecoin", 
        "symbol": "BCN", 
        "rank": "32", 
        "price_usd": "0.00235361", 
        "price_btc": "0.00000034", 
        "24h_volume_usd": "4456580.0", 
        "market_cap_usd": "432666335.0", 
        "available_supply": "183830938525", 
        "total_supply": "183830938525", 
        "max_supply": "184470000000", 
        "percent_change_1h": "1.18", 
        "percent_change_24h": "10.72", 
        "percent_change_7d": "1.99", 
        "last_updated": "1523405642"
    }, 
    {
        "id": "digixdao", 
        "name": "DigixDAO", 
        "symbol": "DGD", 
        "rank": "33", 
        "price_usd": "208.145", 
        "price_btc": "0.0304672", 
        "24h_volume_usd": "10778500.0", 
        "market_cap_usd": "416290000.0", 
        "available_supply": "2000000.0", 
        "total_supply": "2000000.0", 
        "max_supply": null, 
        "percent_change_1h": "0.02", 
        "percent_change_24h": "0.0", 
        "percent_change_7d": "-11.11", 
        "last_updated": "1523405346"
    }, 
    {
        "id": "siacoin", 
        "name": "Siacoin", 
        "symbol": "SC", 
        "rank": "34", 
        "price_usd": "0.0114365", 
        "price_btc": "0.00000167", 
        "24h_volume_usd": "8736410.0", 
        "market_cap_usd": "385414282.0", 
        "available_supply": "33700370054.0", 
        "total_supply": "33700370054.0", 
        "max_supply": null, 
        "percent_change_1h": "-0.37", 
        "percent_change_24h": "5.78", 
        "percent_change_7d": "-4.19", 
        "last_updated": "1523405345"
    }, 
    {
        "id": "bitcoin-diamond", 
        "name": "Bitcoin Diamond", 
        "symbol": "BCD", 
        "rank": "35", 
        "price_usd": "2.4991", 
        "price_btc": "0.00036581", 
        "24h_volume_usd": "1687600.0", 
        "market_cap_usd": "382436961.0", 
        "available_supply": "153029875.0", 
        "total_supply": "156029875.0", 
        "max_supply": "210000000.0", 
        "percent_change_1h": "-3.43", 
        "percent_change_24h": "4.35", 
        "percent_change_7d": "11.73", 
        "last_updated": "1523405357"
    }, 
    {
        "id": "bitshares", 
        "name": "BitShares", 
        "symbol": "BTS", 
        "rank": "36", 
        "price_usd": "0.142777", 
        "price_btc": "0.00002089", 
        "24h_volume_usd": "6513500.0", 
        "market_cap_usd": "373319022.0", 
        "available_supply": "2614700000.0", 
        "total_supply": "2614700000.0", 
        "max_supply": "3600570502.0", 
        "percent_change_1h": "0.53", 
        "percent_change_24h": "3.22", 
        "percent_change_7d": "-5.02", 
        "last_updated": "1523405642"
    }, 
    {
        "id": "stratis", 
        "name": "Stratis", 
        "symbol": "STRAT", 
        "rank": "37", 
        "price_usd": "3.7719", 
        "price_btc": "0.00055211", 
        "24h_volume_usd": "5793810.0", 
        "market_cap_usd": "372708116.0", 
        "available_supply": "98811770.0", 
        "total_supply": "98811770.0", 
        "max_supply": null, 
        "percent_change_1h": "1.49", 
        "percent_change_24h": "5.98", 
        "percent_change_7d": "-5.14", 
        "last_updated": "1523405347"
    }, 
    {
        "id": "rchain", 
        "name": "RChain", 
        "symbol": "RHOC", 
        "rank": "38", 
        "price_usd": "1.0284", 
        "price_btc": "0.00015053", 
        "24h_volume_usd": "1964490.0", 
        "market_cap_usd": "369832658.0", 
        "available_supply": "359619465.0", 
        "total_supply": "870663574.0", 
        "max_supply": "1000000000.0", 
        "percent_change_1h": "1.05", 
        "percent_change_24h": "6.68", 
        "percent_change_7d": "4.15", 
        "last_updated": "1523405355"
    }, 
    {
        "id": "decred", 
        "name": "Decred", 
        "symbol": "DCR", 
        "rank": "39", 
        "price_usd": "51.0811", 
        "price_btc": "0.00747697", 
        "24h_volume_usd": "18449700.0", 
        "market_cap_usd": "362820639.0", 
        "available_supply": "7102835.0", 
        "total_supply": "7522835.0", 
        "max_supply": "21000000.0", 
        "percent_change_1h": "0.73", 
        "percent_change_24h": "5.99", 
        "percent_change_7d": "9.7", 
        "last_updated": "1523405346"
    }, 
    {
        "id": "waves", 
        "name": "Waves", 
        "symbol": "WAVES", 
        "rank": "40", 
        "price_usd": "3.62213", 
        "price_btc": "0.00053019", 
        "24h_volume_usd": "16402500.0", 
        "market_cap_usd": "362213000.0", 
        "available_supply": "100000000.0", 
        "total_supply": "100000000.0", 
        "max_supply": null, 
        "percent_change_1h": "0.64", 
        "percent_change_24h": "4.54", 
        "percent_change_7d": "-9.56", 
        "last_updated": "1523405347"
    }, 
    {
        "id": "maker", 
        "name": "Maker", 
        "symbol": "MKR", 
        "rank": "41", 
        "price_usd": "570.365", 
        "price_btc": "0.0834869", 
        "24h_volume_usd": "248941.0", 
        "market_cap_usd": "352615482.0", 
        "available_supply": "618228.0", 
        "total_supply": "1000000.0", 
        "max_supply": null, 
        "percent_change_1h": "1.91", 
        "percent_change_24h": "7.91", 
        "percent_change_7d": "8.95", 
        "last_updated": "1523405349"
    }, 
    {
        "id": "dogecoin", 
        "name": "Dogecoin", 
        "symbol": "DOGE", 
        "rank": "42", 
        "price_usd": "0.00301338", 
        "price_btc": "0.00000044", 
        "24h_volume_usd": "10215800.0", 
        "market_cap_usd": "343410711.0", 
        "available_supply": "113961966538", 
        "total_supply": "113961966538", 
        "max_supply": null, 
        "percent_change_1h": "0.03", 
        "percent_change_24h": "9.41", 
        "percent_change_7d": "1.43", 
        "last_updated": "1523405641"
    }, 
    {
        "id": "aeternity", 
        "name": "Aeternity", 
        "symbol": "AE", 
        "rank": "43", 
        "price_usd": "1.35489", 
        "price_btc": "0.00019832", 
        "24h_volume_usd": "3843570.0", 
        "market_cap_usd": "315717107.0", 
        "available_supply": "233020472.0", 
        "total_supply": "273685830.0", 
        "max_supply": null, 
        "percent_change_1h": "0.67", 
        "percent_change_24h": "2.97", 
        "percent_change_7d": "-9.43", 
        "last_updated": "1523405350"
    }, 
    {
        "id": "status", 
        "name": "Status", 
        "symbol": "SNT", 
        "rank": "44", 
        "price_usd": "0.0894358", 
        "price_btc": "0.00001309", 
        "24h_volume_usd": "18133500.0", 
        "market_cap_usd": "310385494.0", 
        "available_supply": "3470483788.0", 
        "total_supply": "6804870174.0", 
        "max_supply": null, 
        "percent_change_1h": "0.4", 
        "percent_change_24h": "1.78", 
        "percent_change_7d": "-13.77", 
        "last_updated": "1523405351"
    }, 
    {
        "id": "0x", 
        "name": "0x", 
        "symbol": "ZRX", 
        "rank": "45", 
        "price_usd": "0.560776", 
        "price_btc": "0.00008208", 
        "24h_volume_usd": "4727900.0", 
        "market_cap_usd": "293128181.0", 
        "available_supply": "522718841.0", 
        "total_supply": "1000000000.0", 
        "max_supply": null, 
        "percent_change_1h": "0.5", 
        "percent_change_24h": "3.9", 
        "percent_change_7d": "-5.68", 
        "last_updated": "1523405353"
    }, 
    {
        "id": "zilliqa", 
        "name": "Zilliqa", 
        "symbol": "ZIL", 
        "rank": "46", 
        "price_usd": "0.0399987", 
        "price_btc": "0.00000585", 
        "24h_volume_usd": "14668000.0", 
        "market_cap_usd": "285912235.0", 
        "available_supply": "7148038186.0", 
        "total_supply": "12600000000.0", 
        "max_supply": null, 
        "percent_change_1h": "-0.13", 
        "percent_change_24h": "2.62", 
        "percent_change_7d": "-11.67", 
        "last_updated": "1523405360"
    }, 
    {
        "id": "augur", 
        "name": "Augur", 
        "symbol": "REP", 
        "rank": "47", 
        "price_usd": "24.7429", 
        "price_btc": "0.00362173", 
        "24h_volume_usd": "2496860.0", 
        "market_cap_usd": "272171900.0", 
        "available_supply": "11000000.0", 
        "total_supply": "11000000.0", 
        "max_supply": null, 
        "percent_change_1h": "0.69", 
        "percent_change_24h": "1.55", 
        "percent_change_7d": "-7.81", 
        "last_updated": "1523405345"
    }, 
    {
        "id": "komodo", 
        "name": "Komodo", 
        "symbol": "KMD", 
        "rank": "48", 
        "price_usd": "2.61563", 
        "price_btc": "0.00038286", 
        "24h_volume_usd": "2342590.0", 
        "market_cap_usd": "272127002.0", 
        "available_supply": "104038798.0", 
        "total_supply": "104038798.0", 
        "max_supply": null, 
        "percent_change_1h": "-1.45", 
        "percent_change_24h": "4.24", 
        "percent_change_7d": "-9.85", 
        "last_updated": "1523405349"
    }, 
    {
        "id": "ardor", 
        "name": "Ardor", 
        "symbol": "ARDR", 
        "rank": "49", 
        "price_usd": "0.254978", 
        "price_btc": "0.00003732", 
        "24h_volume_usd": "2400240.0", 
        "market_cap_usd": "254722893.0", 
        "available_supply": "998999495.0", 
        "total_supply": "998999495.0", 
        "max_supply": "998999495.0", 
        "percent_change_1h": "0.64", 
        "percent_change_24h": "4.96", 
        "percent_change_7d": "-14.62", 
        "last_updated": "1523405347"
    }, 
    {
        "id": "iostoken", 
        "name": "IOStoken", 
        "symbol": "IOST", 
        "rank": "50", 
        "price_usd": "0.0291737", 
        "price_btc": "0.00000427", 
        "24h_volume_usd": "45936700.0", 
        "market_cap_usd": "245059080.0", 
        "available_supply": "8400000000.0", 
        "total_supply": "21000000000.0", 
        "max_supply": null, 
        "percent_change_1h": "0.94", 
        "percent_change_24h": "-2.25", 
        "percent_change_7d": "11.86", 
        "last_updated": "1523405359"
    }, 
    {
        "id": "aion", 
        "name": "Aion", 
        "symbol": "AION", 
        "rank": "51", 
        "price_usd": "2.07233", 
        "price_btc": "0.00030334", 
        "24h_volume_usd": "10234900.0", 
        "market_cap_usd": "238980828.0", 
        "available_supply": "115319871.0", 
        "total_supply": "465934587.0", 
        "max_supply": null, 
        "percent_change_1h": "-1.86", 
        "percent_change_24h": "-0.12", 
        "percent_change_7d": "-5.55", 
        "last_updated": "1523405354"
    }, 
    {
        "id": "loopring", 
        "name": "Loopring", 
        "symbol": "LRC", 
        "rank": "52", 
        "price_usd": "0.414905", 
        "price_btc": "0.00006073", 
        "24h_volume_usd": "4721180.0", 
        "market_cap_usd": "237356381.0", 
        "available_supply": "572074043.0", 
        "total_supply": "1374956262.0", 
        "max_supply": null, 
        "percent_change_1h": "-0.77", 
        "percent_change_24h": "1.69", 
        "percent_change_7d": "4.27", 
        "last_updated": "1523405353"
    }, 
    {
        "id": "golem-network-tokens", 
        "name": "Golem", 
        "symbol": "GNT", 
        "rank": "53", 
        "price_usd": "0.278103", 
        "price_btc": "0.00004071", 
        "24h_volume_usd": "43261100.0", 
        "market_cap_usd": "232010765.0", 
        "available_supply": "834262000.0", 
        "total_supply": "1000000000.0", 
        "max_supply": null, 
        "percent_change_1h": "-1.37", 
        "percent_change_24h": "14.41", 
        "percent_change_7d": "28.29", 
        "last_updated": "1523405349"
    }, 
    {
        "id": "kucoin-shares", 
        "name": "KuCoin Shares", 
        "symbol": "KCS", 
        "rank": "54", 
        "price_usd": "2.49379", 
        "price_btc": "0.00036503", 
        "24h_volume_usd": "291468.0", 
        "market_cap_usd": "227042312.0", 
        "available_supply": "91043076.0", 
        "total_supply": "181043076.0", 
        "max_supply": null, 
        "percent_change_1h": "1.54", 
        "percent_change_24h": "6.07", 
        "percent_change_7d": "1.75", 
        "last_updated": "1523405356"
    }, 
    {
        "id": "ark", 
        "name": "Ark", 
        "symbol": "ARK", 
        "rank": "55", 
        "price_usd": "2.19739", 
        "price_btc": "0.00032164", 
        "24h_volume_usd": "1965000.0", 
        "market_cap_usd": "223730519.0", 
        "available_supply": "101816482.0", 
        "total_supply": "133066482.0", 
        "max_supply": null, 
        "percent_change_1h": "0.7", 
        "percent_change_24h": "6.16", 
        "percent_change_7d": "-5.84", 
        "last_updated": "1523405349"
    }, 
    {
        "id": "hshare", 
        "name": "Hshare", 
        "symbol": "HSR", 
        "rank": "56", 
        "price_usd": "5.20065", 
        "price_btc": "0.00076124", 
        "24h_volume_usd": "13645900.0", 
        "market_cap_usd": "222833273.0", 
        "available_supply": "42847197.0", 
        "total_supply": "42847197.0", 
        "max_supply": "84000000.0", 
        "percent_change_1h": "0.16", 
        "percent_change_24h": "0.16", 
        "percent_change_7d": "-9.15", 
        "last_updated": "1523405353"
    }, 
    {
        "id": "cryptonex", 
        "name": "Cryptonex", 
        "symbol": "CNX", 
        "rank": "57", 
        "price_usd": "4.86194", 
        "price_btc": "0.00071166", 
        "24h_volume_usd": "1249160.0", 
        "market_cap_usd": "219794469.0", 
        "available_supply": "45207154.0", 
        "total_supply": "106644780.0", 
        "max_supply": "210000000.0", 
        "percent_change_1h": "3.15", 
        "percent_change_24h": "2.93", 
        "percent_change_7d": "-4.72", 
        "last_updated": "1523405355"
    }, 
    {
        "id": "pivx", 
        "name": "PIVX", 
        "symbol": "PIVX", 
        "rank": "58", 
        "price_usd": "3.89645", 
        "price_btc": "0.00057034", 
        "24h_volume_usd": "1434420.0", 
        "market_cap_usd": "218008679.0", 
        "available_supply": "55950591.0", 
        "total_supply": "55950591.0", 
        "max_supply": null, 
        "percent_change_1h": "0.49", 
        "percent_change_24h": "0.42", 
        "percent_change_7d": "-6.03", 
        "last_updated": "1523405346"
    }, 
    {
        "id": "waltonchain", 
        "name": "Waltonchain", 
        "symbol": "WTC", 
        "rank": "59", 
        "price_usd": "8.61754", 
        "price_btc": "0.00126139", 
        "24h_volume_usd": "1848410.0", 
        "market_cap_usd": "214561045.0", 
        "available_supply": "24898178.0", 
        "total_supply": "70000000.0", 
        "max_supply": "100000000.0", 
        "percent_change_1h": "0.28", 
        "percent_change_24h": "2.94", 
        "percent_change_7d": "-17.82", 
        "last_updated": "1523405354"
    }, 
    {
        "id": "aelf", 
        "name": "aelf", 
        "symbol": "ELF", 
        "rank": "60", 
        "price_usd": "0.828948", 
        "price_btc": "0.00012134", 
        "24h_volume_usd": "84905900.0", 
        "market_cap_usd": "207237000.0", 
        "available_supply": "250000000.0", 
        "total_supply": "280000000.0", 
        "max_supply": "1000000000.0", 
        "percent_change_1h": "4.59", 
        "percent_change_24h": "41.04", 
        "percent_change_7d": "45.94", 
        "last_updated": "1523405358"
    }, 
    {
        "id": "digibyte", 
        "name": "DigiByte", 
        "symbol": "DGB", 
        "rank": "61", 
        "price_usd": "0.0200636", 
        "price_btc": "0.00000294", 
        "24h_volume_usd": "2992950.0", 
        "market_cap_usd": "202590397.0", 
        "available_supply": "10097410079.0", 
        "total_supply": "10097410079.0", 
        "max_supply": "21000000000.0", 
        "percent_change_1h": "0.34", 
        "percent_change_24h": "10.04", 
        "percent_change_7d": "-0.44", 
        "last_updated": "1523405641"
    }, 
    {
        "id": "basic-attention-token", 
        "name": "Basic Attention Token", 
        "symbol": "BAT", 
        "rank": "62", 
        "price_usd": "0.198846", 
        "price_btc": "0.00002911", 
        "24h_volume_usd": "5204990.0", 
        "market_cap_usd": "198846000.0", 
        "available_supply": "1000000000.0", 
        "total_supply": "1500000000.0", 
        "max_supply": null, 
        "percent_change_1h": "1.6", 
        "percent_change_24h": "6.43", 
        "percent_change_7d": "-5.62", 
        "last_updated": "1523405350"
    }, 
    {
        "id": "centrality", 
        "name": "Centrality", 
        "symbol": "CENNZ", 
        "rank": "63", 
        "price_usd": "0.295816", 
        "price_btc": "0.00004330", 
        "24h_volume_usd": "109988.0", 
        "market_cap_usd": "194936010.0", 
        "available_supply": "658977236.0", 
        "total_supply": "1200000000.0", 
        "max_supply": null, 
        "percent_change_1h": "0.25", 
        "percent_change_24h": "3.99", 
        "percent_change_7d": "-15.15", 
        "last_updated": "1523405362"
    }, 
    {
        "id": "monacoin", 
        "name": "MonaCoin", 
        "symbol": "MONA", 
        "rank": "64", 
        "price_usd": "3.2662", 
        "price_btc": "0.00047797", 
        "24h_volume_usd": "877042.0", 
        "market_cap_usd": "191678008.0", 
        "available_supply": "58685325.0", 
        "total_supply": "58685325.0", 
        "max_supply": null, 
        "percent_change_1h": "0.4", 
        "percent_change_24h": "0.92", 
        "percent_change_7d": "-7.84", 
        "last_updated": "1523405642"
    }, 
    {
        "id": "qash", 
        "name": "QASH", 
        "symbol": "QASH", 
        "rank": "65", 
        "price_usd": "0.530231", 
        "price_btc": "0.00007761", 
        "24h_volume_usd": "3720590.0", 
        "market_cap_usd": "185580850.0", 
        "available_supply": "350000000.0", 
        "total_supply": "1000000000.0", 
        "max_supply": null, 
        "percent_change_1h": "0.91", 
        "percent_change_24h": "0.24", 
        "percent_change_7d": "-14.55", 
        "last_updated": "1523405357"
    }, 
    {
        "id": "veritaseum", 
        "name": "Veritaseum", 
        "symbol": "VERI", 
        "rank": "66", 
        "price_usd": "89.9437", 
        "price_btc": "0.0131655", 
        "24h_volume_usd": "341764.0", 
        "market_cap_usd": "183183426.0", 
        "available_supply": "2036645.0", 
        "total_supply": "100000000.0", 
        "max_supply": null, 
        "percent_change_1h": "-1.21", 
        "percent_change_24h": "-1.79", 
        "percent_change_7d": "-26.3", 
        "last_updated": "1523405351"
    }, 
    {
        "id": "factom", 
        "name": "Factom", 
        "symbol": "FCT", 
        "rank": "67", 
        "price_usd": "20.2515", 
        "price_btc": "0.0029643", 
        "24h_volume_usd": "476210.0", 
        "market_cap_usd": "177101433.0", 
        "available_supply": "8745102.0", 
        "total_supply": "8745102.0", 
        "max_supply": null, 
        "percent_change_1h": "-0.16", 
        "percent_change_24h": "2.74", 
        "percent_change_7d": "-5.85", 
        "last_updated": "1523405345"
    }, 
    {
        "id": "dragonchain", 
        "name": "Dragonchain", 
        "symbol": "DRGN", 
        "rank": "68", 
        "price_usd": "0.707094", 
        "price_btc": "0.0001035", 
        "24h_volume_usd": "1171490.0", 
        "market_cap_usd": "168586723.0", 
        "available_supply": "238421940.0", 
        "total_supply": "433494437.0", 
        "max_supply": null, 
        "percent_change_1h": "-1.62", 
        "percent_change_24h": "-0.45", 
        "percent_change_7d": "-3.14", 
        "last_updated": "1523405357"
    }, 
    {
        "id": "elastos", 
        "name": "Elastos", 
        "symbol": "ELA", 
        "rank": "69", 
        "price_usd": "33.3484", 
        "price_btc": "0.00488135", 
        "24h_volume_usd": "13281900.0", 
        "market_cap_usd": "165573972.0", 
        "available_supply": "4964975.0", 
        "total_supply": "33379033.0", 
        "max_supply": null, 
        "percent_change_1h": "1.53", 
        "percent_change_24h": "1.42", 
        "percent_change_7d": "20.99", 
        "last_updated": "1523405360"
    }, 
    {
        "id": "nebulas-token", 
        "name": "Nebulas", 
        "symbol": "NAS", 
        "rank": "70", 
        "price_usd": "4.56127", 
        "price_btc": "0.00066765", 
        "24h_volume_usd": "8273870.0", 
        "market_cap_usd": "161925085.0", 
        "available_supply": "35500000.0", 
        "total_supply": "100000000.0", 
        "max_supply": "100000000.0", 
        "percent_change_1h": "-0.89", 
        "percent_change_24h": "3.41", 
        "percent_change_7d": "-6.44", 
        "last_updated": "1523405353"
    }, 
    {
        "id": "gas", 
        "name": "Gas", 
        "symbol": "GAS", 
        "rank": "71", 
        "price_usd": "15.4982", 
        "price_btc": "0.00226854", 
        "24h_volume_usd": "4184400.0", 
        "market_cap_usd": "155937407.0", 
        "available_supply": "10061646.0", 
        "total_supply": "16914585.0", 
        "max_supply": "100000000.0", 
        "percent_change_1h": "1.38", 
        "percent_change_24h": "3.32", 
        "percent_change_7d": "-8.67", 
        "last_updated": "1523405352"
    }, 
    {
        "id": "substratum", 
        "name": "Substratum", 
        "symbol": "SUB", 
        "rank": "72", 
        "price_usd": "0.399154", 
        "price_btc": "0.00005843", 
        "24h_volume_usd": "5218830.0", 
        "market_cap_usd": "152884364.0", 
        "available_supply": "383021000.0", 
        "total_supply": "472000000.0", 
        "max_supply": null, 
        "percent_change_1h": "0.89", 
        "percent_change_24h": "5.3", 
        "percent_change_7d": "6.53", 
        "last_updated": "1523405354"
    }, 
    {
        "id": "ethos", 
        "name": "Ethos", 
        "symbol": "ETHOS", 
        "rank": "73", 
        "price_usd": "1.99391", 
        "price_btc": "0.00029186", 
        "24h_volume_usd": "3452390.0", 
        "market_cap_usd": "152328562.0", 
        "available_supply": "76396909.0", 
        "total_supply": "222295208.0", 
        "max_supply": null, 
        "percent_change_1h": "1.35", 
        "percent_change_24h": "3.04", 
        "percent_change_7d": "-8.66", 
        "last_updated": "1523405352"
    }, 
    {
        "id": "gxchain", 
        "name": "GXChain", 
        "symbol": "GXS", 
        "rank": "74", 
        "price_usd": "2.48724", 
        "price_btc": "0.00036407", 
        "24h_volume_usd": "13049300.0", 
        "market_cap_usd": "149234400.0", 
        "available_supply": "60000000.0", 
        "total_supply": "100000000.0", 
        "max_supply": "100000000.0", 
        "percent_change_1h": "0.71", 
        "percent_change_24h": "2.85", 
        "percent_change_7d": "-9.4", 
        "last_updated": "1523405351"
    }, 
    {
        "id": "syscoin", 
        "name": "Syscoin", 
        "symbol": "SYS", 
        "rank": "75", 
        "price_usd": "0.277671", 
        "price_btc": "0.00004063", 
        "24h_volume_usd": "1521140.0", 
        "market_cap_usd": "147778841.0", 
        "available_supply": "532208409.0", 
        "total_supply": "532208409.0", 
        "max_supply": "888000000.0", 
        "percent_change_1h": "0.34", 
        "percent_change_24h": "3.03", 
        "percent_change_7d": "-7.75", 
        "last_updated": "1523405643"
    }, 
    {
        "id": "revain", 
        "name": "Revain", 
        "symbol": "R", 
        "rank": "76", 
        "price_usd": "0.777736", 
        "price_btc": "0.00011384", 
        "24h_volume_usd": "2945610.0", 
        "market_cap_usd": "143453405.0", 
        "available_supply": "184450000.0", 
        "total_supply": "484450000.0", 
        "max_supply": "484450000.0", 
        "percent_change_1h": "0.28", 
        "percent_change_24h": "0.37", 
        "percent_change_7d": "-4.58", 
        "last_updated": "1523405355"
    }, 
    {
        "id": "electroneum", 
        "name": "Electroneum", 
        "symbol": "ETN", 
        "rank": "77", 
        "price_usd": "0.0212563", 
        "price_btc": "0.00000311", 
        "24h_volume_usd": "715701.0", 
        "market_cap_usd": "141888901.0", 
        "available_supply": "6675145783.0", 
        "total_supply": "6675145783.0", 
        "max_supply": "21000000000.0", 
        "percent_change_1h": "0.76", 
        "percent_change_24h": "0.01", 
        "percent_change_7d": "-5.01", 
        "last_updated": "1523405355"
    }, 
    {
        "id": "kyber-network", 
        "name": "Kyber Network", 
        "symbol": "KNC", 
        "rank": "78", 
        "price_usd": "1.04509", 
        "price_btc": "0.00015297", 
        "24h_volume_usd": "8482060.0", 
        "market_cap_usd": "140180740.0", 
        "available_supply": "134132697.0", 
        "total_supply": "215625349.0", 
        "max_supply": null, 
        "percent_change_1h": "0.8", 
        "percent_change_24h": "5.71", 
        "percent_change_7d": "0.96", 
        "last_updated": "1523405354"
    }, 
    {
        "id": "funfair", 
        "name": "FunFair", 
        "symbol": "FUN", 
        "rank": "79", 
        "price_usd": "0.029451", 
        "price_btc": "0.00000431", 
        "24h_volume_usd": "679449.0", 
        "market_cap_usd": "139111009.0", 
        "available_supply": "4723473189.0", 
        "total_supply": "10999873621.0", 
        "max_supply": null, 
        "percent_change_1h": "0.48", 
        "percent_change_24h": "2.15", 
        "percent_change_7d": "-8.73", 
        "last_updated": "1523405351"
    }, 
    {
        "id": "skycoin", 
        "name": "Skycoin", 
        "symbol": "SKY", 
        "rank": "80", 
        "price_usd": "17.7711", 
        "price_btc": "0.00260124", 
        "24h_volume_usd": "7078680.0", 
        "market_cap_usd": "138387483.0", 
        "available_supply": "7787221.0", 
        "total_supply": "25000000.0", 
        "max_supply": "100000000.0", 
        "percent_change_1h": "0.56", 
        "percent_change_24h": "14.09", 
        "percent_change_7d": "30.52", 
        "last_updated": "1523405350"
    }, 
    {
        "id": "reddcoin", 
        "name": "ReddCoin", 
        "symbol": "RDD", 
        "rank": "81", 
        "price_usd": "0.00449615", 
        "price_btc": "0.00000066", 
        "24h_volume_usd": "6259250.0", 
        "market_cap_usd": "129528296.0", 
        "available_supply": "28808713174.0", 
        "total_supply": "28808713174.0", 
        "max_supply": null, 
        "percent_change_1h": "-0.53", 
        "percent_change_24h": "12.72", 
        "percent_change_7d": "-1.45", 
        "last_updated": "1523405641"
    }, 
    {
        "id": "zcoin", 
        "name": "ZCoin", 
        "symbol": "XZC", 
        "rank": "82", 
        "price_usd": "28.6743", 
        "price_btc": "0.00419719", 
        "24h_volume_usd": "927277.0", 
        "market_cap_usd": "129082693.0", 
        "available_supply": "4501686.0", 
        "total_supply": "4501686.0", 
        "max_supply": "21400000.0", 
        "percent_change_1h": "0.84", 
        "percent_change_24h": "2.62", 
        "percent_change_7d": "-7.85", 
        "last_updated": "1523405348"
    }, 
    {
        "id": "mixin", 
        "name": "Mixin", 
        "symbol": "XIN", 
        "rank": "83", 
        "price_usd": "315.524", 
        "price_btc": "0.0461847", 
        "24h_volume_usd": "1157210.0", 
        "market_cap_usd": "128152063.0", 
        "available_supply": "406156.0", 
        "total_supply": "1000000.0", 
        "max_supply": null, 
        "percent_change_1h": "2.53", 
        "percent_change_24h": "-12.21", 
        "percent_change_7d": "36.0", 
        "last_updated": "1523405358"
    }, 
    {
        "id": "nxt", 
        "name": "Nxt", 
        "symbol": "NXT", 
        "rank": "84", 
        "price_usd": "0.127873", 
        "price_btc": "0.00001871", 
        "24h_volume_usd": "5599000.0", 
        "market_cap_usd": "127745120.0", 
        "available_supply": "998999942.0", 
        "total_supply": "998999942.0", 
        "max_supply": "1000000000.0", 
        "percent_change_1h": "0.56", 
        "percent_change_24h": "9.36", 
        "percent_change_7d": "0.48", 
        "last_updated": "1523405641"
    }, 
    {
        "id": "maidsafecoin", 
        "name": "MaidSafeCoin", 
        "symbol": "MAID", 
        "rank": "85", 
        "price_usd": "0.281076", 
        "price_btc": "0.00004113", 
        "24h_volume_usd": "1107650.0", 
        "market_cap_usd": "127201622.0", 
        "available_supply": "452552412.0", 
        "total_supply": "452552412.0", 
        "max_supply": null, 
        "percent_change_1h": "1.6", 
        "percent_change_24h": "6.81", 
        "percent_change_7d": "3.66", 
        "last_updated": "1523405642"
    }, 
    {
        "id": "byteball", 
        "name": "Byteball Bytes", 
        "symbol": "GBYTE", 
        "rank": "86", 
        "price_usd": "195.623", 
        "price_btc": "0.0286343", 
        "24h_volume_usd": "341541.0", 
        "market_cap_usd": "126220274.0", 
        "available_supply": "645222.0", 
        "total_supply": "1000000.0", 
        "max_supply": null, 
        "percent_change_1h": "2.44", 
        "percent_change_24h": "6.83", 
        "percent_change_7d": "4.57", 
        "last_updated": "1523405349"
    }, 
    {
        "id": "chainlink", 
        "name": "ChainLink", 
        "symbol": "LINK", 
        "rank": "87", 
        "price_usd": "0.357082", 
        "price_btc": "0.00005227", 
        "24h_volume_usd": "9418300.0", 
        "market_cap_usd": "124978700.0", 
        "available_supply": "350000000.0", 
        "total_supply": "1000000000.0", 
        "max_supply": null, 
        "percent_change_1h": "0.93", 
        "percent_change_24h": "14.03", 
        "percent_change_7d": "21.17", 
        "last_updated": "1523405354"
    }, 
    {
        "id": "salt", 
        "name": "SALT", 
        "symbol": "SALT", 
        "rank": "88", 
        "price_usd": "2.1619", 
        "price_btc": "0.00031645", 
        "24h_volume_usd": "13252100.0", 
        "market_cap_usd": "121857062.0", 
        "available_supply": "56365726.0", 
        "total_supply": "120000000.0", 
        "max_supply": null, 
        "percent_change_1h": "0.37", 
        "percent_change_24h": "5.01", 
        "percent_change_7d": "-2.0", 
        "last_updated": "1523405354"
    }, 
    {
        "id": "nucleus-vision", 
        "name": "Nucleus Vision", 
        "symbol": "NCASH", 
        "rank": "89", 
        "price_usd": "0.0295026", 
        "price_btc": "0.00000432", 
        "24h_volume_usd": "19720700.0", 
        "market_cap_usd": "118381992.0", 
        "available_supply": "4012595236.0", 
        "total_supply": "10000000000.0", 
        "max_supply": null, 
        "percent_change_1h": "1.47", 
        "percent_change_24h": "7.48", 
        "percent_change_7d": "5.92", 
        "last_updated": "1523405361"
    }, 
    {
        "id": "storm", 
        "name": "Storm", 
        "symbol": "STORM", 
        "rank": "90", 
        "price_usd": "0.0286085", 
        "price_btc": "0.00000419", 
        "24h_volume_usd": "15749700.0", 
        "market_cap_usd": "116975952.0", 
        "available_supply": "4088853037.0", 
        "total_supply": "10000000000.0", 
        "max_supply": null, 
        "percent_change_1h": "-0.12", 
        "percent_change_24h": "1.0", 
        "percent_change_7d": "-11.38", 
        "last_updated": "1523405358"
    }, 
    {
        "id": "power-ledger", 
        "name": "Power Ledger", 
        "symbol": "POWR", 
        "rank": "91", 
        "price_usd": "0.310397", 
        "price_btc": "0.00004543", 
        "24h_volume_usd": "6528900.0", 
        "market_cap_usd": "112963695.0", 
        "available_supply": "363932947.0", 
        "total_supply": "1000000000.0", 
        "max_supply": null, 
        "percent_change_1h": "0.59", 
        "percent_change_24h": "3.78", 
        "percent_change_7d": "-11.48", 
        "last_updated": "1523405357"
    }, 
    {
        "id": "particl", 
        "name": "Particl", 
        "symbol": "PART", 
        "rank": "92", 
        "price_usd": "12.4575", 
        "price_btc": "0.00182346", 
        "24h_volume_usd": "2164810.0", 
        "market_cap_usd": "111259210.0", 
        "available_supply": "8931103.0", 
        "total_supply": "8931103.0", 
        "max_supply": null, 
        "percent_change_1h": "1.51", 
        "percent_change_24h": "2.35", 
        "percent_change_7d": "17.73", 
        "last_updated": "1523405352"
    }, 
    {
        "id": "bancor", 
        "name": "Bancor", 
        "symbol": "BNT", 
        "rank": "93", 
        "price_usd": "2.43704", 
        "price_btc": "0.00035672", 
        "24h_volume_usd": "5081120.0", 
        "market_cap_usd": "109755694.0", 
        "available_supply": "45036476.0", 
        "total_supply": "74711036.0", 
        "max_supply": null, 
        "percent_change_1h": "0.59", 
        "percent_change_24h": "5.69", 
        "percent_change_7d": "4.23", 
        "last_updated": "1523405351"
    }, 
    {
        "id": "wax", 
        "name": "WAX", 
        "symbol": "WAX", 
        "rank": "94", 
        "price_usd": "0.176234", 
        "price_btc": "0.00002580", 
        "24h_volume_usd": "3995630.0", 
        "market_cap_usd": "109090414.0", 
        "available_supply": "619008898.0", 
        "total_supply": "1850000000.0", 
        "max_supply": null, 
        "percent_change_1h": "0.28", 
        "percent_change_24h": "7.91", 
        "percent_change_7d": "4.72", 
        "last_updated": "1523405358"
    }, 
    {
        "id": "enigma-project", 
        "name": "Enigma", 
        "symbol": "ENG", 
        "rank": "95", 
        "price_usd": "1.43565", 
        "price_btc": "0.00021014", 
        "24h_volume_usd": "5922200.0", 
        "market_cap_usd": "107438549.0", 
        "available_supply": "74836171.0", 
        "total_supply": "150000000.0", 
        "max_supply": null, 
        "percent_change_1h": "2.81", 
        "percent_change_24h": "6.01", 
        "percent_change_7d": "-4.96", 
        "last_updated": "1523405355"
    }, 
    {
        "id": "request-network", 
        "name": "Request Network", 
        "symbol": "REQ", 
        "rank": "96", 
        "price_usd": "0.15896", 
        "price_btc": "0.00002327", 
        "24h_volume_usd": "3031940.0", 
        "market_cap_usd": "105384326.0", 
        "available_supply": "662961287.0", 
        "total_supply": "999999783.0", 
        "max_supply": null, 
        "percent_change_1h": "0.81", 
        "percent_change_24h": "1.77", 
        "percent_change_7d": "-4.63", 
        "last_updated": "1523405354"
    }, 
    {
        "id": "neblio", 
        "name": "Neblio", 
        "symbol": "NEBL", 
        "rank": "97", 
        "price_usd": "7.93461", 
        "price_btc": "0.00116143", 
        "24h_volume_usd": "9235220.0", 
        "market_cap_usd": "103067840.0", 
        "available_supply": "12989654.0", 
        "total_supply": "13746586.0", 
        "max_supply": null, 
        "percent_change_1h": "1.35", 
        "percent_change_24h": "6.12", 
        "percent_change_7d": "-1.01", 
        "last_updated": "1523405353"
    }, 
    {
        "id": "dent", 
        "name": "Dent", 
        "symbol": "DENT", 
        "rank": "98", 
        "price_usd": "0.00968282", 
        "price_btc": "0.00000142", 
        "24h_volume_usd": "860506.0", 
        "market_cap_usd": "102780820.0", 
        "available_supply": "10614760961.0", 
        "total_supply": "100000000000", 
        "max_supply": null, 
        "percent_change_1h": "-0.98", 
        "percent_change_24h": "-1.64", 
        "percent_change_7d": "-15.59", 
        "last_updated": "1523405353"
    }, 
    {
        "id": "dentacoin", 
        "name": "Dentacoin", 
        "symbol": "DCN", 
        "rank": "99", 
        "price_usd": "0.000310679", 
        "price_btc": "0.00000005", 
        "24h_volume_usd": "82595.5", 
        "market_cap_usd": "101041079.0", 
        "available_supply": "325226613094", 
        "total_supply": "1963173416169", 
        "max_supply": "8000000000000", 
        "percent_change_1h": "1.88", 
        "percent_change_24h": "4.74", 
        "percent_change_7d": "-3.6", 
        "last_updated": "1523405352"
    }, 
    {
        "id": "storj", 
        "name": "Storj", 
        "symbol": "STORJ", 
        "rank": "100", 
        "price_usd": "0.744542", 
        "price_btc": "0.00010898", 
        "24h_volume_usd": "9052780.0", 
        "market_cap_usd": "99340883.0", 
        "available_supply": "133425493.0", 
        "total_supply": "424999998.0", 
        "max_supply": null, 
        "percent_change_1h": "-0.61", 
        "percent_change_24h": "1.85", 
        "percent_change_7d": "-11.19", 
        "last_updated": "1523405351"
    }
]