[
    {
        "id": "bitcoin", 
        "name": "Bitcoin", 
        "symbol": "BTC", 
        "rank": "1", 
        "price_usd": "6866.8", 
        "price_btc": "1.0", 
        "24h_volume_usd": "4265400000.0", 
        "market_cap_usd": "116522042520", 
        "available_supply": "16968900.0", 
        "total_supply": "16968900.0", 
        "max_supply": "21000000.0", 
        "percent_change_1h": "0.83", 
        "percent_change_24h": "1.55", 
        "percent_change_7d": "-7.55", 
        "last_updated": "1523405668"
    }, 
    {
        "id": "ethereum", 
        "name": "Ethereum", 
        "symbol": "ETH", 
        "rank": "2", 
        "price_usd": "416.708", 
        "price_btc": "0.0609802", 
        "24h_volume_usd": "1201570000.0", 
        "market_cap_usd": "41146529117.0", 
        "available_supply": "98741875.0", 
        "total_supply": "98741875.0", 
        "max_supply": null, 
        "percent_change_1h": "1.36", 
        "percent_change_24h": "4.82", 
        "percent_change_7d": "1.3", 
        "last_updated": "1523405657"
    }, 
    {
        "id": "ripple", 
        "name": "Ripple", 
        "symbol": "XRP", 
        "rank": "3", 
        "price_usd": "0.492696", 
        "price_btc": "0.00007205", 
        "24h_volume_usd": "153965000.0", 
        "market_cap_usd": "19261713933.0", 
        "available_supply": "39094520623.0", 
        "total_supply": "99992405149.0", 
        "max_supply": "100000000000", 
        "percent_change_1h": "0.55", 
        "percent_change_24h": "0.69", 
        "percent_change_7d": "-9.74", 
        "last_updated": "1523405941"
    }, 
    {
        "id": "bitcoin-cash", 
        "name": "Bitcoin Cash", 
        "symbol": "BCH", 
        "rank": "4", 
        "price_usd": "650.716", 
        "price_btc": "0.0952246", 
        "24h_volume_usd": "224032000.0", 
        "market_cap_usd": "11105420212.0", 
        "available_supply": "17066463.0", 
        "total_supply": "17066463.0", 
        "max_supply": "21000000.0", 
        "percent_change_1h": "0.48", 
        "percent_change_24h": "2.39", 
        "percent_change_7d": "-7.66", 
        "last_updated": "1523405654"
    }, 
    {
        "id": "litecoin", 
        "name": "Litecoin", 
        "symbol": "LTC", 
        "rank": "5", 
        "price_usd": "114.411", 
        "price_btc": "0.0167312", 
        "24h_volume_usd": "200303000.0", 
        "market_cap_usd": "6410135156.0", 
        "available_supply": "56027263.0", 
        "total_supply": "56027263.0", 
        "max_supply": "84000000.0", 
        "percent_change_1h": "0.53", 
        "percent_change_24h": "-0.47", 
        "percent_change_7d": "-13.61", 
        "last_updated": "1523405941"
    }, 
    {
        "id": "eos", 
        "name": "EOS", 
        "symbol": "EOS", 
        "rank": "6", 
        "price_usd": "6.00691", 
        "price_btc": "0.00087904", 
        "24h_volume_usd": "223973000.0", 
        "market_cap_usd": "4713574290.0", 
        "available_supply": "784692011.0", 
        "total_supply": "900000000.0", 
        "max_supply": "1000000000.0", 
        "percent_change_1h": "0.69", 
        "percent_change_24h": "2.54", 
        "percent_change_7d": "-0.97", 
        "last_updated": "1523405651"
    }, 
    {
        "id": "cardano", 
        "name": "Cardano", 
        "symbol": "ADA", 
        "rank": "7", 
        "price_usd": "0.156529", 
        "price_btc": "0.00002291", 
        "24h_volume_usd": "55517900.0", 
        "market_cap_usd": "4058338424.0", 
        "available_supply": "25927070538.0", 
        "total_supply": "31112483745.0", 
        "max_supply": "45000000000.0", 
        "percent_change_1h": "0.99", 
        "percent_change_24h": "3.0", 
        "percent_change_7d": "-8.23", 
        "last_updated": "1523405654"
    }, 
    {
        "id": "stellar", 
        "name": "Stellar", 
        "symbol": "XLM", 
        "rank": "8", 
        "price_usd": "0.199663", 
        "price_btc": "0.00002920", 
        "24h_volume_usd": "27176500.0", 
        "market_cap_usd": "3703997484.0", 
        "available_supply": "18551246269.0", 
        "total_supply": "103847435165", 
        "max_supply": null, 
        "percent_change_1h": "0.7", 
        "percent_change_24h": "1.36", 
        "percent_change_7d": "-14.1", 
        "last_updated": "1523405944"
    }, 
    {
        "id": "neo", 
        "name": "NEO", 
        "symbol": "NEO", 
        "rank": "9", 
        "price_usd": "52.4711", 
        "price_btc": "0.00767852", 
        "24h_volume_usd": "88611500.0", 
        "market_cap_usd": "3410621500.0", 
        "available_supply": "65000000.0", 
        "total_supply": "100000000.0", 
        "max_supply": "100000000.0", 
        "percent_change_1h": "1.3", 
        "percent_change_24h": "0.81", 
        "percent_change_7d": "-0.53", 
        "last_updated": "1523405647"
    }, 
    {
        "id": "iota", 
        "name": "IOTA", 
        "symbol": "MIOTA", 
        "rank": "10", 
        "price_usd": "1.01086", 
        "price_btc": "0.00014793", 
        "24h_volume_usd": "21047400.0", 
        "market_cap_usd": "2809715982.0", 
        "available_supply": "2779530283.0", 
        "total_supply": "2779530283.0", 
        "max_supply": "2779530283.0", 
        "percent_change_1h": "0.81", 
        "percent_change_24h": "2.57", 
        "percent_change_7d": "-7.2", 
        "last_updated": "1523405651"
    }, 
    {
        "id": "monero", 
        "name": "Monero", 
        "symbol": "XMR", 
        "rank": "11", 
        "price_usd": "165.928", 
        "price_btc": "0.024265", 
        "24h_volume_usd": "31149800.0", 
        "market_cap_usd": "2640949552.0", 
        "available_supply": "15916238.0", 
        "total_supply": "15916238.0", 
        "max_supply": null, 
        "percent_change_1h": "0.4", 
        "percent_change_24h": "-0.34", 
        "percent_change_7d": "-11.75", 
        "last_updated": "1523405943"
    }, 
    {
        "id": "tron", 
        "name": "TRON", 
        "symbol": "TRX", 
        "rank": "12", 
        "price_usd": "0.0368304", 
        "price_btc": "0.00000539", 
        "24h_volume_usd": "303617000.0", 
        "market_cap_usd": "2421529251.0", 
        "available_supply": "65748111645.0", 
        "total_supply": "100000000000", 
        "max_supply": null, 
        "percent_change_1h": "0.4", 
        "percent_change_24h": "3.6", 
        "percent_change_7d": "7.05", 
        "last_updated": "1523405653"
    }, 
    {
        "id": "dash", 
        "name": "Dash", 
        "symbol": "DASH", 
        "rank": "13", 
        "price_usd": "299.698", 
        "price_btc": "0.0438274", 
        "24h_volume_usd": "71008500.0", 
        "market_cap_usd": "2398475986.0", 
        "available_supply": "8002976.0", 
        "total_supply": "8002976.0", 
        "max_supply": "18900000.0", 
        "percent_change_1h": "1.01", 
        "percent_change_24h": "0.66", 
        "percent_change_7d": "-11.17", 
        "last_updated": "1523405941"
    }, 
    {
        "id": "tether", 
        "name": "Tether", 
        "symbol": "USDT", 
        "rank": "14", 
        "price_usd": "0.998894", 
        "price_btc": "0.00014608", 
        "24h_volume_usd": "1251970000.0", 
        "market_cap_usd": "2284611236.0", 
        "available_supply": "2287140814.0", 
        "total_supply": "2580109970.0", 
        "max_supply": null, 
        "percent_change_1h": "-0.04", 
        "percent_change_24h": "0.01", 
        "percent_change_7d": "-0.26", 
        "last_updated": "1523405945"
    }, 
    {
        "id": "nem", 
        "name": "NEM", 
        "symbol": "XEM", 
        "rank": "15", 
        "price_usd": "0.235319", 
        "price_btc": "0.00003441", 
        "24h_volume_usd": "12835700.0", 
        "market_cap_usd": "2117871000.0", 
        "available_supply": "8999999999.0", 
        "total_supply": "8999999999.0", 
        "max_supply": null, 
        "percent_change_1h": "0.66", 
        "percent_change_24h": "2.85", 
        "percent_change_7d": "-7.04", 
        "last_updated": "1523405944"
    }, 
    {
        "id": "vechain", 
        "name": "VeChain", 
        "symbol": "VEN", 
        "rank": "16", 
        "price_usd": "2.70837", 
        "price_btc": "0.00039634", 
        "24h_volume_usd": "65735000.0", 
        "market_cap_usd": "1421272693.0", 
        "available_supply": "524770505.0", 
        "total_supply": "873378637.0", 
        "max_supply": null, 
        "percent_change_1h": "1.22", 
        "percent_change_24h": "6.11", 
        "percent_change_7d": "-5.02", 
        "last_updated": "1523405653"
    }, 
    {
        "id": "binance-coin", 
        "name": "Binance Coin", 
        "symbol": "BNB", 
        "rank": "17", 
        "price_usd": "12.0689", 
        "price_btc": "0.00176615", 
        "24h_volume_usd": "87300200.0", 
        "market_cap_usd": "1403149674.0", 
        "available_supply": "116261604.0", 
        "total_supply": "197192382.0", 
        "max_supply": null, 
        "percent_change_1h": "1.35", 
        "percent_change_24h": "1.89", 
        "percent_change_7d": "-8.47", 
        "last_updated": "1523405652"
    }, 
    {
        "id": "ethereum-classic", 
        "name": "Ethereum Classic", 
        "symbol": "ETC", 
        "rank": "18", 
        "price_usd": "13.7036", 
        "price_btc": "0.00200536", 
        "24h_volume_usd": "73753700.0", 
        "market_cap_usd": "1385302830.0", 
        "available_supply": "101090431.0", 
        "total_supply": "101090431.0", 
        "max_supply": null, 
        "percent_change_1h": "0.71", 
        "percent_change_24h": "0.94", 
        "percent_change_7d": "-8.45", 
        "last_updated": "1523405647"
    }, 
    {
        "id": "verge", 
        "name": "Verge", 
        "symbol": "XVG", 
        "rank": "19", 
        "price_usd": "0.0853024", 
        "price_btc": "0.00001247", 
        "24h_volume_usd": "448033000.0", 
        "market_cap_usd": "1267596930.0", 
        "available_supply": "14860038286.0", 
        "total_supply": "14860038286.0", 
        "max_supply": "16555000000.0", 
        "percent_change_1h": "0.2", 
        "percent_change_24h": "11.18", 
        "percent_change_7d": "24.31", 
        "last_updated": "1523405944"
    }, 
    {
        "id": "qtum", 
        "name": "Qtum", 
        "symbol": "QTUM", 
        "rank": "20", 
        "price_usd": "13.4603", 
        "price_btc": "0.00196976", 
        "24h_volume_usd": "89241900.0", 
        "market_cap_usd": "1191421225.0", 
        "available_supply": "88513720.0", 
        "total_supply": "100513720.0", 
        "max_supply": null, 
        "percent_change_1h": "0.08", 
        "percent_change_24h": "0.35", 
        "percent_change_7d": "-10.07", 
        "last_updated": "1523405650"
    }, 
    {
        "id": "ontology", 
        "name": "Ontology", 
        "symbol": "ONT", 
        "rank": "21", 
        "price_usd": "4.67597", 
        "price_btc": "0.00068427", 
        "24h_volume_usd": "163641000.0", 
        "market_cap_usd": "1128014408.0", 
        "available_supply": "241236451.0", 
        "total_supply": "1000000000.0", 
        "max_supply": null, 
        "percent_change_1h": "1.12", 
        "percent_change_24h": "29.98", 
        "percent_change_7d": "103.02", 
        "last_updated": "1523405662"
    }, 
    {
        "id": "omisego", 
        "name": "OmiseGO", 
        "symbol": "OMG", 
        "rank": "22", 
        "price_usd": "9.24935", 
        "price_btc": "0.00135353", 
        "24h_volume_usd": "27419600.0", 
        "market_cap_usd": "943827276.0", 
        "available_supply": "102042552.0", 
        "total_supply": "140245398.0", 
        "max_supply": null, 
        "percent_change_1h": "0.62", 
        "percent_change_24h": "2.05", 
        "percent_change_7d": "-1.68", 
        "last_updated": "1523405651"
    }, 
    {
        "id": "lisk", 
        "name": "Lisk", 
        "symbol": "LSK", 
        "rank": "23", 
        "price_usd": "8.55307", 
        "price_btc": "0.00125164", 
        "24h_volume_usd": "14217400.0", 
        "market_cap_usd": "887128758.0", 
        "available_supply": "103720507.0", 
        "total_supply": "119971024.0", 
        "max_supply": null, 
        "percent_change_1h": "1.3", 
        "percent_change_24h": "-0.16", 
        "percent_change_7d": "-11.04", 
        "last_updated": "1523405646"
    }, 
    {
        "id": "icon", 
        "name": "ICON", 
        "symbol": "ICX", 
        "rank": "24", 
        "price_usd": "2.13437", 
        "price_btc": "0.00031234", 
        "24h_volume_usd": "45721200.0", 
        "market_cap_usd": "826089251.0", 
        "available_supply": "387041258.0", 
        "total_supply": "400228750.0", 
        "max_supply": null, 
        "percent_change_1h": "1.3", 
        "percent_change_24h": "6.51", 
        "percent_change_7d": "-5.64", 
        "last_updated": "1523405655"
    }, 
    {
        "id": "bitcoin-gold", 
        "name": "Bitcoin Gold", 
        "symbol": "BTG", 
        "rank": "25", 
        "price_usd": "40.8353", 
        "price_btc": "0.00597576", 
        "24h_volume_usd": "7650290.0", 
        "market_cap_usd": "691569228.0", 
        "available_supply": "16935574.0", 
        "total_supply": "17035574.0", 
        "max_supply": "21000000.0", 
        "percent_change_1h": "0.57", 
        "percent_change_24h": "-0.56", 
        "percent_change_7d": "-11.87", 
        "last_updated": "1523405655"
    }, 
    {
        "id": "zcash", 
        "name": "Zcash", 
        "symbol": "ZEC", 
        "rank": "26", 
        "price_usd": "180.182", 
        "price_btc": "0.0263675", 
        "24h_volume_usd": "33365900.0", 
        "market_cap_usd": "661971776.0", 
        "available_supply": "3673906.0", 
        "total_supply": "3673906.0", 
        "max_supply": null, 
        "percent_change_1h": "1.01", 
        "percent_change_24h": "1.64", 
        "percent_change_7d": "-11.71", 
        "last_updated": "1523405648"
    }, 
    {
        "id": "nano", 
        "name": "Nano", 
        "symbol": "NANO", 
        "rank": "27", 
        "price_usd": "4.84459", 
        "price_btc": "0.00070895", 
        "24h_volume_usd": "6702070.0", 
        "market_cap_usd": "645533329.0", 
        "available_supply": "133248289.0", 
        "total_supply": "133248289.0", 
        "max_supply": "133248290.0", 
        "percent_change_1h": "0.58", 
        "percent_change_24h": "0.32", 
        "percent_change_7d": "-18.53", 
        "last_updated": "1523405649"
    }, 
    {
        "id": "bytom", 
        "name": "Bytom", 
        "symbol": "BTM", 
        "rank": "28", 
        "price_usd": "0.599296", 
        "price_btc": "0.00008770", 
        "24h_volume_usd": "24163600.0", 
        "market_cap_usd": "591505152.0", 
        "available_supply": "987000000.0", 
        "total_supply": "1407000000.0", 
        "max_supply": null, 
        "percent_change_1h": "2.58", 
        "percent_change_24h": "14.15", 
        "percent_change_7d": "23.13", 
        "last_updated": "1523405652"
    }, 
    {
        "id": "wanchain", 
        "name": "Wanchain", 
        "symbol": "WAN", 
        "rank": "29", 
        "price_usd": "4.5723", 
        "price_btc": "0.0006691", 
        "24h_volume_usd": "28322700.0", 
        "market_cap_usd": "485361042.0", 
        "available_supply": "106152493.0", 
        "total_supply": "210000000.0", 
        "max_supply": null, 
        "percent_change_1h": "4.51", 
        "percent_change_24h": "24.35", 
        "percent_change_7d": "33.2", 
        "last_updated": "1523405661"
    }, 
    {
        "id": "steem", 
        "name": "Steem", 
        "symbol": "STEEM", 
        "rank": "30", 
        "price_usd": "1.83958", 
        "price_btc": "0.0002692", 
        "24h_volume_usd": "2113460.0", 
        "market_cap_usd": "471213797.0", 
        "available_supply": "256152924.0", 
        "total_supply": "273127018.0", 
        "max_supply": null, 
        "percent_change_1h": "0.41", 
        "percent_change_24h": "1.24", 
        "percent_change_7d": "-9.96", 
        "last_updated": "1523405646"
    }, 
    {
        "id": "bytecoin-bcn", 
        "name": "Bytecoin", 
        "symbol": "BCN", 
        "rank": "31", 
        "price_usd": "0.00237132", 
        "price_btc": "0.00000035", 
        "24h_volume_usd": "4477270.0", 
        "market_cap_usd": "435922010.0", 
        "available_supply": "183830950665", 
        "total_supply": "183830950665", 
        "max_supply": "184470000000", 
        "percent_change_1h": "2.16", 
        "percent_change_24h": "11.55", 
        "percent_change_7d": "2.76", 
        "last_updated": "1523405942"
    }, 
    {
        "id": "populous", 
        "name": "Populous", 
        "symbol": "PPT", 
        "rank": "32", 
        "price_usd": "11.701", 
        "price_btc": "0.00171231", 
        "24h_volume_usd": "1207180.0", 
        "market_cap_usd": "432984119.0", 
        "available_supply": "37004027.0", 
        "total_supply": "53252246.0", 
        "max_supply": "53252246.0", 
        "percent_change_1h": "0.1", 
        "percent_change_24h": "0.74", 
        "percent_change_7d": "-10.57", 
        "last_updated": "1523405652"
    }, 
    {
        "id": "digixdao", 
        "name": "DigixDAO", 
        "symbol": "DGD", 
        "rank": "33", 
        "price_usd": "208.023", 
        "price_btc": "0.0304417", 
        "24h_volume_usd": "10776700.0", 
        "market_cap_usd": "416046000.0", 
        "available_supply": "2000000.0", 
        "total_supply": "2000000.0", 
        "max_supply": null, 
        "percent_change_1h": "-0.03", 
        "percent_change_24h": "-0.06", 
        "percent_change_7d": "-11.14", 
        "last_updated": "1523405646"
    }, 
    {
        "id": "bitcoin-diamond", 
        "name": "Bitcoin Diamond", 
        "symbol": "BCD", 
        "rank": "34", 
        "price_usd": "2.5122", 
        "price_btc": "0.00036763", 
        "24h_volume_usd": "1673270.0", 
        "market_cap_usd": "384441652.0", 
        "available_supply": "153029875.0", 
        "total_supply": "156029875.0", 
        "max_supply": "210000000.0", 
        "percent_change_1h": "-1.79", 
        "percent_change_24h": "4.86", 
        "percent_change_7d": "12.32", 
        "last_updated": "1523405657"
    }, 
    {
        "id": "siacoin", 
        "name": "Siacoin", 
        "symbol": "SC", 
        "rank": "35", 
        "price_usd": "0.0113946", 
        "price_btc": "0.00000167", 
        "24h_volume_usd": "8774690.0", 
        "market_cap_usd": "384007375.0", 
        "available_supply": "33700821044.0", 
        "total_supply": "33700821044.0", 
        "max_supply": null, 
        "percent_change_1h": "-0.6", 
        "percent_change_24h": "5.34", 
        "percent_change_7d": "-4.49", 
        "last_updated": "1523405945"
    }, 
    {
        "id": "bitshares", 
        "name": "BitShares", 
        "symbol": "BTS", 
        "rank": "36", 
        "price_usd": "0.142447", 
        "price_btc": "0.00002083", 
        "24h_volume_usd": "6513470.0", 
        "market_cap_usd": "372459020.0", 
        "available_supply": "2614720000.0", 
        "total_supply": "2614720000.0", 
        "max_supply": "3600570502.0", 
        "percent_change_1h": "0.18", 
        "percent_change_24h": "2.96", 
        "percent_change_7d": "-5.18", 
        "last_updated": "1523405943"
    }, 
    {
        "id": "stratis", 
        "name": "Stratis", 
        "symbol": "STRAT", 
        "rank": "37", 
        "price_usd": "3.7682", 
        "price_btc": "0.00055143", 
        "24h_volume_usd": "5820590.0", 
        "market_cap_usd": "372342512.0", 
        "available_supply": "98811770.0", 
        "total_supply": "98811770.0", 
        "max_supply": null, 
        "percent_change_1h": "1.52", 
        "percent_change_24h": "5.86", 
        "percent_change_7d": "-5.23", 
        "last_updated": "1523405647"
    }, 
    {
        "id": "rchain", 
        "name": "RChain", 
        "symbol": "RHOC", 
        "rank": "38", 
        "price_usd": "1.02884", 
        "price_btc": "0.00015056", 
        "24h_volume_usd": "1959380.0", 
        "market_cap_usd": "369990891.0", 
        "available_supply": "359619465.0", 
        "total_supply": "870663574.0", 
        "max_supply": "1000000000.0", 
        "percent_change_1h": "1.09", 
        "percent_change_24h": "6.77", 
        "percent_change_7d": "4.19", 
        "last_updated": "1523405654"
    }, 
    {
        "id": "decred", 
        "name": "Decred", 
        "symbol": "DCR", 
        "rank": "39", 
        "price_usd": "51.0571", 
        "price_btc": "0.0074716", 
        "24h_volume_usd": "18459100.0", 
        "market_cap_usd": "362650171.0", 
        "available_supply": "7102835.0", 
        "total_supply": "7522835.0", 
        "max_supply": "21000000.0", 
        "percent_change_1h": "0.76", 
        "percent_change_24h": "5.91", 
        "percent_change_7d": "9.65", 
        "last_updated": "1523405646"
    }, 
    {
        "id": "waves", 
        "name": "Waves", 
        "symbol": "WAVES", 
        "rank": "40", 
        "price_usd": "3.62178", 
        "price_btc": "0.00053", 
        "24h_volume_usd": "16428100.0", 
        "market_cap_usd": "362178000.0", 
        "available_supply": "100000000.0", 
        "total_supply": "100000000.0", 
        "max_supply": null, 
        "percent_change_1h": "0.71", 
        "percent_change_24h": "4.53", 
        "percent_change_7d": "-9.55", 
        "last_updated": "1523405647"
    }, 
    {
        "id": "maker", 
        "name": "Maker", 
        "symbol": "MKR", 
        "rank": "41", 
        "price_usd": "571.529", 
        "price_btc": "0.0836365", 
        "24h_volume_usd": "249446.0", 
        "market_cap_usd": "353335099.0", 
        "available_supply": "618228.0", 
        "total_supply": "1000000.0", 
        "max_supply": null, 
        "percent_change_1h": "1.67", 
        "percent_change_24h": "8.1", 
        "percent_change_7d": "9.14", 
        "last_updated": "1523405648"
    }, 
    {
        "id": "dogecoin", 
        "name": "Dogecoin", 
        "symbol": "DOGE", 
        "rank": "42", 
        "price_usd": "0.00304136", 
        "price_btc": "0.00000044", 
        "24h_volume_usd": "10260300.0", 
        "market_cap_usd": "346599367.0", 
        "available_supply": "113961966538", 
        "total_supply": "113961966538", 
        "max_supply": null, 
        "percent_change_1h": "0.95", 
        "percent_change_24h": "10.43", 
        "percent_change_7d": "2.37", 
        "last_updated": "1523405942"
    }, 
    {
        "id": "aeternity", 
        "name": "Aeternity", 
        "symbol": "AE", 
        "rank": "43", 
        "price_usd": "1.35793", 
        "price_btc": "0.00019872", 
        "24h_volume_usd": "3864390.0", 
        "market_cap_usd": "316425490.0", 
        "available_supply": "233020472.0", 
        "total_supply": "273685830.0", 
        "max_supply": null, 
        "percent_change_1h": "0.81", 
        "percent_change_24h": "3.18", 
        "percent_change_7d": "-9.18", 
        "last_updated": "1523405651"
    }, 
    {
        "id": "status", 
        "name": "Status", 
        "symbol": "SNT", 
        "rank": "44", 
        "price_usd": "0.0895824", 
        "price_btc": "0.00001311", 
        "24h_volume_usd": "18211200.0", 
        "market_cap_usd": "310894267.0", 
        "available_supply": "3470483788.0", 
        "total_supply": "6804870174.0", 
        "max_supply": null, 
        "percent_change_1h": "0.72", 
        "percent_change_24h": "1.97", 
        "percent_change_7d": "-13.61", 
        "last_updated": "1523405651"
    }, 
    {
        "id": "0x", 
        "name": "0x", 
        "symbol": "ZRX", 
        "rank": "45", 
        "price_usd": "0.560971", 
        "price_btc": "0.00008209", 
        "24h_volume_usd": "4569440.0", 
        "market_cap_usd": "293230111.0", 
        "available_supply": "522718841.0", 
        "total_supply": "1000000000.0", 
        "max_supply": null, 
        "percent_change_1h": "0.53", 
        "percent_change_24h": "3.92", 
        "percent_change_7d": "-5.59", 
        "last_updated": "1523405654"
    }, 
    {
        "id": "zilliqa", 
        "name": "Zilliqa", 
        "symbol": "ZIL", 
        "rank": "46", 
        "price_usd": "0.0400056", 
        "price_btc": "0.00000585", 
        "24h_volume_usd": "14828800.0", 
        "market_cap_usd": "285961556.0", 
        "available_supply": "7148038186.0", 
        "total_supply": "12600000000.0", 
        "max_supply": null, 
        "percent_change_1h": "0.0", 
        "percent_change_24h": "2.66", 
        "percent_change_7d": "-11.65", 
        "last_updated": "1523405660"
    }, 
    {
        "id": "augur", 
        "name": "Augur", 
        "symbol": "REP", 
        "rank": "47", 
        "price_usd": "24.811", 
        "price_btc": "0.00362833", 
        "24h_volume_usd": "2327440.0", 
        "market_cap_usd": "272921000.0", 
        "available_supply": "11000000.0", 
        "total_supply": "11000000.0", 
        "max_supply": null, 
        "percent_change_1h": "0.94", 
        "percent_change_24h": "1.73", 
        "percent_change_7d": "-7.54", 
        "last_updated": "1523405945"
    }, 
    {
        "id": "komodo", 
        "name": "Komodo", 
        "symbol": "KMD", 
        "rank": "48", 
        "price_usd": "2.62137", 
        "price_btc": "0.00038361", 
        "24h_volume_usd": "2351280.0", 
        "market_cap_usd": "272724185.0", 
        "available_supply": "104038798.0", 
        "total_supply": "104038798.0", 
        "max_supply": null, 
        "percent_change_1h": "-1.0", 
        "percent_change_24h": "4.48", 
        "percent_change_7d": "-9.64", 
        "last_updated": "1523405649"
    }, 
    {
        "id": "ardor", 
        "name": "Ardor", 
        "symbol": "ARDR", 
        "rank": "49", 
        "price_usd": "0.256213", 
        "price_btc": "0.00003749", 
        "24h_volume_usd": "2430440.0", 
        "market_cap_usd": "255956658.0", 
        "available_supply": "998999495.0", 
        "total_supply": "998999495.0", 
        "max_supply": "998999495.0", 
        "percent_change_1h": "1.34", 
        "percent_change_24h": "5.4", 
        "percent_change_7d": "-14.35", 
        "last_updated": "1523405647"
    }, 
    {
        "id": "iostoken", 
        "name": "IOStoken", 
        "symbol": "IOST", 
        "rank": "50", 
        "price_usd": "0.029157", 
        "price_btc": "0.00000427", 
        "24h_volume_usd": "45994500.0", 
        "market_cap_usd": "244918800.0", 
        "available_supply": "8400000000.0", 
        "total_supply": "21000000000.0", 
        "max_supply": null, 
        "percent_change_1h": "0.98", 
        "percent_change_24h": "-2.32", 
        "percent_change_7d": "11.73", 
        "last_updated": "1523405659"
    }, 
    {
        "id": "loopring", 
        "name": "Loopring", 
        "symbol": "LRC", 
        "rank": "51", 
        "price_usd": "0.415873", 
        "price_btc": "0.00006086", 
        "24h_volume_usd": "4727500.0", 
        "market_cap_usd": "237910149.0", 
        "available_supply": "572074043.0", 
        "total_supply": "1374956262.0", 
        "max_supply": null, 
        "percent_change_1h": "-0.5", 
        "percent_change_24h": "1.94", 
        "percent_change_7d": "4.51", 
        "last_updated": "1523405653"
    }, 
    {
        "id": "aion", 
        "name": "Aion", 
        "symbol": "AION", 
        "rank": "52", 
        "price_usd": "2.06287", 
        "price_btc": "0.00030188", 
        "24h_volume_usd": "10554700.0", 
        "market_cap_usd": "237889902.0", 
        "available_supply": "115319871.0", 
        "total_supply": "465934587.0", 
        "max_supply": null, 
        "percent_change_1h": "-2.31", 
        "percent_change_24h": "-0.6", 
        "percent_change_7d": "-5.95", 
        "last_updated": "1523405655"
    }, 
    {
        "id": "golem-network-tokens", 
        "name": "Golem", 
        "symbol": "GNT", 
        "rank": "53", 
        "price_usd": "0.272903", 
        "price_btc": "0.00003994", 
        "24h_volume_usd": "42322800.0", 
        "market_cap_usd": "227672603.0", 
        "available_supply": "834262000.0", 
        "total_supply": "1000000000.0", 
        "max_supply": null, 
        "percent_change_1h": "-2.57", 
        "percent_change_24h": "12.37", 
        "percent_change_7d": "25.9", 
        "last_updated": "1523405648"
    }, 
    {
        "id": "kucoin-shares", 
        "name": "KuCoin Shares", 
        "symbol": "KCS", 
        "rank": "54", 
        "price_usd": "2.49446", 
        "price_btc": "0.00036503", 
        "24h_volume_usd": "291738.0", 
        "market_cap_usd": "227103311.0", 
        "available_supply": "91043076.0", 
        "total_supply": "181043076.0", 
        "max_supply": null, 
        "percent_change_1h": "1.57", 
        "percent_change_24h": "6.07", 
        "percent_change_7d": "1.79", 
        "last_updated": "1523405655"
    }, 
    {
        "id": "ark", 
        "name": "Ark", 
        "symbol": "ARK", 
        "rank": "55", 
        "price_usd": "2.19222", 
        "price_btc": "0.00032081", 
        "24h_volume_usd": "1966330.0", 
        "market_cap_usd": "223204128.0", 
        "available_supply": "101816482.0", 
        "total_supply": "133066482.0", 
        "max_supply": null, 
        "percent_change_1h": "0.7", 
        "percent_change_24h": "5.88", 
        "percent_change_7d": "-6.04", 
        "last_updated": "1523405649"
    }, 
    {
        "id": "hshare", 
        "name": "Hshare", 
        "symbol": "HSR", 
        "rank": "56", 
        "price_usd": "5.18071", 
        "price_btc": "0.00075814", 
        "24h_volume_usd": "13800500.0", 
        "market_cap_usd": "221978900.0", 
        "available_supply": "42847197.0", 
        "total_supply": "42847197.0", 
        "max_supply": "84000000.0", 
        "percent_change_1h": "-0.08", 
        "percent_change_24h": "-0.22", 
        "percent_change_7d": "-9.48", 
        "last_updated": "1523405653"
    }, 
    {
        "id": "pivx", 
        "name": "PIVX", 
        "symbol": "PIVX", 
        "rank": "57", 
        "price_usd": "3.88628", 
        "price_btc": "0.00056871", 
        "24h_volume_usd": "1438330.0", 
        "market_cap_usd": "217439661.0", 
        "available_supply": "55950591.0", 
        "total_supply": "55950591.0", 
        "max_supply": null, 
        "percent_change_1h": "0.32", 
        "percent_change_24h": "0.19", 
        "percent_change_7d": "-6.29", 
        "last_updated": "1523405646"
    }, 
    {
        "id": "waltonchain", 
        "name": "Waltonchain", 
        "symbol": "WTC", 
        "rank": "58", 
        "price_usd": "8.63424", 
        "price_btc": "0.00126352", 
        "24h_volume_usd": "1843940.0", 
        "market_cap_usd": "214976844.0", 
        "available_supply": "24898178.0", 
        "total_supply": "70000000.0", 
        "max_supply": "100000000.0", 
        "percent_change_1h": "0.51", 
        "percent_change_24h": "3.14", 
        "percent_change_7d": "-17.66", 
        "last_updated": "1523405653"
    }, 
    {
        "id": "cryptonex", 
        "name": "Cryptonex", 
        "symbol": "CNX", 
        "rank": "59", 
        "price_usd": "4.64835", 
        "price_btc": "0.00068023", 
        "24h_volume_usd": "1198340.0", 
        "market_cap_usd": "210138673.0", 
        "available_supply": "45207154.0", 
        "total_supply": "106644780.0", 
        "max_supply": "210000000.0", 
        "percent_change_1h": "-1.68", 
        "percent_change_24h": "-1.6", 
        "percent_change_7d": "-8.9", 
        "last_updated": "1523405656"
    }, 
    {
        "id": "aelf", 
        "name": "aelf", 
        "symbol": "ELF", 
        "rank": "60", 
        "price_usd": "0.825725", 
        "price_btc": "0.00012084", 
        "24h_volume_usd": "85103100.0", 
        "market_cap_usd": "206431250.0", 
        "available_supply": "250000000.0", 
        "total_supply": "280000000.0", 
        "max_supply": "1000000000.0", 
        "percent_change_1h": "4.44", 
        "percent_change_24h": "40.47", 
        "percent_change_7d": "45.38", 
        "last_updated": "1523405659"
    }, 
    {
        "id": "digibyte", 
        "name": "DigiByte", 
        "symbol": "DGB", 
        "rank": "61", 
        "price_usd": "0.0201252", 
        "price_btc": "0.00000294", 
        "24h_volume_usd": "3000340.0", 
        "market_cap_usd": "203213840.0", 
        "available_supply": "10097481758.0", 
        "total_supply": "10097481758.0", 
        "max_supply": "21000000000.0", 
        "percent_change_1h": "0.52", 
        "percent_change_24h": "10.34", 
        "percent_change_7d": "-0.13", 
        "last_updated": "1523405941"
    }, 
    {
        "id": "basic-attention-token", 
        "name": "Basic Attention Token", 
        "symbol": "BAT", 
        "rank": "62", 
        "price_usd": "0.199247", 
        "price_btc": "0.00002916", 
        "24h_volume_usd": "5200340.0", 
        "market_cap_usd": "199247000.0", 
        "available_supply": "1000000000.0", 
        "total_supply": "1500000000.0", 
        "max_supply": null, 
        "percent_change_1h": "1.75", 
        "percent_change_24h": "6.61", 
        "percent_change_7d": "-5.4", 
        "last_updated": "1523405650"
    }, 
    {
        "id": "centrality", 
        "name": "Centrality", 
        "symbol": "CENNZ", 
        "rank": "63", 
        "price_usd": "0.29589", 
        "price_btc": "0.00004330", 
        "24h_volume_usd": "110016.0", 
        "market_cap_usd": "194984774.0", 
        "available_supply": "658977236.0", 
        "total_supply": "1200000000.0", 
        "max_supply": null, 
        "percent_change_1h": "0.24", 
        "percent_change_24h": "3.97", 
        "percent_change_7d": "-15.37", 
        "last_updated": "1523405661"
    }, 
    {
        "id": "monacoin", 
        "name": "MonaCoin", 
        "symbol": "MONA", 
        "rank": "64", 
        "price_usd": "3.27457", 
        "price_btc": "0.00047887", 
        "24h_volume_usd": "879051.0", 
        "market_cap_usd": "192170187.0", 
        "available_supply": "58685625.0", 
        "total_supply": "58685625.0", 
        "max_supply": null, 
        "percent_change_1h": "0.65", 
        "percent_change_24h": "1.16", 
        "percent_change_7d": "-7.6", 
        "last_updated": "1523405942"
    }, 
    {
        "id": "qash", 
        "name": "QASH", 
        "symbol": "QASH", 
        "rank": "65", 
        "price_usd": "0.530985", 
        "price_btc": "0.00007770", 
        "24h_volume_usd": "3720820.0", 
        "market_cap_usd": "185844750.0", 
        "available_supply": "350000000.0", 
        "total_supply": "1000000000.0", 
        "max_supply": null, 
        "percent_change_1h": "1.05", 
        "percent_change_24h": "0.38", 
        "percent_change_7d": "-14.42", 
        "last_updated": "1523405657"
    }, 
    {
        "id": "veritaseum", 
        "name": "Veritaseum", 
        "symbol": "VERI", 
        "rank": "66", 
        "price_usd": "90.138", 
        "price_btc": "0.0131906", 
        "24h_volume_usd": "342338.0", 
        "market_cap_usd": "183579147.0", 
        "available_supply": "2036645.0", 
        "total_supply": "100000000.0", 
        "max_supply": null, 
        "percent_change_1h": "-0.57", 
        "percent_change_24h": "-1.64", 
        "percent_change_7d": "-26.15", 
        "last_updated": "1523405650"
    }, 
    {
        "id": "factom", 
        "name": "Factom", 
        "symbol": "FCT", 
        "rank": "67", 
        "price_usd": "20.4425", 
        "price_btc": "0.00298948", 
        "24h_volume_usd": "479044.0", 
        "market_cap_usd": "178771748.0", 
        "available_supply": "8745102.0", 
        "total_supply": "8745102.0", 
        "max_supply": null, 
        "percent_change_1h": "0.8", 
        "percent_change_24h": "3.75", 
        "percent_change_7d": "-4.91", 
        "last_updated": "1523405945"
    }, 
    {
        "id": "dragonchain", 
        "name": "Dragonchain", 
        "symbol": "DRGN", 
        "rank": "68", 
        "price_usd": "0.709706", 
        "price_btc": "0.00010386", 
        "24h_volume_usd": "1203930.0", 
        "market_cap_usd": "169209481.0", 
        "available_supply": "238421940.0", 
        "total_supply": "433494437.0", 
        "max_supply": null, 
        "percent_change_1h": "-1.31", 
        "percent_change_24h": "-0.13", 
        "percent_change_7d": "-3.02", 
        "last_updated": "1523405658"
    }, 
    {
        "id": "elastos", 
        "name": "Elastos", 
        "symbol": "ELA", 
        "rank": "69", 
        "price_usd": "33.4718", 
        "price_btc": "0.00489819", 
        "24h_volume_usd": "13325400.0", 
        "market_cap_usd": "166186650.0", 
        "available_supply": "4964975.0", 
        "total_supply": "33379033.0", 
        "max_supply": null, 
        "percent_change_1h": "1.84", 
        "percent_change_24h": "1.88", 
        "percent_change_7d": "21.43", 
        "last_updated": "1523405660"
    }, 
    {
        "id": "nebulas-token", 
        "name": "Nebulas", 
        "symbol": "NAS", 
        "rank": "70", 
        "price_usd": "4.56008", 
        "price_btc": "0.00066731", 
        "24h_volume_usd": "8284600.0", 
        "market_cap_usd": "161882840.0", 
        "available_supply": "35500000.0", 
        "total_supply": "100000000.0", 
        "max_supply": "100000000.0", 
        "percent_change_1h": "-0.83", 
        "percent_change_24h": "3.38", 
        "percent_change_7d": "-6.46", 
        "last_updated": "1523405653"
    }, 
    {
        "id": "gas", 
        "name": "Gas", 
        "symbol": "GAS", 
        "rank": "71", 
        "price_usd": "15.4708", 
        "price_btc": "0.00226397", 
        "24h_volume_usd": "4191440.0", 
        "market_cap_usd": "155661718.0", 
        "available_supply": "10061646.0", 
        "total_supply": "16914585.0", 
        "max_supply": "100000000.0", 
        "percent_change_1h": "1.17", 
        "percent_change_24h": "3.08", 
        "percent_change_7d": "-8.81", 
        "last_updated": "1523405651"
    }, 
    {
        "id": "substratum", 
        "name": "Substratum", 
        "symbol": "SUB", 
        "rank": "72", 
        "price_usd": "0.399231", 
        "price_btc": "0.00005842", 
        "24h_volume_usd": "5221110.0", 
        "market_cap_usd": "152913857.0", 
        "available_supply": "383021000.0", 
        "total_supply": "472000000.0", 
        "max_supply": null, 
        "percent_change_1h": "0.81", 
        "percent_change_24h": "5.31", 
        "percent_change_7d": "6.58", 
        "last_updated": "1523405654"
    }, 
    {
        "id": "ethos", 
        "name": "Ethos", 
        "symbol": "ETHOS", 
        "rank": "73", 
        "price_usd": "1.99455", 
        "price_btc": "0.00029188", 
        "24h_volume_usd": "3424080.0", 
        "market_cap_usd": "152377456.0", 
        "available_supply": "76396909.0", 
        "total_supply": "222295208.0", 
        "max_supply": null, 
        "percent_change_1h": "1.39", 
        "percent_change_24h": "3.02", 
        "percent_change_7d": "-8.61", 
        "last_updated": "1523405653"
    }, 
    {
        "id": "gxchain", 
        "name": "GXChain", 
        "symbol": "GXS", 
        "rank": "74", 
        "price_usd": "2.4909", 
        "price_btc": "0.00036451", 
        "24h_volume_usd": "13092100.0", 
        "market_cap_usd": "149454000.0", 
        "available_supply": "60000000.0", 
        "total_supply": "100000000.0", 
        "max_supply": "100000000.0", 
        "percent_change_1h": "0.86", 
        "percent_change_24h": "2.99", 
        "percent_change_7d": "-9.25", 
        "last_updated": "1523405651"
    }, 
    {
        "id": "syscoin", 
        "name": "Syscoin", 
        "symbol": "SYS", 
        "rank": "75", 
        "price_usd": "0.277328", 
        "price_btc": "0.00004056", 
        "24h_volume_usd": "1524200.0", 
        "market_cap_usd": "147596391.0", 
        "available_supply": "532208759.0", 
        "total_supply": "532208759.0", 
        "max_supply": "888000000.0", 
        "percent_change_1h": "0.2", 
        "percent_change_24h": "2.89", 
        "percent_change_7d": "-7.85", 
        "last_updated": "1523405943"
    }, 
    {
        "id": "revain", 
        "name": "Revain", 
        "symbol": "R", 
        "rank": "76", 
        "price_usd": "0.779768", 
        "price_btc": "0.00011411", 
        "24h_volume_usd": "2947580.0", 
        "market_cap_usd": "143828208.0", 
        "available_supply": "184450000.0", 
        "total_supply": "484450000.0", 
        "max_supply": "484450000.0", 
        "percent_change_1h": "0.56", 
        "percent_change_24h": "0.62", 
        "percent_change_7d": "-4.31", 
        "last_updated": "1523405657"
    }, 
    {
        "id": "electroneum", 
        "name": "Electroneum", 
        "symbol": "ETN", 
        "rank": "77", 
        "price_usd": "0.0211674", 
        "price_btc": "0.00000310", 
        "24h_volume_usd": "716576.0", 
        "market_cap_usd": "141295481.0", 
        "available_supply": "6675145783.0", 
        "total_supply": "6675145783.0", 
        "max_supply": "21000000000.0", 
        "percent_change_1h": "0.35", 
        "percent_change_24h": "-0.43", 
        "percent_change_7d": "-5.45", 
        "last_updated": "1523405656"
    }, 
    {
        "id": "kyber-network", 
        "name": "Kyber Network", 
        "symbol": "KNC", 
        "rank": "78", 
        "price_usd": "1.04696", 
        "price_btc": "0.00015321", 
        "24h_volume_usd": "8512430.0", 
        "market_cap_usd": "140431568.0", 
        "available_supply": "134132697.0", 
        "total_supply": "215625349.0", 
        "max_supply": null, 
        "percent_change_1h": "1.16", 
        "percent_change_24h": "5.91", 
        "percent_change_7d": "1.16", 
        "last_updated": "1523405654"
    }, 
    {
        "id": "funfair", 
        "name": "FunFair", 
        "symbol": "FUN", 
        "rank": "79", 
        "price_usd": "0.0295166", 
        "price_btc": "0.00000432", 
        "24h_volume_usd": "685886.0", 
        "market_cap_usd": "139420869.0", 
        "available_supply": "4723473189.0", 
        "total_supply": "10999873621.0", 
        "max_supply": null, 
        "percent_change_1h": "0.73", 
        "percent_change_24h": "2.36", 
        "percent_change_7d": "-8.49", 
        "last_updated": "1523405651"
    }, 
    {
        "id": "skycoin", 
        "name": "Skycoin", 
        "symbol": "SKY", 
        "rank": "80", 
        "price_usd": "17.8439", 
        "price_btc": "0.00261125", 
        "24h_volume_usd": "7197140.0", 
        "market_cap_usd": "138954393.0", 
        "available_supply": "7787221.0", 
        "total_supply": "25000000.0", 
        "max_supply": "100000000.0", 
        "percent_change_1h": "0.92", 
        "percent_change_24h": "14.6", 
        "percent_change_7d": "31.03", 
        "last_updated": "1523405650"
    }, 
    {
        "id": "reddcoin", 
        "name": "ReddCoin", 
        "symbol": "RDD", 
        "rank": "81", 
        "price_usd": "0.00452945", 
        "price_btc": "0.00000066", 
        "24h_volume_usd": "6336430.0", 
        "market_cap_usd": "130487626.0", 
        "available_supply": "28808713174.0", 
        "total_supply": "28808713174.0", 
        "max_supply": null, 
        "percent_change_1h": "-0.45", 
        "percent_change_24h": "13.54", 
        "percent_change_7d": "-0.72", 
        "last_updated": "1523405941"
    }, 
    {
        "id": "zcoin", 
        "name": "ZCoin", 
        "symbol": "XZC", 
        "rank": "82", 
        "price_usd": "28.6399", 
        "price_btc": "0.00419111", 
        "24h_volume_usd": "929513.0", 
        "market_cap_usd": "128927835.0", 
        "available_supply": "4501686.0", 
        "total_supply": "4501686.0", 
        "max_supply": "21400000.0", 
        "percent_change_1h": "0.78", 
        "percent_change_24h": "2.5", 
        "percent_change_7d": "-7.96", 
        "last_updated": "1523405648"
    }, 
    {
        "id": "mixin", 
        "name": "Mixin", 
        "symbol": "XIN", 
        "rank": "83", 
        "price_usd": "316.61", 
        "price_btc": "0.046332", 
        "24h_volume_usd": "1161190.0", 
        "market_cap_usd": "128593149.0", 
        "available_supply": "406156.0", 
        "total_supply": "1000000.0", 
        "max_supply": null, 
        "percent_change_1h": "2.31", 
        "percent_change_24h": "-11.99", 
        "percent_change_7d": "36.58", 
        "last_updated": "1523405658"
    }, 
    {
        "id": "maidsafecoin", 
        "name": "MaidSafeCoin", 
        "symbol": "MAID", 
        "rank": "84", 
        "price_usd": "0.281267", 
        "price_btc": "0.00004113", 
        "24h_volume_usd": "1106770.0", 
        "market_cap_usd": "127288059.0", 
        "available_supply": "452552412.0", 
        "total_supply": "452552412.0", 
        "max_supply": null, 
        "percent_change_1h": "1.68", 
        "percent_change_24h": "6.82", 
        "percent_change_7d": "3.74", 
        "last_updated": "1523405942"
    }, 
    {
        "id": "nxt", 
        "name": "Nxt", 
        "symbol": "NXT", 
        "rank": "85", 
        "price_usd": "0.127331", 
        "price_btc": "0.00001862", 
        "24h_volume_usd": "5590890.0", 
        "market_cap_usd": "127203662.0", 
        "available_supply": "998999942.0", 
        "total_supply": "998999942.0", 
        "max_supply": "1000000000.0", 
        "percent_change_1h": "0.16", 
        "percent_change_24h": "8.89", 
        "percent_change_7d": "0.05", 
        "last_updated": "1523405941"
    }, 
    {
        "id": "byteball", 
        "name": "Byteball Bytes", 
        "symbol": "GBYTE", 
        "rank": "86", 
        "price_usd": "194.09", 
        "price_btc": "0.0284027", 
        "24h_volume_usd": "343324.0", 
        "market_cap_usd": "125231148.0", 
        "available_supply": "645222.0", 
        "total_supply": "1000000.0", 
        "max_supply": null, 
        "percent_change_1h": "1.66", 
        "percent_change_24h": "5.99", 
        "percent_change_7d": "3.74", 
        "last_updated": "1523405648"
    }, 
    {
        "id": "chainlink", 
        "name": "ChainLink", 
        "symbol": "LINK", 
        "rank": "87", 
        "price_usd": "0.35707", 
        "price_btc": "0.00005225", 
        "24h_volume_usd": "9423570.0", 
        "market_cap_usd": "124974500.0", 
        "available_supply": "350000000.0", 
        "total_supply": "1000000000.0", 
        "max_supply": null, 
        "percent_change_1h": "0.99", 
        "percent_change_24h": "13.95", 
        "percent_change_7d": "21.16", 
        "last_updated": "1523405653"
    }, 
    {
        "id": "salt", 
        "name": "SALT", 
        "symbol": "SALT", 
        "rank": "88", 
        "price_usd": "2.16648", 
        "price_btc": "0.00031704", 
        "24h_volume_usd": "13262400.0", 
        "market_cap_usd": "122115217.0", 
        "available_supply": "56365726.0", 
        "total_supply": "120000000.0", 
        "max_supply": null, 
        "percent_change_1h": "0.74", 
        "percent_change_24h": "5.03", 
        "percent_change_7d": "-1.78", 
        "last_updated": "1523405654"
    }, 
    {
        "id": "nucleus-vision", 
        "name": "Nucleus Vision", 
        "symbol": "NCASH", 
        "rank": "89", 
        "price_usd": "0.0295205", 
        "price_btc": "0.00000432", 
        "24h_volume_usd": "19739400.0", 
        "market_cap_usd": "118453818.0", 
        "available_supply": "4012595236.0", 
        "total_supply": "10000000000.0", 
        "max_supply": null, 
        "percent_change_1h": "1.39", 
        "percent_change_24h": "7.53", 
        "percent_change_7d": "5.98", 
        "last_updated": "1523405661"
    }, 
    {
        "id": "storm", 
        "name": "Storm", 
        "symbol": "STORM", 
        "rank": "90", 
        "price_usd": "0.0286389", 
        "price_btc": "0.00000419", 
        "24h_volume_usd": "15678900.0", 
        "market_cap_usd": "117100253.0", 
        "available_supply": "4088853037.0", 
        "total_supply": "10000000000.0", 
        "max_supply": null, 
        "percent_change_1h": "0.11", 
        "percent_change_24h": "1.14", 
        "percent_change_7d": "-11.29", 
        "last_updated": "1523405657"
    }, 
    {
        "id": "power-ledger", 
        "name": "Power Ledger", 
        "symbol": "POWR", 
        "rank": "91", 
        "price_usd": "0.311007", 
        "price_btc": "0.00004551", 
        "24h_volume_usd": "6530360.0", 
        "market_cap_usd": "113185694.0", 
        "available_supply": "363932947.0", 
        "total_supply": "1000000000.0", 
        "max_supply": null, 
        "percent_change_1h": "0.82", 
        "percent_change_24h": "3.97", 
        "percent_change_7d": "-11.32", 
        "last_updated": "1523405656"
    }, 
    {
        "id": "particl", 
        "name": "Particl", 
        "symbol": "PART", 
        "rank": "92", 
        "price_usd": "12.4962", 
        "price_btc": "0.00182867", 
        "24h_volume_usd": "2132460.0", 
        "market_cap_usd": "111604844.0", 
        "available_supply": "8931103.0", 
        "total_supply": "8931103.0", 
        "max_supply": null, 
        "percent_change_1h": "1.53", 
        "percent_change_24h": "2.91", 
        "percent_change_7d": "18.11", 
        "last_updated": "1523405652"
    }, 
    {
        "id": "bancor", 
        "name": "Bancor", 
        "symbol": "BNT", 
        "rank": "93", 
        "price_usd": "2.44153", 
        "price_btc": "0.00035729", 
        "24h_volume_usd": "5084460.0", 
        "market_cap_usd": "109957907.0", 
        "available_supply": "45036476.0", 
        "total_supply": "74711036.0", 
        "max_supply": null, 
        "percent_change_1h": "0.88", 
        "percent_change_24h": "5.89", 
        "percent_change_7d": "4.42", 
        "last_updated": "1523405651"
    }, 
    {
        "id": "wax", 
        "name": "WAX", 
        "symbol": "WAX", 
        "rank": "94", 
        "price_usd": "0.176168", 
        "price_btc": "0.00002578", 
        "24h_volume_usd": "4059370.0", 
        "market_cap_usd": "109049559.0", 
        "available_supply": "619008898.0", 
        "total_supply": "1850000000.0", 
        "max_supply": null, 
        "percent_change_1h": "0.49", 
        "percent_change_24h": "7.9", 
        "percent_change_7d": "4.75", 
        "last_updated": "1523405658"
    }, 
    {
        "id": "enigma-project", 
        "name": "Enigma", 
        "symbol": "ENG", 
        "rank": "95", 
        "price_usd": "1.43508", 
        "price_btc": "0.00021001", 
        "24h_volume_usd": "5971820.0", 
        "market_cap_usd": "107395892.0", 
        "available_supply": "74836171.0", 
        "total_supply": "150000000.0", 
        "max_supply": null, 
        "percent_change_1h": "2.83", 
        "percent_change_24h": "5.95", 
        "percent_change_7d": "-4.97", 
        "last_updated": "1523405654"
    }, 
    {
        "id": "request-network", 
        "name": "Request Network", 
        "symbol": "REQ", 
        "rank": "96", 
        "price_usd": "0.159218", 
        "price_btc": "0.00002330", 
        "24h_volume_usd": "3037270.0", 
        "market_cap_usd": "105555370.0", 
        "available_supply": "662961287.0", 
        "total_supply": "999999783.0", 
        "max_supply": null, 
        "percent_change_1h": "1.02", 
        "percent_change_24h": "1.89", 
        "percent_change_7d": "-4.44", 
        "last_updated": "1523405655"
    }, 
    {
        "id": "neblio", 
        "name": "Neblio", 
        "symbol": "NEBL", 
        "rank": "97", 
        "price_usd": "7.93139", 
        "price_btc": "0.00116066", 
        "24h_volume_usd": "9253190.0", 
        "market_cap_usd": "103026014.0", 
        "available_supply": "12989654.0", 
        "total_supply": "13746586.0", 
        "max_supply": null, 
        "percent_change_1h": "1.53", 
        "percent_change_24h": "6.05", 
        "percent_change_7d": "-1.03", 
        "last_updated": "1523405653"
    }, 
    {
        "id": "dent", 
        "name": "Dent", 
        "symbol": "DENT", 
        "rank": "98", 
        "price_usd": "0.00966641", 
        "price_btc": "0.00000141", 
        "24h_volume_usd": "863420.0", 
        "market_cap_usd": "102606632.0", 
        "available_supply": "10614760961.0", 
        "total_supply": "100000000000", 
        "max_supply": null, 
        "percent_change_1h": "-0.94", 
        "percent_change_24h": "-1.8", 
        "percent_change_7d": "-15.75", 
        "last_updated": "1523405653"
    }, 
    {
        "id": "storj", 
        "name": "Storj", 
        "symbol": "STORJ", 
        "rank": "99", 
        "price_usd": "0.747309", 
        "price_btc": "0.00010936", 
        "24h_volume_usd": "9049090.0", 
        "market_cap_usd": "99710071.0", 
        "available_supply": "133425493.0", 
        "total_supply": "424999998.0", 
        "max_supply": null, 
        "percent_change_1h": "-0.13", 
        "percent_change_24h": "2.12", 
        "percent_change_7d": "-10.87", 
        "last_updated": "1523405651"
    }, 
    {
        "id": "dentacoin", 
        "name": "Dentacoin", 
        "symbol": "DCN", 
        "rank": "100", 
        "price_usd": "0.000305895", 
        "price_btc": "0.00000004", 
        "24h_volume_usd": "82741.9", 
        "market_cap_usd": "99485195.0", 
        "available_supply": "325226613094", 
        "total_supply": "1963173416169", 
        "max_supply": "8000000000000", 
        "percent_change_1h": "0.3", 
        "percent_change_24h": "2.95", 
        "percent_change_7d": "-5.1", 
        "last_updated": "1523405653"
    }
]