[
    {
        "id": "bitcoin", 
        "name": "Bitcoin", 
        "symbol": "BTC", 
        "rank": "1", 
        "price_usd": "6845.85", 
        "price_btc": "1.0", 
        "24h_volume_usd": "4275440000.0", 
        "market_cap_usd": "116166544065", 
        "available_supply": "16968900.0", 
        "total_supply": "16968900.0", 
        "max_supply": "21000000.0", 
        "percent_change_1h": "0.52", 
        "percent_change_24h": "1.24", 
        "percent_change_7d": "-7.82", 
        "last_updated": "1523405970"
    }, 
    {
        "id": "ethereum", 
        "name": "Ethereum", 
        "symbol": "ETH", 
        "rank": "2", 
        "price_usd": "417.065", 
        "price_btc": "0.0609909", 
        "24h_volume_usd": "1204370000.0", 
        "market_cap_usd": "41181891127.0", 
        "available_supply": "98742141.0", 
        "total_supply": "98742141.0", 
        "max_supply": null, 
        "percent_change_1h": "1.4", 
        "percent_change_24h": "4.91", 
        "percent_change_7d": "1.39", 
        "last_updated": "1523405956"
    }, 
    {
        "id": "ripple", 
        "name": "Ripple", 
        "symbol": "XRP", 
        "rank": "3", 
        "price_usd": "0.492559", 
        "price_btc": "0.00007207", 
        "24h_volume_usd": "154230000.0", 
        "market_cap_usd": "19256357984.0", 
        "available_supply": "39094520623.0", 
        "total_supply": "99992405149.0", 
        "max_supply": "100000000000", 
        "percent_change_1h": "0.51", 
        "percent_change_24h": "0.66", 
        "percent_change_7d": "-9.77", 
        "last_updated": "1523406241"
    }, 
    {
        "id": "bitcoin-cash", 
        "name": "Bitcoin Cash", 
        "symbol": "BCH", 
        "rank": "4", 
        "price_usd": "651.362", 
        "price_btc": "0.095254", 
        "24h_volume_usd": "224171000.0", 
        "market_cap_usd": "11116453289.0", 
        "available_supply": "17066475.0", 
        "total_supply": "17066475.0", 
        "max_supply": "21000000.0", 
        "percent_change_1h": "0.57", 
        "percent_change_24h": "2.48", 
        "percent_change_7d": "-7.55", 
        "last_updated": "1523405954"
    }, 
    {
        "id": "litecoin", 
        "name": "Litecoin", 
        "symbol": "LTC", 
        "rank": "5", 
        "price_usd": "114.459", 
        "price_btc": "0.0167463", 
        "24h_volume_usd": "200027000.0", 
        "market_cap_usd": "6412824465.0", 
        "available_supply": "56027263.0", 
        "total_supply": "56027263.0", 
        "max_supply": "84000000.0", 
        "percent_change_1h": "0.56", 
        "percent_change_24h": "-0.42", 
        "percent_change_7d": "-13.56", 
        "last_updated": "1523406241"
    }, 
    {
        "id": "eos", 
        "name": "EOS", 
        "symbol": "EOS", 
        "rank": "6", 
        "price_usd": "6.0041", 
        "price_btc": "0.00087803", 
        "24h_volume_usd": "224186000.0", 
        "market_cap_usd": "4711373494.0", 
        "available_supply": "784692709.0", 
        "total_supply": "900000000.0", 
        "max_supply": "1000000000.0", 
        "percent_change_1h": "0.56", 
        "percent_change_24h": "2.47", 
        "percent_change_7d": "-1.02", 
        "last_updated": "1523405953"
    }, 
    {
        "id": "cardano", 
        "name": "Cardano", 
        "symbol": "ADA", 
        "rank": "7", 
        "price_usd": "0.156204", 
        "price_btc": "0.00002284", 
        "24h_volume_usd": "55207500.0", 
        "market_cap_usd": "4049912126.0", 
        "available_supply": "25927070538.0", 
        "total_supply": "31112483745.0", 
        "max_supply": "45000000000.0", 
        "percent_change_1h": "0.68", 
        "percent_change_24h": "2.8", 
        "percent_change_7d": "-8.46", 
        "last_updated": "1523405955"
    }, 
    {
        "id": "stellar", 
        "name": "Stellar", 
        "symbol": "XLM", 
        "rank": "8", 
        "price_usd": "0.199234", 
        "price_btc": "0.00002915", 
        "24h_volume_usd": "27149600.0", 
        "market_cap_usd": "3696038999.0", 
        "available_supply": "18551246269.0", 
        "total_supply": "103847435165", 
        "max_supply": null, 
        "percent_change_1h": "0.46", 
        "percent_change_24h": "1.14", 
        "percent_change_7d": "-14.28", 
        "last_updated": "1523406244"
    }, 
    {
        "id": "neo", 
        "name": "NEO", 
        "symbol": "NEO", 
        "rank": "9", 
        "price_usd": "52.463", 
        "price_btc": "0.00767209", 
        "24h_volume_usd": "88338400.0", 
        "market_cap_usd": "3410095000.0", 
        "available_supply": "65000000.0", 
        "total_supply": "100000000.0", 
        "max_supply": "100000000.0", 
        "percent_change_1h": "1.2", 
        "percent_change_24h": "0.79", 
        "percent_change_7d": "-0.52", 
        "last_updated": "1523405948"
    }, 
    {
        "id": "iota", 
        "name": "IOTA", 
        "symbol": "MIOTA", 
        "rank": "10", 
        "price_usd": "1.01025", 
        "price_btc": "0.00014774", 
        "24h_volume_usd": "21047400.0", 
        "market_cap_usd": "2808020468.0", 
        "available_supply": "2779530283.0", 
        "total_supply": "2779530283.0", 
        "max_supply": "2779530283.0", 
        "percent_change_1h": "0.73", 
        "percent_change_24h": "2.48", 
        "percent_change_7d": "-7.25", 
        "last_updated": "1523405951"
    }, 
    {
        "id": "monero", 
        "name": "Monero", 
        "symbol": "XMR", 
        "rank": "11", 
        "price_usd": "165.603", 
        "price_btc": "0.024229", 
        "24h_volume_usd": "31129000.0", 
        "market_cap_usd": "2635776774.0", 
        "available_supply": "15916238.0", 
        "total_supply": "15916238.0", 
        "max_supply": null, 
        "percent_change_1h": "0.2", 
        "percent_change_24h": "-0.52", 
        "percent_change_7d": "-11.92", 
        "last_updated": "1523406243"
    }, 
    {
        "id": "tron", 
        "name": "TRON", 
        "symbol": "TRX", 
        "rank": "12", 
        "price_usd": "0.0368325", 
        "price_btc": "0.00000539", 
        "24h_volume_usd": "303443000.0", 
        "market_cap_usd": "2421667322.0", 
        "available_supply": "65748111645.0", 
        "total_supply": "100000000000", 
        "max_supply": null, 
        "percent_change_1h": "0.34", 
        "percent_change_24h": "3.6", 
        "percent_change_7d": "7.09", 
        "last_updated": "1523405954"
    }, 
    {
        "id": "dash", 
        "name": "Dash", 
        "symbol": "DASH", 
        "rank": "13", 
        "price_usd": "299.432", 
        "price_btc": "0.0438093", 
        "24h_volume_usd": "71039400.0", 
        "market_cap_usd": "2396347194.0", 
        "available_supply": "8002976.0", 
        "total_supply": "8002976.0", 
        "max_supply": "18900000.0", 
        "percent_change_1h": "0.89", 
        "percent_change_24h": "0.56", 
        "percent_change_7d": "-11.25", 
        "last_updated": "1523406242"
    }, 
    {
        "id": "tether", 
        "name": "Tether", 
        "symbol": "USDT", 
        "rank": "14", 
        "price_usd": "0.998194", 
        "price_btc": "0.00014604", 
        "24h_volume_usd": "1252770000.0", 
        "market_cap_usd": "2283010237.0", 
        "available_supply": "2287140814.0", 
        "total_supply": "2580109970.0", 
        "max_supply": null, 
        "percent_change_1h": "-0.13", 
        "percent_change_24h": "-0.06", 
        "percent_change_7d": "-0.33", 
        "last_updated": "1523406245"
    }, 
    {
        "id": "nem", 
        "name": "NEM", 
        "symbol": "XEM", 
        "rank": "15", 
        "price_usd": "0.235378", 
        "price_btc": "0.00003444", 
        "24h_volume_usd": "12826800.0", 
        "market_cap_usd": "2118402000.0", 
        "available_supply": "8999999999.0", 
        "total_supply": "8999999999.0", 
        "max_supply": null, 
        "percent_change_1h": "0.62", 
        "percent_change_24h": "2.88", 
        "percent_change_7d": "-7.02", 
        "last_updated": "1523406244"
    }, 
    {
        "id": "vechain", 
        "name": "VeChain", 
        "symbol": "VEN", 
        "rank": "16", 
        "price_usd": "2.71685", 
        "price_btc": "0.00039731", 
        "24h_volume_usd": "65976700.0", 
        "market_cap_usd": "1425722747.0", 
        "available_supply": "524770505.0", 
        "total_supply": "873378637.0", 
        "max_supply": null, 
        "percent_change_1h": "1.47", 
        "percent_change_24h": "6.44", 
        "percent_change_7d": "-4.7", 
        "last_updated": "1523405954"
    }, 
    {
        "id": "binance-coin", 
        "name": "Binance Coin", 
        "symbol": "BNB", 
        "rank": "17", 
        "price_usd": "12.0663", 
        "price_btc": "0.00176456", 
        "24h_volume_usd": "87915700.0", 
        "market_cap_usd": "1402847394.0", 
        "available_supply": "116261604.0", 
        "total_supply": "197192382.0", 
        "max_supply": null, 
        "percent_change_1h": "1.28", 
        "percent_change_24h": "1.79", 
        "percent_change_7d": "-8.43", 
        "last_updated": "1523405953"
    }, 
    {
        "id": "ethereum-classic", 
        "name": "Ethereum Classic", 
        "symbol": "ETC", 
        "rank": "18", 
        "price_usd": "13.6933", 
        "price_btc": "0.00200249", 
        "24h_volume_usd": "73646600.0", 
        "market_cap_usd": "1384266433.0", 
        "available_supply": "101090784.0", 
        "total_supply": "101090784.0", 
        "max_supply": null, 
        "percent_change_1h": "0.65", 
        "percent_change_24h": "0.85", 
        "percent_change_7d": "-8.5", 
        "last_updated": "1523405948"
    }, 
    {
        "id": "verge", 
        "name": "Verge", 
        "symbol": "XVG", 
        "rank": "19", 
        "price_usd": "0.0846971", 
        "price_btc": "0.00001239", 
        "24h_volume_usd": "446718000.0", 
        "market_cap_usd": "1258602149.0", 
        "available_supply": "14860038286.0", 
        "total_supply": "14860038286.0", 
        "max_supply": "16555000000.0", 
        "percent_change_1h": "-0.51", 
        "percent_change_24h": "10.29", 
        "percent_change_7d": "23.42", 
        "last_updated": "1523406243"
    }, 
    {
        "id": "qtum", 
        "name": "Qtum", 
        "symbol": "QTUM", 
        "rank": "20", 
        "price_usd": "13.5266", 
        "price_btc": "0.00197811", 
        "24h_volume_usd": "89529800.0", 
        "market_cap_usd": "1197289955.0", 
        "available_supply": "88513740.0", 
        "total_supply": "100513740.0", 
        "max_supply": null, 
        "percent_change_1h": "0.62", 
        "percent_change_24h": "0.85", 
        "percent_change_7d": "-9.6", 
        "last_updated": "1523405951"
    }, 
    {
        "id": "ontology", 
        "name": "Ontology", 
        "symbol": "ONT", 
        "rank": "21", 
        "price_usd": "4.66082", 
        "price_btc": "0.00068159", 
        "24h_volume_usd": "164079000.0", 
        "market_cap_usd": "1124359676.0", 
        "available_supply": "241236451.0", 
        "total_supply": "1000000000.0", 
        "max_supply": null, 
        "percent_change_1h": "0.61", 
        "percent_change_24h": "29.44", 
        "percent_change_7d": "102.35", 
        "last_updated": "1523405962"
    }, 
    {
        "id": "omisego", 
        "name": "OmiseGO", 
        "symbol": "OMG", 
        "rank": "22", 
        "price_usd": "9.26715", 
        "price_btc": "0.00135521", 
        "24h_volume_usd": "27468400.0", 
        "market_cap_usd": "945643634.0", 
        "available_supply": "102042552.0", 
        "total_supply": "140245398.0", 
        "max_supply": null, 
        "percent_change_1h": "0.79", 
        "percent_change_24h": "2.22", 
        "percent_change_7d": "-1.47", 
        "last_updated": "1523405952"
    }, 
    {
        "id": "lisk", 
        "name": "Lisk", 
        "symbol": "LSK", 
        "rank": "23", 
        "price_usd": "8.55525", 
        "price_btc": "0.0012517", 
        "24h_volume_usd": "14269000.0", 
        "market_cap_usd": "887359009.0", 
        "available_supply": "103720991.0", 
        "total_supply": "119971508.0", 
        "max_supply": null, 
        "percent_change_1h": "1.21", 
        "percent_change_24h": "-0.16", 
        "percent_change_7d": "-11.01", 
        "last_updated": "1523406246"
    }, 
    {
        "id": "icon", 
        "name": "ICON", 
        "symbol": "ICX", 
        "rank": "24", 
        "price_usd": "2.12824", 
        "price_btc": "0.00031123", 
        "24h_volume_usd": "45696700.0", 
        "market_cap_usd": "823716688.0", 
        "available_supply": "387041258.0", 
        "total_supply": "400228750.0", 
        "max_supply": null, 
        "percent_change_1h": "0.97", 
        "percent_change_24h": "6.2", 
        "percent_change_7d": "-5.92", 
        "last_updated": "1523405959"
    }, 
    {
        "id": "bitcoin-gold", 
        "name": "Bitcoin Gold", 
        "symbol": "BTG", 
        "rank": "25", 
        "price_usd": "40.9412", 
        "price_btc": "0.00598718", 
        "24h_volume_usd": "7649910.0", 
        "market_cap_usd": "693364752.0", 
        "available_supply": "16935624.0", 
        "total_supply": "17035624.0", 
        "max_supply": "21000000.0", 
        "percent_change_1h": "0.77", 
        "percent_change_24h": "-0.29", 
        "percent_change_7d": "-11.58", 
        "last_updated": "1523405956"
    }, 
    {
        "id": "zcash", 
        "name": "Zcash", 
        "symbol": "ZEC", 
        "rank": "26", 
        "price_usd": "180.583", 
        "price_btc": "0.0264082", 
        "24h_volume_usd": "33363600.0", 
        "market_cap_usd": "663474357.0", 
        "available_supply": "3674069.0", 
        "total_supply": "3674069.0", 
        "max_supply": null, 
        "percent_change_1h": "1.07", 
        "percent_change_24h": "1.82", 
        "percent_change_7d": "-11.5", 
        "last_updated": "1523405948"
    }, 
    {
        "id": "nano", 
        "name": "Nano", 
        "symbol": "NANO", 
        "rank": "27", 
        "price_usd": "4.85441", 
        "price_btc": "0.0007099", 
        "24h_volume_usd": "6708830.0", 
        "market_cap_usd": "646841828.0", 
        "available_supply": "133248289.0", 
        "total_supply": "133248289.0", 
        "max_supply": "133248290.0", 
        "percent_change_1h": "0.83", 
        "percent_change_24h": "0.48", 
        "percent_change_7d": "-18.39", 
        "last_updated": "1523405951"
    }, 
    {
        "id": "bytom", 
        "name": "Bytom", 
        "symbol": "BTM", 
        "rank": "28", 
        "price_usd": "0.601183", 
        "price_btc": "0.00008792", 
        "24h_volume_usd": "24299100.0", 
        "market_cap_usd": "593367621.0", 
        "available_supply": "987000000.0", 
        "total_supply": "1407000000.0", 
        "max_supply": null, 
        "percent_change_1h": "2.74", 
        "percent_change_24h": "14.51", 
        "percent_change_7d": "23.52", 
        "last_updated": "1523405953"
    }, 
    {
        "id": "wanchain", 
        "name": "Wanchain", 
        "symbol": "WAN", 
        "rank": "29", 
        "price_usd": "4.5689", 
        "price_btc": "0.00066815", 
        "24h_volume_usd": "28487500.0", 
        "market_cap_usd": "485000124.0", 
        "available_supply": "106152493.0", 
        "total_supply": "210000000.0", 
        "max_supply": null, 
        "percent_change_1h": "3.85", 
        "percent_change_24h": "24.2", 
        "percent_change_7d": "33.07", 
        "last_updated": "1523405962"
    }, 
    {
        "id": "steem", 
        "name": "Steem", 
        "symbol": "STEEM", 
        "rank": "30", 
        "price_usd": "1.84112", 
        "price_btc": "0.00026937", 
        "24h_volume_usd": "2087790.0", 
        "market_cap_usd": "471609984.0", 
        "available_supply": "256153854.0", 
        "total_supply": "273127948.0", 
        "max_supply": null, 
        "percent_change_1h": "0.49", 
        "percent_change_24h": "1.33", 
        "percent_change_7d": "-9.87", 
        "last_updated": "1523406247"
    }, 
    {
        "id": "bytecoin-bcn", 
        "name": "Bytecoin", 
        "symbol": "BCN", 
        "rank": "31", 
        "price_usd": "0.00237542", 
        "price_btc": "0.00000035", 
        "24h_volume_usd": "4484620.0", 
        "market_cap_usd": "436675717.0", 
        "available_supply": "183830950665", 
        "total_supply": "183830950665", 
        "max_supply": "184470000000", 
        "percent_change_1h": "2.53", 
        "percent_change_24h": "11.72", 
        "percent_change_7d": "2.92", 
        "last_updated": "1523406243"
    }, 
    {
        "id": "populous", 
        "name": "Populous", 
        "symbol": "PPT", 
        "rank": "32", 
        "price_usd": "11.7317", 
        "price_btc": "0.00171563", 
        "24h_volume_usd": "1209730.0", 
        "market_cap_usd": "434120142.0", 
        "available_supply": "37004027.0", 
        "total_supply": "53252246.0", 
        "max_supply": "53252246.0", 
        "percent_change_1h": "0.35", 
        "percent_change_24h": "1.01", 
        "percent_change_7d": "-10.29", 
        "last_updated": "1523405952"
    }, 
    {
        "id": "digixdao", 
        "name": "DigixDAO", 
        "symbol": "DGD", 
        "rank": "33", 
        "price_usd": "208.273", 
        "price_btc": "0.0304719", 
        "24h_volume_usd": "10767000.0", 
        "market_cap_usd": "416546000.0", 
        "available_supply": "2000000.0", 
        "total_supply": "2000000.0", 
        "max_supply": null, 
        "percent_change_1h": "-0.08", 
        "percent_change_24h": "0.05", 
        "percent_change_7d": "-10.99", 
        "last_updated": "1523406247"
    }, 
    {
        "id": "siacoin", 
        "name": "Siacoin", 
        "symbol": "SC", 
        "rank": "34", 
        "price_usd": "0.0114149", 
        "price_btc": "0.00000167", 
        "24h_volume_usd": "8806140.0", 
        "market_cap_usd": "384691502.0", 
        "available_supply": "33700821044.0", 
        "total_supply": "33700821044.0", 
        "max_supply": null, 
        "percent_change_1h": "-0.25", 
        "percent_change_24h": "5.49", 
        "percent_change_7d": "-4.29", 
        "last_updated": "1523406246"
    }, 
    {
        "id": "bitcoin-diamond", 
        "name": "Bitcoin Diamond", 
        "symbol": "BCD", 
        "rank": "35", 
        "price_usd": "2.48986", 
        "price_btc": "0.00036411", 
        "24h_volume_usd": "1664020.0", 
        "market_cap_usd": "381023276.0", 
        "available_supply": "153030000.0", 
        "total_supply": "156030000.0", 
        "max_supply": "210000000.0", 
        "percent_change_1h": "-2.07", 
        "percent_change_24h": "3.92", 
        "percent_change_7d": "11.33", 
        "last_updated": "1523405957"
    }, 
    {
        "id": "bitshares", 
        "name": "BitShares", 
        "symbol": "BTS", 
        "rank": "36", 
        "price_usd": "0.14265", 
        "price_btc": "0.00002087", 
        "24h_volume_usd": "6509870.0", 
        "market_cap_usd": "372989808.0", 
        "available_supply": "2614720000.0", 
        "total_supply": "2614720000.0", 
        "max_supply": "3600570502.0", 
        "percent_change_1h": "0.26", 
        "percent_change_24h": "3.1", 
        "percent_change_7d": "-5.01", 
        "last_updated": "1523406243"
    }, 
    {
        "id": "stratis", 
        "name": "Stratis", 
        "symbol": "STRAT", 
        "rank": "37", 
        "price_usd": "3.77342", 
        "price_btc": "0.00055182", 
        "24h_volume_usd": "5840870.0", 
        "market_cap_usd": "372858382.0", 
        "available_supply": "98811789.0", 
        "total_supply": "98811789.0", 
        "max_supply": null, 
        "percent_change_1h": "1.63", 
        "percent_change_24h": "5.98", 
        "percent_change_7d": "-5.08", 
        "last_updated": "1523405948"
    }, 
    {
        "id": "rchain", 
        "name": "RChain", 
        "symbol": "RHOC", 
        "rank": "38", 
        "price_usd": "1.02955", 
        "price_btc": "0.00015056", 
        "24h_volume_usd": "1960630.0", 
        "market_cap_usd": "370246220.0", 
        "available_supply": "359619465.0", 
        "total_supply": "870663574.0", 
        "max_supply": "1000000000.0", 
        "percent_change_1h": "1.45", 
        "percent_change_24h": "6.86", 
        "percent_change_7d": "4.24", 
        "last_updated": "1523405955"
    }, 
    {
        "id": "decred", 
        "name": "Decred", 
        "symbol": "DCR", 
        "rank": "39", 
        "price_usd": "51.076", 
        "price_btc": "0.00747282", 
        "24h_volume_usd": "18468100.0", 
        "market_cap_usd": "362788825.0", 
        "available_supply": "7102922.0", 
        "total_supply": "7522922.0", 
        "max_supply": "21000000.0", 
        "percent_change_1h": "0.72", 
        "percent_change_24h": "5.88", 
        "percent_change_7d": "9.69", 
        "last_updated": "1523406247"
    }, 
    {
        "id": "waves", 
        "name": "Waves", 
        "symbol": "WAVES", 
        "rank": "40", 
        "price_usd": "3.61673", 
        "price_btc": "0.00052916", 
        "24h_volume_usd": "16469800.0", 
        "market_cap_usd": "361673000.0", 
        "available_supply": "100000000.0", 
        "total_supply": "100000000.0", 
        "max_supply": null, 
        "percent_change_1h": "0.5", 
        "percent_change_24h": "4.35", 
        "percent_change_7d": "-9.64", 
        "last_updated": "1523406247"
    }, 
    {
        "id": "maker", 
        "name": "Maker", 
        "symbol": "MKR", 
        "rank": "41", 
        "price_usd": "572.046", 
        "price_btc": "0.083655", 
        "24h_volume_usd": "250386.0", 
        "market_cap_usd": "353654723.0", 
        "available_supply": "618228.0", 
        "total_supply": "1000000.0", 
        "max_supply": null, 
        "percent_change_1h": "1.41", 
        "percent_change_24h": "8.17", 
        "percent_change_7d": "9.22", 
        "last_updated": "1523405949"
    }, 
    {
        "id": "dogecoin", 
        "name": "Dogecoin", 
        "symbol": "DOGE", 
        "rank": "42", 
        "price_usd": "0.00302227", 
        "price_btc": "0.00000044", 
        "24h_volume_usd": "10290200.0", 
        "market_cap_usd": "344423833.0", 
        "available_supply": "113961966538", 
        "total_supply": "113961966538", 
        "max_supply": null, 
        "percent_change_1h": "0.18", 
        "percent_change_24h": "9.73", 
        "percent_change_7d": "1.73", 
        "last_updated": "1523406241"
    }, 
    {
        "id": "aeternity", 
        "name": "Aeternity", 
        "symbol": "AE", 
        "rank": "43", 
        "price_usd": "1.35984", 
        "price_btc": "0.00019886", 
        "24h_volume_usd": "3876300.0", 
        "market_cap_usd": "316870559.0", 
        "available_supply": "233020472.0", 
        "total_supply": "273685830.0", 
        "max_supply": null, 
        "percent_change_1h": "0.86", 
        "percent_change_24h": "3.31", 
        "percent_change_7d": "-9.03", 
        "last_updated": "1523405951"
    }, 
    {
        "id": "status", 
        "name": "Status", 
        "symbol": "SNT", 
        "rank": "44", 
        "price_usd": "0.0896958", 
        "price_btc": "0.00001312", 
        "24h_volume_usd": "18213900.0", 
        "market_cap_usd": "311287820.0", 
        "available_supply": "3470483788.0", 
        "total_supply": "6804870174.0", 
        "max_supply": null, 
        "percent_change_1h": "0.87", 
        "percent_change_24h": "2.13", 
        "percent_change_7d": "-13.49", 
        "last_updated": "1523405951"
    }, 
    {
        "id": "0x", 
        "name": "0x", 
        "symbol": "ZRX", 
        "rank": "45", 
        "price_usd": "0.561539", 
        "price_btc": "0.00008212", 
        "24h_volume_usd": "4547530.0", 
        "market_cap_usd": "293527015.0", 
        "available_supply": "522718841.0", 
        "total_supply": "1000000000.0", 
        "max_supply": null, 
        "percent_change_1h": "0.6", 
        "percent_change_24h": "4.03", 
        "percent_change_7d": "-5.45", 
        "last_updated": "1523405953"
    }, 
    {
        "id": "zilliqa", 
        "name": "Zilliqa", 
        "symbol": "ZIL", 
        "rank": "46", 
        "price_usd": "0.039994", 
        "price_btc": "0.00000585", 
        "24h_volume_usd": "14871800.0", 
        "market_cap_usd": "285878639.0", 
        "available_supply": "7148038186.0", 
        "total_supply": "12600000000.0", 
        "max_supply": null, 
        "percent_change_1h": "0.01", 
        "percent_change_24h": "2.65", 
        "percent_change_7d": "-11.67", 
        "last_updated": "1523405960"
    }, 
    {
        "id": "komodo", 
        "name": "Komodo", 
        "symbol": "KMD", 
        "rank": "47", 
        "price_usd": "2.63002", 
        "price_btc": "0.00038461", 
        "24h_volume_usd": "2358230.0", 
        "market_cap_usd": "273624121.0", 
        "available_supply": "104038798.0", 
        "total_supply": "104038798.0", 
        "max_supply": null, 
        "percent_change_1h": "-0.57", 
        "percent_change_24h": "4.8", 
        "percent_change_7d": "-9.34", 
        "last_updated": "1523405950"
    }, 
    {
        "id": "augur", 
        "name": "Augur", 
        "symbol": "REP", 
        "rank": "48", 
        "price_usd": "24.8034", 
        "price_btc": "0.00362893", 
        "24h_volume_usd": "2237720.0", 
        "market_cap_usd": "272837400.0", 
        "available_supply": "11000000.0", 
        "total_supply": "11000000.0", 
        "max_supply": null, 
        "percent_change_1h": "0.86", 
        "percent_change_24h": "1.66", 
        "percent_change_7d": "-7.56", 
        "last_updated": "1523406246"
    }, 
    {
        "id": "ardor", 
        "name": "Ardor", 
        "symbol": "ARDR", 
        "rank": "49", 
        "price_usd": "0.253813", 
        "price_btc": "0.00003713", 
        "24h_volume_usd": "2411570.0", 
        "market_cap_usd": "253559059.0", 
        "available_supply": "998999495.0", 
        "total_supply": "998999495.0", 
        "max_supply": "998999495.0", 
        "percent_change_1h": "0.48", 
        "percent_change_24h": "4.26", 
        "percent_change_7d": "-15.43", 
        "last_updated": "1523406247"
    }, 
    {
        "id": "iostoken", 
        "name": "IOStoken", 
        "symbol": "IOST", 
        "rank": "50", 
        "price_usd": "0.0291869", 
        "price_btc": "0.00000427", 
        "24h_volume_usd": "46043200.0", 
        "market_cap_usd": "245169960.0", 
        "available_supply": "8400000000.0", 
        "total_supply": "21000000000.0", 
        "max_supply": null, 
        "percent_change_1h": "1.06", 
        "percent_change_24h": "-2.25", 
        "percent_change_7d": "11.77", 
        "last_updated": "1523405960"
    }, 
    {
        "id": "aion", 
        "name": "Aion", 
        "symbol": "AION", 
        "rank": "51", 
        "price_usd": "2.05878", 
        "price_btc": "0.00030107", 
        "24h_volume_usd": "10873500.0", 
        "market_cap_usd": "237418244.0", 
        "available_supply": "115319871.0", 
        "total_supply": "465934587.0", 
        "max_supply": null, 
        "percent_change_1h": "-2.57", 
        "percent_change_24h": "-0.84", 
        "percent_change_7d": "-6.12", 
        "last_updated": "1523405958"
    }, 
    {
        "id": "loopring", 
        "name": "Loopring", 
        "symbol": "LRC", 
        "rank": "52", 
        "price_usd": "0.414902", 
        "price_btc": "0.00006067", 
        "24h_volume_usd": "4734550.0", 
        "market_cap_usd": "237354665.0", 
        "available_supply": "572074043.0", 
        "total_supply": "1374956262.0", 
        "max_supply": null, 
        "percent_change_1h": "-0.75", 
        "percent_change_24h": "1.72", 
        "percent_change_7d": "4.26", 
        "last_updated": "1523405954"
    }, 
    {
        "id": "golem-network-tokens", 
        "name": "Golem", 
        "symbol": "GNT", 
        "rank": "53", 
        "price_usd": "0.275563", 
        "price_btc": "0.00004030", 
        "24h_volume_usd": "42708600.0", 
        "market_cap_usd": "229891740.0", 
        "available_supply": "834262000.0", 
        "total_supply": "1000000000.0", 
        "max_supply": null, 
        "percent_change_1h": "-0.98", 
        "percent_change_24h": "12.68", 
        "percent_change_7d": "27.15", 
        "last_updated": "1523405949"
    }, 
    {
        "id": "kucoin-shares", 
        "name": "KuCoin Shares", 
        "symbol": "KCS", 
        "rank": "54", 
        "price_usd": "2.49567", 
        "price_btc": "0.00036496", 
        "24h_volume_usd": "291932.0", 
        "market_cap_usd": "227213473.0", 
        "available_supply": "91043076.0", 
        "total_supply": "181043076.0", 
        "max_supply": null, 
        "percent_change_1h": "1.59", 
        "percent_change_24h": "6.03", 
        "percent_change_7d": "1.85", 
        "last_updated": "1523405955"
    }, 
    {
        "id": "ark", 
        "name": "Ark", 
        "symbol": "ARK", 
        "rank": "55", 
        "price_usd": "2.20005", 
        "price_btc": "0.00032173", 
        "24h_volume_usd": "1964960.0", 
        "market_cap_usd": "224002016.0", 
        "available_supply": "101816784.0", 
        "total_supply": "133066784.0", 
        "max_supply": null, 
        "percent_change_1h": "1.09", 
        "percent_change_24h": "6.22", 
        "percent_change_7d": "-5.69", 
        "last_updated": "1523405950"
    }, 
    {
        "id": "hshare", 
        "name": "Hshare", 
        "symbol": "HSR", 
        "rank": "56", 
        "price_usd": "5.17528", 
        "price_btc": "0.00075682", 
        "24h_volume_usd": "13866000.0", 
        "market_cap_usd": "221746527.0", 
        "available_supply": "42847252.0", 
        "total_supply": "42847252.0", 
        "max_supply": "84000000.0", 
        "percent_change_1h": "-0.29", 
        "percent_change_24h": "-0.34", 
        "percent_change_7d": "-9.54", 
        "last_updated": "1523405954"
    }, 
    {
        "id": "pivx", 
        "name": "PIVX", 
        "symbol": "PIVX", 
        "rank": "57", 
        "price_usd": "3.89464", 
        "price_btc": "0.00056982", 
        "24h_volume_usd": "1428340.0", 
        "market_cap_usd": "217907758.0", 
        "available_supply": "55950680.0", 
        "total_supply": "55950680.0", 
        "max_supply": null, 
        "percent_change_1h": "0.59", 
        "percent_change_24h": "0.47", 
        "percent_change_7d": "-6.11", 
        "last_updated": "1523406246"
    }, 
    {
        "id": "waltonchain", 
        "name": "Waltonchain", 
        "symbol": "WTC", 
        "rank": "58", 
        "price_usd": "8.63714", 
        "price_btc": "0.00126308", 
        "24h_volume_usd": "1861650.0", 
        "market_cap_usd": "215049049.0", 
        "available_supply": "24898178.0", 
        "total_supply": "70000000.0", 
        "max_supply": "100000000.0", 
        "percent_change_1h": "0.55", 
        "percent_change_24h": "3.13", 
        "percent_change_7d": "-17.64", 
        "last_updated": "1523405956"
    }, 
    {
        "id": "cryptonex", 
        "name": "Cryptonex", 
        "symbol": "CNX", 
        "rank": "59", 
        "price_usd": "4.72315", 
        "price_btc": "0.00069071", 
        "24h_volume_usd": "1219370.0", 
        "market_cap_usd": "213520272.0", 
        "available_supply": "45207176.0", 
        "total_supply": "106644801.0", 
        "max_supply": "210000000.0", 
        "percent_change_1h": "0.19", 
        "percent_change_24h": "-0.05", 
        "percent_change_7d": "-7.43", 
        "last_updated": "1523405955"
    }, 
    {
        "id": "aelf", 
        "name": "aelf", 
        "symbol": "ELF", 
        "rank": "60", 
        "price_usd": "0.817491", 
        "price_btc": "0.00011955", 
        "24h_volume_usd": "85346800.0", 
        "market_cap_usd": "204372750.0", 
        "available_supply": "250000000.0", 
        "total_supply": "280000000.0", 
        "max_supply": "1000000000.0", 
        "percent_change_1h": "3.3", 
        "percent_change_24h": "39.06", 
        "percent_change_7d": "43.94", 
        "last_updated": "1523405958"
    }, 
    {
        "id": "digibyte", 
        "name": "DigiByte", 
        "symbol": "DGB", 
        "rank": "61", 
        "price_usd": "0.0201492", 
        "price_btc": "0.00000295", 
        "24h_volume_usd": "3028880.0", 
        "market_cap_usd": "203456179.0", 
        "available_supply": "10097481758.0", 
        "total_supply": "10097481758.0", 
        "max_supply": "21000000000.0", 
        "percent_change_1h": "0.54", 
        "percent_change_24h": "10.44", 
        "percent_change_7d": "-0.01", 
        "last_updated": "1523406241"
    }, 
    {
        "id": "basic-attention-token", 
        "name": "Basic Attention Token", 
        "symbol": "BAT", 
        "rank": "62", 
        "price_usd": "0.199292", 
        "price_btc": "0.00002914", 
        "24h_volume_usd": "5199540.0", 
        "market_cap_usd": "199292000.0", 
        "available_supply": "1000000000.0", 
        "total_supply": "1500000000.0", 
        "max_supply": null, 
        "percent_change_1h": "1.75", 
        "percent_change_24h": "6.61", 
        "percent_change_7d": "-5.37", 
        "last_updated": "1523405951"
    }, 
    {
        "id": "centrality", 
        "name": "Centrality", 
        "symbol": "CENNZ", 
        "rank": "63", 
        "price_usd": "0.296092", 
        "price_btc": "0.00004330", 
        "24h_volume_usd": "110083.0", 
        "market_cap_usd": "195117888.0", 
        "available_supply": "658977236.0", 
        "total_supply": "1200000000.0", 
        "max_supply": null, 
        "percent_change_1h": "0.12", 
        "percent_change_24h": "3.96", 
        "percent_change_7d": "-15.57", 
        "last_updated": "1523405962"
    }, 
    {
        "id": "monacoin", 
        "name": "MonaCoin", 
        "symbol": "MONA", 
        "rank": "64", 
        "price_usd": "3.26831", 
        "price_btc": "0.00047818", 
        "24h_volume_usd": "873187.0", 
        "market_cap_usd": "191802815.0", 
        "available_supply": "58685625.0", 
        "total_supply": "58685625.0", 
        "max_supply": null, 
        "percent_change_1h": "0.46", 
        "percent_change_24h": "0.95", 
        "percent_change_7d": "-7.77", 
        "last_updated": "1523406242"
    }, 
    {
        "id": "qash", 
        "name": "QASH", 
        "symbol": "QASH", 
        "rank": "65", 
        "price_usd": "0.531121", 
        "price_btc": "0.00007767", 
        "24h_volume_usd": "3724670.0", 
        "market_cap_usd": "185892350.0", 
        "available_supply": "350000000.0", 
        "total_supply": "1000000000.0", 
        "max_supply": null, 
        "percent_change_1h": "0.97", 
        "percent_change_24h": "0.39", 
        "percent_change_7d": "-14.39", 
        "last_updated": "1523405957"
    }, 
    {
        "id": "veritaseum", 
        "name": "Veritaseum", 
        "symbol": "VERI", 
        "rank": "66", 
        "price_usd": "90.2001", 
        "price_btc": "0.0131907", 
        "24h_volume_usd": "342532.0", 
        "market_cap_usd": "183705622.0", 
        "available_supply": "2036645.0", 
        "total_supply": "100000000.0", 
        "max_supply": null, 
        "percent_change_1h": "0.04", 
        "percent_change_24h": "-1.62", 
        "percent_change_7d": "-26.13", 
        "last_updated": "1523405952"
    }, 
    {
        "id": "factom", 
        "name": "Factom", 
        "symbol": "FCT", 
        "rank": "67", 
        "price_usd": "20.3658", 
        "price_btc": "0.00297967", 
        "24h_volume_usd": "477876.0", 
        "market_cap_usd": "178100998.0", 
        "available_supply": "8745102.0", 
        "total_supply": "8745102.0", 
        "max_supply": null, 
        "percent_change_1h": "0.4", 
        "percent_change_24h": "3.41", 
        "percent_change_7d": "-5.22", 
        "last_updated": "1523406246"
    }, 
    {
        "id": "dragonchain", 
        "name": "Dragonchain", 
        "symbol": "DRGN", 
        "rank": "68", 
        "price_usd": "0.716691", 
        "price_btc": "0.00010481", 
        "24h_volume_usd": "1215960.0", 
        "market_cap_usd": "170874859.0", 
        "available_supply": "238421940.0", 
        "total_supply": "433494437.0", 
        "max_supply": null, 
        "percent_change_1h": "-0.18", 
        "percent_change_24h": "0.87", 
        "percent_change_7d": "-2.22", 
        "last_updated": "1523405958"
    }, 
    {
        "id": "elastos", 
        "name": "Elastos", 
        "symbol": "ELA", 
        "rank": "69", 
        "price_usd": "33.4342", 
        "price_btc": "0.00488936", 
        "24h_volume_usd": "13321900.0", 
        "market_cap_usd": "165999967.0", 
        "available_supply": "4964975.0", 
        "total_supply": "33379033.0", 
        "max_supply": null, 
        "percent_change_1h": "1.46", 
        "percent_change_24h": "1.83", 
        "percent_change_7d": "21.29", 
        "last_updated": "1523405961"
    }, 
    {
        "id": "nebulas-token", 
        "name": "Nebulas", 
        "symbol": "NAS", 
        "rank": "70", 
        "price_usd": "4.55834", 
        "price_btc": "0.0006666", 
        "24h_volume_usd": "8269840.0", 
        "market_cap_usd": "161821070.0", 
        "available_supply": "35500000.0", 
        "total_supply": "100000000.0", 
        "max_supply": "100000000.0", 
        "percent_change_1h": "-0.69", 
        "percent_change_24h": "3.34", 
        "percent_change_7d": "-6.48", 
        "last_updated": "1523405953"
    }, 
    {
        "id": "gas", 
        "name": "Gas", 
        "symbol": "GAS", 
        "rank": "71", 
        "price_usd": "15.4847", 
        "price_btc": "0.00226445", 
        "24h_volume_usd": "4189420.0", 
        "market_cap_usd": "155804266.0", 
        "available_supply": "10061820.0", 
        "total_supply": "16914970.0", 
        "max_supply": "100000000.0", 
        "percent_change_1h": "1.15", 
        "percent_change_24h": "3.09", 
        "percent_change_7d": "-8.66", 
        "last_updated": "1523405952"
    }, 
    {
        "id": "substratum", 
        "name": "Substratum", 
        "symbol": "SUB", 
        "rank": "72", 
        "price_usd": "0.39985", 
        "price_btc": "0.00005847", 
        "24h_volume_usd": "5221270.0", 
        "market_cap_usd": "153150947.0", 
        "available_supply": "383021000.0", 
        "total_supply": "472000000.0", 
        "max_supply": null, 
        "percent_change_1h": "0.93", 
        "percent_change_24h": "5.47", 
        "percent_change_7d": "6.77", 
        "last_updated": "1523405954"
    }, 
    {
        "id": "ethos", 
        "name": "Ethos", 
        "symbol": "ETHOS", 
        "rank": "73", 
        "price_usd": "1.9997", 
        "price_btc": "0.00029243", 
        "24h_volume_usd": "3418930.0", 
        "market_cap_usd": "152770900.0", 
        "available_supply": "76396909.0", 
        "total_supply": "222295208.0", 
        "max_supply": null, 
        "percent_change_1h": "1.54", 
        "percent_change_24h": "3.27", 
        "percent_change_7d": "-8.34", 
        "last_updated": "1523405955"
    }, 
    {
        "id": "gxchain", 
        "name": "GXChain", 
        "symbol": "GXS", 
        "rank": "74", 
        "price_usd": "2.49085", 
        "price_btc": "0.00036426", 
        "24h_volume_usd": "13092100.0", 
        "market_cap_usd": "149451000.0", 
        "available_supply": "60000000.0", 
        "total_supply": "100000000.0", 
        "max_supply": "100000000.0", 
        "percent_change_1h": "0.78", 
        "percent_change_24h": "2.97", 
        "percent_change_7d": "-9.25", 
        "last_updated": "1523405951"
    }, 
    {
        "id": "syscoin", 
        "name": "Syscoin", 
        "symbol": "SYS", 
        "rank": "75", 
        "price_usd": "0.27676", 
        "price_btc": "0.00004049", 
        "24h_volume_usd": "1532000.0", 
        "market_cap_usd": "147294096.0", 
        "available_supply": "532208759.0", 
        "total_supply": "532208759.0", 
        "max_supply": "888000000.0", 
        "percent_change_1h": "-0.05", 
        "percent_change_24h": "2.65", 
        "percent_change_7d": "-8.02", 
        "last_updated": "1523406243"
    }, 
    {
        "id": "revain", 
        "name": "Revain", 
        "symbol": "R", 
        "rank": "76", 
        "price_usd": "0.78133", 
        "price_btc": "0.00011426", 
        "24h_volume_usd": "2954010.0", 
        "market_cap_usd": "144116319.0", 
        "available_supply": "184450000.0", 
        "total_supply": "484450000.0", 
        "max_supply": "484450000.0", 
        "percent_change_1h": "0.73", 
        "percent_change_24h": "0.82", 
        "percent_change_7d": "-4.11", 
        "last_updated": "1523405956"
    }, 
    {
        "id": "electroneum", 
        "name": "Electroneum", 
        "symbol": "ETN", 
        "rank": "77", 
        "price_usd": "0.0212324", 
        "price_btc": "0.00000310", 
        "24h_volume_usd": "716468.0", 
        "market_cap_usd": "141731267.0", 
        "available_supply": "6675235354.0", 
        "total_supply": "6675235354.0", 
        "max_supply": "21000000000.0", 
        "percent_change_1h": "0.59", 
        "percent_change_24h": "-0.14", 
        "percent_change_7d": "-5.15", 
        "last_updated": "1523405956"
    }, 
    {
        "id": "kyber-network", 
        "name": "Kyber Network", 
        "symbol": "KNC", 
        "rank": "78", 
        "price_usd": "1.04707", 
        "price_btc": "0.00015312", 
        "24h_volume_usd": "8547310.0", 
        "market_cap_usd": "140446323.0", 
        "available_supply": "134132697.0", 
        "total_supply": "215625349.0", 
        "max_supply": null, 
        "percent_change_1h": "1.14", 
        "percent_change_24h": "5.93", 
        "percent_change_7d": "1.18", 
        "last_updated": "1523405955"
    }, 
    {
        "id": "funfair", 
        "name": "FunFair", 
        "symbol": "FUN", 
        "rank": "79", 
        "price_usd": "0.0295367", 
        "price_btc": "0.00000432", 
        "24h_volume_usd": "688690.0", 
        "market_cap_usd": "139515811.0", 
        "available_supply": "4723473189.0", 
        "total_supply": "10999873621.0", 
        "max_supply": null, 
        "percent_change_1h": "0.77", 
        "percent_change_24h": "2.39", 
        "percent_change_7d": "-8.39", 
        "last_updated": "1523405952"
    }, 
    {
        "id": "skycoin", 
        "name": "Skycoin", 
        "symbol": "SKY", 
        "rank": "80", 
        "price_usd": "17.8559", 
        "price_btc": "0.00261122", 
        "24h_volume_usd": "7201940.0", 
        "market_cap_usd": "139047839.0", 
        "available_supply": "7787221.0", 
        "total_supply": "25000000.0", 
        "max_supply": "100000000.0", 
        "percent_change_1h": "0.82", 
        "percent_change_24h": "14.7", 
        "percent_change_7d": "31.09", 
        "last_updated": "1523405950"
    }, 
    {
        "id": "reddcoin", 
        "name": "ReddCoin", 
        "symbol": "RDD", 
        "rank": "81", 
        "price_usd": "0.00459227", 
        "price_btc": "0.00000067", 
        "24h_volume_usd": "6372250.0", 
        "market_cap_usd": "132297389.0", 
        "available_supply": "28808713174.0", 
        "total_supply": "28808713174.0", 
        "max_supply": null, 
        "percent_change_1h": "0.29", 
        "percent_change_24h": "15.07", 
        "percent_change_7d": "0.65", 
        "last_updated": "1523406241"
    }, 
    {
        "id": "zcoin", 
        "name": "ZCoin", 
        "symbol": "XZC", 
        "rank": "82", 
        "price_usd": "28.6123", 
        "price_btc": "0.00418421", 
        "24h_volume_usd": "934897.0", 
        "market_cap_usd": "128807883.0", 
        "available_supply": "4501836.0", 
        "total_supply": "4501836.0", 
        "max_supply": "21400000.0", 
        "percent_change_1h": "0.68", 
        "percent_change_24h": "2.38", 
        "percent_change_7d": "-8.04", 
        "last_updated": "1523405948"
    }, 
    {
        "id": "mixin", 
        "name": "Mixin", 
        "symbol": "XIN", 
        "rank": "83", 
        "price_usd": "316.316", 
        "price_btc": "0.0462575", 
        "24h_volume_usd": "1160310.0", 
        "market_cap_usd": "128473739.0", 
        "available_supply": "406156.0", 
        "total_supply": "1000000.0", 
        "max_supply": null, 
        "percent_change_1h": "1.91", 
        "percent_change_24h": "-12.18", 
        "percent_change_7d": "36.61", 
        "last_updated": "1523405959"
    }, 
    {
        "id": "maidsafecoin", 
        "name": "MaidSafeCoin", 
        "symbol": "MAID", 
        "rank": "84", 
        "price_usd": "0.28153", 
        "price_btc": "0.00004119", 
        "24h_volume_usd": "1104620.0", 
        "market_cap_usd": "127407081.0", 
        "available_supply": "452552412.0", 
        "total_supply": "452552412.0", 
        "max_supply": null, 
        "percent_change_1h": "1.82", 
        "percent_change_24h": "6.87", 
        "percent_change_7d": "3.84", 
        "last_updated": "1523406242"
    }, 
    {
        "id": "nxt", 
        "name": "Nxt", 
        "symbol": "NXT", 
        "rank": "85", 
        "price_usd": "0.126815", 
        "price_btc": "0.00001855", 
        "24h_volume_usd": "5589190.0", 
        "market_cap_usd": "126688178.0", 
        "available_supply": "998999942.0", 
        "total_supply": "998999942.0", 
        "max_supply": "1000000000.0", 
        "percent_change_1h": "-0.26", 
        "percent_change_24h": "8.45", 
        "percent_change_7d": "-0.35", 
        "last_updated": "1523406241"
    }, 
    {
        "id": "chainlink", 
        "name": "ChainLink", 
        "symbol": "LINK", 
        "rank": "86", 
        "price_usd": "0.357247", 
        "price_btc": "0.00005224", 
        "24h_volume_usd": "9431970.0", 
        "market_cap_usd": "125036450.0", 
        "available_supply": "350000000.0", 
        "total_supply": "1000000000.0", 
        "max_supply": null, 
        "percent_change_1h": "0.84", 
        "percent_change_24h": "13.88", 
        "percent_change_7d": "21.2", 
        "last_updated": "1523405954"
    }, 
    {
        "id": "byteball", 
        "name": "Byteball Bytes", 
        "symbol": "GBYTE", 
        "rank": "87", 
        "price_usd": "193.273", 
        "price_btc": "0.0282639", 
        "24h_volume_usd": "343779.0", 
        "market_cap_usd": "124704002.0", 
        "available_supply": "645222.0", 
        "total_supply": "1000000.0", 
        "max_supply": null, 
        "percent_change_1h": "0.4", 
        "percent_change_24h": "5.55", 
        "percent_change_7d": "3.29", 
        "last_updated": "1523405950"
    }, 
    {
        "id": "salt", 
        "name": "SALT", 
        "symbol": "SALT", 
        "rank": "88", 
        "price_usd": "2.16691", 
        "price_btc": "0.00031688", 
        "24h_volume_usd": "13263500.0", 
        "market_cap_usd": "122139454.0", 
        "available_supply": "56365726.0", 
        "total_supply": "120000000.0", 
        "max_supply": null, 
        "percent_change_1h": "0.72", 
        "percent_change_24h": "4.8", 
        "percent_change_7d": "-1.76", 
        "last_updated": "1523405955"
    }, 
    {
        "id": "nucleus-vision", 
        "name": "Nucleus Vision", 
        "symbol": "NCASH", 
        "rank": "89", 
        "price_usd": "0.0294117", 
        "price_btc": "0.00000430", 
        "24h_volume_usd": "19782200.0", 
        "market_cap_usd": "118017247.0", 
        "available_supply": "4012595236.0", 
        "total_supply": "10000000000.0", 
        "max_supply": null, 
        "percent_change_1h": "0.71", 
        "percent_change_24h": "7.13", 
        "percent_change_7d": "5.58", 
        "last_updated": "1523405961"
    }, 
    {
        "id": "storm", 
        "name": "Storm", 
        "symbol": "STORM", 
        "rank": "90", 
        "price_usd": "0.0287521", 
        "price_btc": "0.00000420", 
        "24h_volume_usd": "15664800.0", 
        "market_cap_usd": "117563111.0", 
        "available_supply": "4088853037.0", 
        "total_supply": "10000000000.0", 
        "max_supply": null, 
        "percent_change_1h": "0.58", 
        "percent_change_24h": "1.57", 
        "percent_change_7d": "-10.9", 
        "last_updated": "1523405958"
    }, 
    {
        "id": "power-ledger", 
        "name": "Power Ledger", 
        "symbol": "POWR", 
        "rank": "91", 
        "price_usd": "0.310609", 
        "price_btc": "0.00004542", 
        "24h_volume_usd": "6535140.0", 
        "market_cap_usd": "113040849.0", 
        "available_supply": "363932947.0", 
        "total_supply": "1000000000.0", 
        "max_supply": null, 
        "percent_change_1h": "0.65", 
        "percent_change_24h": "3.85", 
        "percent_change_7d": "-11.45", 
        "last_updated": "1523405956"
    }, 
    {
        "id": "particl", 
        "name": "Particl", 
        "symbol": "PART", 
        "rank": "92", 
        "price_usd": "12.5196", 
        "price_btc": "0.00183085", 
        "24h_volume_usd": "2144170.0", 
        "market_cap_usd": "111813831.0", 
        "available_supply": "8931103.0", 
        "total_supply": "8931103.0", 
        "max_supply": null, 
        "percent_change_1h": "1.46", 
        "percent_change_24h": "3.34", 
        "percent_change_7d": "18.34", 
        "last_updated": "1523405952"
    }, 
    {
        "id": "bancor", 
        "name": "Bancor", 
        "symbol": "BNT", 
        "rank": "93", 
        "price_usd": "2.44366", 
        "price_btc": "0.00035736", 
        "24h_volume_usd": "5084930.0", 
        "market_cap_usd": "110053835.0", 
        "available_supply": "45036476.0", 
        "total_supply": "74711036.0", 
        "max_supply": null, 
        "percent_change_1h": "0.91", 
        "percent_change_24h": "5.95", 
        "percent_change_7d": "4.52", 
        "last_updated": "1523405952"
    }, 
    {
        "id": "wax", 
        "name": "WAX", 
        "symbol": "WAX", 
        "rank": "94", 
        "price_usd": "0.174812", 
        "price_btc": "0.00002556", 
        "24h_volume_usd": "4083130.0", 
        "market_cap_usd": "108210183.0", 
        "available_supply": "619008898.0", 
        "total_supply": "1850000000.0", 
        "max_supply": null, 
        "percent_change_1h": "-0.26", 
        "percent_change_24h": "7.1", 
        "percent_change_7d": "4.02", 
        "last_updated": "1523405958"
    }, 
    {
        "id": "enigma-project", 
        "name": "Enigma", 
        "symbol": "ENG", 
        "rank": "95", 
        "price_usd": "1.44034", 
        "price_btc": "0.00021063", 
        "24h_volume_usd": "5987140.0", 
        "market_cap_usd": "107789531.0", 
        "available_supply": "74836171.0", 
        "total_supply": "150000000.0", 
        "max_supply": null, 
        "percent_change_1h": "3.18", 
        "percent_change_24h": "6.32", 
        "percent_change_7d": "-4.58", 
        "last_updated": "1523405955"
    }, 
    {
        "id": "request-network", 
        "name": "Request Network", 
        "symbol": "REQ", 
        "rank": "96", 
        "price_usd": "0.159563", 
        "price_btc": "0.00002333", 
        "24h_volume_usd": "3048060.0", 
        "market_cap_usd": "105784092.0", 
        "available_supply": "662961287.0", 
        "total_supply": "999999783.0", 
        "max_supply": null, 
        "percent_change_1h": "1.23", 
        "percent_change_24h": "2.08", 
        "percent_change_7d": "-4.21", 
        "last_updated": "1523405956"
    }, 
    {
        "id": "neblio", 
        "name": "Neblio", 
        "symbol": "NEBL", 
        "rank": "97", 
        "price_usd": "7.93901", 
        "price_btc": "0.00116099", 
        "24h_volume_usd": "9268620.0", 
        "market_cap_usd": "103125165.0", 
        "available_supply": "12989676.0", 
        "total_supply": "13746611.0", 
        "max_supply": null, 
        "percent_change_1h": "1.64", 
        "percent_change_24h": "6.13", 
        "percent_change_7d": "-0.9", 
        "last_updated": "1523405954"
    }, 
    {
        "id": "dent", 
        "name": "Dent", 
        "symbol": "DENT", 
        "rank": "98", 
        "price_usd": "0.00965237", 
        "price_btc": "0.00000141", 
        "24h_volume_usd": "865282.0", 
        "market_cap_usd": "102457600.0", 
        "available_supply": "10614760961.0", 
        "total_supply": "100000000000", 
        "max_supply": null, 
        "percent_change_1h": "-1.03", 
        "percent_change_24h": "-1.96", 
        "percent_change_7d": "-15.87", 
        "last_updated": "1523405953"
    }, 
    {
        "id": "storj", 
        "name": "Storj", 
        "symbol": "STORJ", 
        "rank": "99", 
        "price_usd": "0.74727", 
        "price_btc": "0.00010928", 
        "24h_volume_usd": "8980320.0", 
        "market_cap_usd": "99704868.0", 
        "available_supply": "133425493.0", 
        "total_supply": "424999998.0", 
        "max_supply": null, 
        "percent_change_1h": "-0.1", 
        "percent_change_24h": "2.01", 
        "percent_change_7d": "-10.9", 
        "last_updated": "1523405952"
    }, 
    {
        "id": "dentacoin", 
        "name": "Dentacoin", 
        "symbol": "DCN", 
        "rank": "100", 
        "price_usd": "0.000306089", 
        "price_btc": "0.00000004", 
        "24h_volume_usd": "82787.2", 
        "market_cap_usd": "99548289.0", 
        "available_supply": "325226613094", 
        "total_supply": "1963173416169", 
        "max_supply": "8000000000000", 
        "percent_change_1h": "0.41", 
        "percent_change_24h": "2.96", 
        "percent_change_7d": "-5.05", 
        "last_updated": "1523405953"
    }
]