[
    {
        "id": "bitcoin", 
        "name": "Bitcoin", 
        "symbol": "BTC", 
        "rank": "1", 
        "price_usd": "6851.5", 
        "price_btc": "1.0", 
        "24h_volume_usd": "4277510000.0", 
        "market_cap_usd": "116262418350", 
        "available_supply": "16968900.0", 
        "total_supply": "16968900.0", 
        "max_supply": "21000000.0", 
        "percent_change_1h": "0.58", 
        "percent_change_24h": "1.31", 
        "percent_change_7d": "-7.74", 
        "last_updated": "1523406269"
    }, 
    {
        "id": "ethereum", 
        "name": "Ethereum", 
        "symbol": "ETH", 
        "rank": "2", 
        "price_usd": "416.449", 
        "price_btc": "0.0609298", 
        "24h_volume_usd": "1205700000.0", 
        "market_cap_usd": "41121065968.0", 
        "available_supply": "98742141.0", 
        "total_supply": "98742141.0", 
        "max_supply": null, 
        "percent_change_1h": "1.22", 
        "percent_change_24h": "4.74", 
        "percent_change_7d": "1.24", 
        "last_updated": "1523406256"
    }, 
    {
        "id": "ripple", 
        "name": "Ripple", 
        "symbol": "XRP", 
        "rank": "3", 
        "price_usd": "0.492195", 
        "price_btc": "0.00007205", 
        "24h_volume_usd": "154126000.0", 
        "market_cap_usd": "19242127578.0", 
        "available_supply": "39094520623.0", 
        "total_supply": "99992405149.0", 
        "max_supply": "100000000000", 
        "percent_change_1h": "0.39", 
        "percent_change_24h": "0.59", 
        "percent_change_7d": "-9.84", 
        "last_updated": "1523406541"
    }, 
    {
        "id": "bitcoin-cash", 
        "name": "Bitcoin Cash", 
        "symbol": "BCH", 
        "rank": "4", 
        "price_usd": "651.321", 
        "price_btc": "0.0952935", 
        "24h_volume_usd": "223919000.0", 
        "market_cap_usd": "11115753563.0", 
        "available_supply": "17066475.0", 
        "total_supply": "17066475.0", 
        "max_supply": "21000000.0", 
        "percent_change_1h": "0.55", 
        "percent_change_24h": "2.47", 
        "percent_change_7d": "-7.55", 
        "last_updated": "1523406252"
    }, 
    {
        "id": "litecoin", 
        "name": "Litecoin", 
        "symbol": "LTC", 
        "rank": "5", 
        "price_usd": "114.41", 
        "price_btc": "0.0167475", 
        "24h_volume_usd": "199558000.0", 
        "market_cap_usd": "6410079129.0", 
        "available_supply": "56027263.0", 
        "total_supply": "56027263.0", 
        "max_supply": "84000000.0", 
        "percent_change_1h": "0.45", 
        "percent_change_24h": "-0.46", 
        "percent_change_7d": "-13.58", 
        "last_updated": "1523406541"
    }, 
    {
        "id": "eos", 
        "name": "EOS", 
        "symbol": "EOS", 
        "rank": "6", 
        "price_usd": "5.99049", 
        "price_btc": "0.00087646", 
        "24h_volume_usd": "224007000.0", 
        "market_cap_usd": "4700693826.0", 
        "available_supply": "784692709.0", 
        "total_supply": "900000000.0", 
        "max_supply": "1000000000.0", 
        "percent_change_1h": "0.3", 
        "percent_change_24h": "2.24", 
        "percent_change_7d": "-1.24", 
        "last_updated": "1523406251"
    }, 
    {
        "id": "cardano", 
        "name": "Cardano", 
        "symbol": "ADA", 
        "rank": "7", 
        "price_usd": "0.156493", 
        "price_btc": "0.00002290", 
        "24h_volume_usd": "55306300.0", 
        "market_cap_usd": "4057405050.0", 
        "available_supply": "25927070538.0", 
        "total_supply": "31112483745.0", 
        "max_supply": "45000000000.0", 
        "percent_change_1h": "0.74", 
        "percent_change_24h": "3.02", 
        "percent_change_7d": "-8.31", 
        "last_updated": "1523406255"
    }, 
    {
        "id": "stellar", 
        "name": "Stellar", 
        "symbol": "XLM", 
        "rank": "8", 
        "price_usd": "0.199003", 
        "price_btc": "0.00002913", 
        "24h_volume_usd": "27139700.0", 
        "market_cap_usd": "3691753661.0", 
        "available_supply": "18551246269.0", 
        "total_supply": "103847435165", 
        "max_supply": null, 
        "percent_change_1h": "0.3", 
        "percent_change_24h": "1.0", 
        "percent_change_7d": "-14.38", 
        "last_updated": "1523406544"
    }, 
    {
        "id": "neo", 
        "name": "NEO", 
        "symbol": "NEO", 
        "rank": "9", 
        "price_usd": "52.3168", 
        "price_btc": "0.00765815", 
        "24h_volume_usd": "87711700.0", 
        "market_cap_usd": "3400592000.0", 
        "available_supply": "65000000.0", 
        "total_supply": "100000000.0", 
        "max_supply": "100000000.0", 
        "percent_change_1h": "0.64", 
        "percent_change_24h": "0.55", 
        "percent_change_7d": "-0.78", 
        "last_updated": "1523406548"
    }, 
    {
        "id": "iota", 
        "name": "IOTA", 
        "symbol": "MIOTA", 
        "rank": "10", 
        "price_usd": "1.00878", 
        "price_btc": "0.00014759", 
        "24h_volume_usd": "20978600.0", 
        "market_cap_usd": "2803934559.0", 
        "available_supply": "2779530283.0", 
        "total_supply": "2779530283.0", 
        "max_supply": "2779530283.0", 
        "percent_change_1h": "0.6", 
        "percent_change_24h": "2.31", 
        "percent_change_7d": "-7.37", 
        "last_updated": "1523406252"
    }, 
    {
        "id": "monero", 
        "name": "Monero", 
        "symbol": "XMR", 
        "rank": "11", 
        "price_usd": "165.514", 
        "price_btc": "0.024228", 
        "24h_volume_usd": "31120500.0", 
        "market_cap_usd": "2634360229.0", 
        "available_supply": "15916238.0", 
        "total_supply": "15916238.0", 
        "max_supply": null, 
        "percent_change_1h": "0.11", 
        "percent_change_24h": "-0.58", 
        "percent_change_7d": "-11.96", 
        "last_updated": "1523406543"
    }, 
    {
        "id": "tron", 
        "name": "TRON", 
        "symbol": "TRX", 
        "rank": "12", 
        "price_usd": "0.0368511", 
        "price_btc": "0.00000539", 
        "24h_volume_usd": "303288000.0", 
        "market_cap_usd": "2422890237.0", 
        "available_supply": "65748111645.0", 
        "total_supply": "100000000000", 
        "max_supply": null, 
        "percent_change_1h": "0.35", 
        "percent_change_24h": "3.66", 
        "percent_change_7d": "7.16", 
        "last_updated": "1523406254"
    }, 
    {
        "id": "dash", 
        "name": "Dash", 
        "symbol": "DASH", 
        "rank": "13", 
        "price_usd": "299.143", 
        "price_btc": "0.0437887", 
        "24h_volume_usd": "70921400.0", 
        "market_cap_usd": "2394034334.0", 
        "available_supply": "8002976.0", 
        "total_supply": "8002976.0", 
        "max_supply": "18900000.0", 
        "percent_change_1h": "0.79", 
        "percent_change_24h": "0.44", 
        "percent_change_7d": "-11.33", 
        "last_updated": "1523406541"
    }, 
    {
        "id": "tether", 
        "name": "Tether", 
        "symbol": "USDT", 
        "rank": "14", 
        "price_usd": "0.996979", 
        "price_btc": "0.00014594", 
        "24h_volume_usd": "1252010000.0", 
        "market_cap_usd": "2280231361.0", 
        "available_supply": "2287140814.0", 
        "total_supply": "2580109970.0", 
        "max_supply": null, 
        "percent_change_1h": "-0.18", 
        "percent_change_24h": "-0.19", 
        "percent_change_7d": "-0.45", 
        "last_updated": "1523406546"
    }, 
    {
        "id": "nem", 
        "name": "NEM", 
        "symbol": "XEM", 
        "rank": "15", 
        "price_usd": "0.23547", 
        "price_btc": "0.00003447", 
        "24h_volume_usd": "12723000.0", 
        "market_cap_usd": "2119230000.0", 
        "available_supply": "8999999999.0", 
        "total_supply": "8999999999.0", 
        "max_supply": null, 
        "percent_change_1h": "0.65", 
        "percent_change_24h": "2.89", 
        "percent_change_7d": "-6.99", 
        "last_updated": "1523406544"
    }, 
    {
        "id": "vechain", 
        "name": "VeChain", 
        "symbol": "VEN", 
        "rank": "16", 
        "price_usd": "2.74551", 
        "price_btc": "0.00040169", 
        "24h_volume_usd": "66674500.0", 
        "market_cap_usd": "1440762670.0", 
        "available_supply": "524770505.0", 
        "total_supply": "873378637.0", 
        "max_supply": null, 
        "percent_change_1h": "2.51", 
        "percent_change_24h": "7.57", 
        "percent_change_7d": "-3.68", 
        "last_updated": "1523406253"
    }, 
    {
        "id": "binance-coin", 
        "name": "Binance Coin", 
        "symbol": "BNB", 
        "rank": "17", 
        "price_usd": "12.0387", 
        "price_btc": "0.00176136", 
        "24h_volume_usd": "87382300.0", 
        "market_cap_usd": "1399638573.0", 
        "available_supply": "116261604.0", 
        "total_supply": "197192382.0", 
        "max_supply": null, 
        "percent_change_1h": "1.05", 
        "percent_change_24h": "1.55", 
        "percent_change_7d": "-8.65", 
        "last_updated": "1523406252"
    }, 
    {
        "id": "ethereum-classic", 
        "name": "Ethereum Classic", 
        "symbol": "ETC", 
        "rank": "18", 
        "price_usd": "13.6524", 
        "price_btc": "0.00199844", 
        "24h_volume_usd": "73377400.0", 
        "market_cap_usd": "1380131819.0", 
        "available_supply": "101090784.0", 
        "total_supply": "101090784.0", 
        "max_supply": null, 
        "percent_change_1h": "0.32", 
        "percent_change_24h": "0.56", 
        "percent_change_7d": "-8.75", 
        "last_updated": "1523406547"
    }, 
    {
        "id": "verge", 
        "name": "Verge", 
        "symbol": "XVG", 
        "rank": "19", 
        "price_usd": "0.0846056", 
        "price_btc": "0.00001238", 
        "24h_volume_usd": "445805000.0", 
        "market_cap_usd": "1257242455.0", 
        "available_supply": "14860038286.0", 
        "total_supply": "14860038286.0", 
        "max_supply": "16555000000.0", 
        "percent_change_1h": "-0.6", 
        "percent_change_24h": "10.03", 
        "percent_change_7d": "23.28", 
        "last_updated": "1523406543"
    }, 
    {
        "id": "qtum", 
        "name": "Qtum", 
        "symbol": "QTUM", 
        "rank": "20", 
        "price_usd": "13.5338", 
        "price_btc": "0.0019801", 
        "24h_volume_usd": "89531900.0", 
        "market_cap_usd": "1197927254.0", 
        "available_supply": "88513740.0", 
        "total_supply": "100513740.0", 
        "max_supply": null, 
        "percent_change_1h": "0.72", 
        "percent_change_24h": "0.92", 
        "percent_change_7d": "-9.54", 
        "last_updated": "1523406251"
    }, 
    {
        "id": "ontology", 
        "name": "Ontology", 
        "symbol": "ONT", 
        "rank": "21", 
        "price_usd": "4.66788", 
        "price_btc": "0.00068295", 
        "24h_volume_usd": "164227000.0", 
        "market_cap_usd": "1126062805.0", 
        "available_supply": "241236451.0", 
        "total_supply": "1000000000.0", 
        "max_supply": null, 
        "percent_change_1h": "0.8", 
        "percent_change_24h": "29.42", 
        "percent_change_7d": "102.63", 
        "last_updated": "1523406261"
    }, 
    {
        "id": "omisego", 
        "name": "OmiseGO", 
        "symbol": "OMG", 
        "rank": "22", 
        "price_usd": "9.25796", 
        "price_btc": "0.00135451", 
        "24h_volume_usd": "27505800.0", 
        "market_cap_usd": "944705863.0", 
        "available_supply": "102042552.0", 
        "total_supply": "140245398.0", 
        "max_supply": null, 
        "percent_change_1h": "0.65", 
        "percent_change_24h": "2.1", 
        "percent_change_7d": "-1.53", 
        "last_updated": "1523406252"
    }, 
    {
        "id": "lisk", 
        "name": "Lisk", 
        "symbol": "LSK", 
        "rank": "23", 
        "price_usd": "8.54057", 
        "price_btc": "0.00125017", 
        "24h_volume_usd": "14246400.0", 
        "market_cap_usd": "885836385.0", 
        "available_supply": "103720991.0", 
        "total_supply": "119971508.0", 
        "max_supply": null, 
        "percent_change_1h": "0.95", 
        "percent_change_24h": "-0.34", 
        "percent_change_7d": "-11.2", 
        "last_updated": "1523406547"
    }, 
    {
        "id": "icon", 
        "name": "ICON", 
        "symbol": "ICX", 
        "rank": "24", 
        "price_usd": "2.12081", 
        "price_btc": "0.00031029", 
        "24h_volume_usd": "45621800.0", 
        "market_cap_usd": "820840971.0", 
        "available_supply": "387041258.0", 
        "total_supply": "400228750.0", 
        "max_supply": null, 
        "percent_change_1h": "0.67", 
        "percent_change_24h": "5.84", 
        "percent_change_7d": "-6.25", 
        "last_updated": "1523406256"
    }, 
    {
        "id": "bitcoin-gold", 
        "name": "Bitcoin Gold", 
        "symbol": "BTG", 
        "rank": "25", 
        "price_usd": "40.9302", 
        "price_btc": "0.00598842", 
        "24h_volume_usd": "7632610.0", 
        "market_cap_usd": "693178461.0", 
        "available_supply": "16935624.0", 
        "total_supply": "17035624.0", 
        "max_supply": "21000000.0", 
        "percent_change_1h": "0.69", 
        "percent_change_24h": "-0.33", 
        "percent_change_7d": "-11.58", 
        "last_updated": "1523406256"
    }, 
    {
        "id": "zcash", 
        "name": "Zcash", 
        "symbol": "ZEC", 
        "rank": "26", 
        "price_usd": "180.614", 
        "price_btc": "0.0264383", 
        "24h_volume_usd": "33400400.0", 
        "market_cap_usd": "663588253.0", 
        "available_supply": "3674069.0", 
        "total_supply": "3674069.0", 
        "max_supply": null, 
        "percent_change_1h": "1.01", 
        "percent_change_24h": "1.8", 
        "percent_change_7d": "-11.45", 
        "last_updated": "1523406548"
    }, 
    {
        "id": "nano", 
        "name": "Nano", 
        "symbol": "NANO", 
        "rank": "27", 
        "price_usd": "4.83967", 
        "price_btc": "0.00070843", 
        "24h_volume_usd": "6697400.0", 
        "market_cap_usd": "644877748.0", 
        "available_supply": "133248289.0", 
        "total_supply": "133248289.0", 
        "max_supply": "133248290.0", 
        "percent_change_1h": "0.55", 
        "percent_change_24h": "0.15", 
        "percent_change_7d": "-18.64", 
        "last_updated": "1523406549"
    }, 
    {
        "id": "bytom", 
        "name": "Bytom", 
        "symbol": "BTM", 
        "rank": "28", 
        "price_usd": "0.601647", 
        "price_btc": "0.00008803", 
        "24h_volume_usd": "24358900.0", 
        "market_cap_usd": "593825589.0", 
        "available_supply": "987000000.0", 
        "total_supply": "1407000000.0", 
        "max_supply": null, 
        "percent_change_1h": "2.69", 
        "percent_change_24h": "14.61", 
        "percent_change_7d": "23.62", 
        "last_updated": "1523406253"
    }, 
    {
        "id": "wanchain", 
        "name": "Wanchain", 
        "symbol": "WAN", 
        "rank": "29", 
        "price_usd": "4.5828", 
        "price_btc": "0.0006705", 
        "24h_volume_usd": "28666600.0", 
        "market_cap_usd": "486475643.0", 
        "available_supply": "106152493.0", 
        "total_supply": "210000000.0", 
        "max_supply": null, 
        "percent_change_1h": "3.88", 
        "percent_change_24h": "24.52", 
        "percent_change_7d": "33.46", 
        "last_updated": "1523406262"
    }, 
    {
        "id": "steem", 
        "name": "Steem", 
        "symbol": "STEEM", 
        "rank": "30", 
        "price_usd": "1.83478", 
        "price_btc": "0.00026858", 
        "24h_volume_usd": "2087430.0", 
        "market_cap_usd": "469985968.0", 
        "available_supply": "256153854.0", 
        "total_supply": "273127948.0", 
        "max_supply": null, 
        "percent_change_1h": "0.15", 
        "percent_change_24h": "0.98", 
        "percent_change_7d": "-10.18", 
        "last_updated": "1523406546"
    }, 
    {
        "id": "bytecoin-bcn", 
        "name": "Bytecoin", 
        "symbol": "BCN", 
        "rank": "31", 
        "price_usd": "0.00237553", 
        "price_btc": "0.00000035", 
        "24h_volume_usd": "4495510.0", 
        "market_cap_usd": "436695938.0", 
        "available_supply": "183830950665", 
        "total_supply": "183830950665", 
        "max_supply": "184470000000", 
        "percent_change_1h": "2.72", 
        "percent_change_24h": "11.69", 
        "percent_change_7d": "2.92", 
        "last_updated": "1523406543"
    }, 
    {
        "id": "populous", 
        "name": "Populous", 
        "symbol": "PPT", 
        "rank": "32", 
        "price_usd": "11.7412", 
        "price_btc": "0.00171783", 
        "24h_volume_usd": "1209790.0", 
        "market_cap_usd": "434471681.0", 
        "available_supply": "37004027.0", 
        "total_supply": "53252246.0", 
        "max_supply": "53252246.0", 
        "percent_change_1h": "0.39", 
        "percent_change_24h": "1.05", 
        "percent_change_7d": "-10.17", 
        "last_updated": "1523406252"
    }, 
    {
        "id": "digixdao", 
        "name": "DigixDAO", 
        "symbol": "DGD", 
        "rank": "33", 
        "price_usd": "207.898", 
        "price_btc": "0.0304323", 
        "24h_volume_usd": "10786900.0", 
        "market_cap_usd": "415796000.0", 
        "available_supply": "2000000.0", 
        "total_supply": "2000000.0", 
        "max_supply": null, 
        "percent_change_1h": "-0.25", 
        "percent_change_24h": "-0.14", 
        "percent_change_7d": "-11.14", 
        "last_updated": "1523406547"
    }, 
    {
        "id": "siacoin", 
        "name": "Siacoin", 
        "symbol": "SC", 
        "rank": "34", 
        "price_usd": "0.0114089", 
        "price_btc": "0.00000167", 
        "24h_volume_usd": "8777120.0", 
        "market_cap_usd": "384489297.0", 
        "available_supply": "33700821044.0", 
        "total_supply": "33700821044.0", 
        "max_supply": null, 
        "percent_change_1h": "-0.33", 
        "percent_change_24h": "5.38", 
        "percent_change_7d": "-4.32", 
        "last_updated": "1523406546"
    }, 
    {
        "id": "bitcoin-diamond", 
        "name": "Bitcoin Diamond", 
        "symbol": "BCD", 
        "rank": "35", 
        "price_usd": "2.48565", 
        "price_btc": "0.00036367", 
        "24h_volume_usd": "1670420.0", 
        "market_cap_usd": "380379020.0", 
        "available_supply": "153030000.0", 
        "total_supply": "156030000.0", 
        "max_supply": "210000000.0", 
        "percent_change_1h": "-1.62", 
        "percent_change_24h": "3.72", 
        "percent_change_7d": "11.14", 
        "last_updated": "1523406257"
    }, 
    {
        "id": "stratis", 
        "name": "Stratis", 
        "symbol": "STRAT", 
        "rank": "36", 
        "price_usd": "3.80686", 
        "price_btc": "0.00055725", 
        "24h_volume_usd": "6117180.0", 
        "market_cap_usd": "376162648.0", 
        "available_supply": "98811789.0", 
        "total_supply": "98811789.0", 
        "max_supply": null, 
        "percent_change_1h": "2.51", 
        "percent_change_24h": "6.89", 
        "percent_change_7d": "-4.23", 
        "last_updated": "1523406547"
    }, 
    {
        "id": "bitshares", 
        "name": "BitShares", 
        "symbol": "BTS", 
        "rank": "37", 
        "price_usd": "0.141794", 
        "price_btc": "0.00002076", 
        "24h_volume_usd": "6359900.0", 
        "market_cap_usd": "370751608.0", 
        "available_supply": "2614720000.0", 
        "total_supply": "2614720000.0", 
        "max_supply": "3600570502.0", 
        "percent_change_1h": "-0.4", 
        "percent_change_24h": "2.45", 
        "percent_change_7d": "-5.54", 
        "last_updated": "1523406543"
    }, 
    {
        "id": "decred", 
        "name": "Decred", 
        "symbol": "DCR", 
        "rank": "38", 
        "price_usd": "51.1148", 
        "price_btc": "0.0074822", 
        "24h_volume_usd": "18487700.0", 
        "market_cap_usd": "363064418.0", 
        "available_supply": "7102922.0", 
        "total_supply": "7522922.0", 
        "max_supply": "21000000.0", 
        "percent_change_1h": "0.74", 
        "percent_change_24h": "5.96", 
        "percent_change_7d": "9.77", 
        "last_updated": "1523406546"
    }, 
    {
        "id": "waves", 
        "name": "Waves", 
        "symbol": "WAVES", 
        "rank": "39", 
        "price_usd": "3.61684", 
        "price_btc": "0.00052943", 
        "24h_volume_usd": "16435100.0", 
        "market_cap_usd": "361684000.0", 
        "available_supply": "100000000.0", 
        "total_supply": "100000000.0", 
        "max_supply": null, 
        "percent_change_1h": "0.41", 
        "percent_change_24h": "4.34", 
        "percent_change_7d": "-9.62", 
        "last_updated": "1523406547"
    }, 
    {
        "id": "rchain", 
        "name": "RChain", 
        "symbol": "RHOC", 
        "rank": "40", 
        "price_usd": "0.993879", 
        "price_btc": "0.00014541", 
        "24h_volume_usd": "1885330.0", 
        "market_cap_usd": "357418234.0", 
        "available_supply": "359619465.0", 
        "total_supply": "870663574.0", 
        "max_supply": "1000000000.0", 
        "percent_change_1h": "-1.97", 
        "percent_change_24h": "3.13", 
        "percent_change_7d": "0.62", 
        "last_updated": "1523406255"
    }, 
    {
        "id": "maker", 
        "name": "Maker", 
        "symbol": "MKR", 
        "rank": "41", 
        "price_usd": "563.144", 
        "price_btc": "0.0824333", 
        "24h_volume_usd": "243852.0", 
        "market_cap_usd": "348151259.0", 
        "available_supply": "618228.0", 
        "total_supply": "1000000.0", 
        "max_supply": null, 
        "percent_change_1h": "-0.16", 
        "percent_change_24h": "6.46", 
        "percent_change_7d": "7.49", 
        "last_updated": "1523406548"
    }, 
    {
        "id": "dogecoin", 
        "name": "Dogecoin", 
        "symbol": "DOGE", 
        "rank": "42", 
        "price_usd": "0.00304107", 
        "price_btc": "0.00000045", 
        "24h_volume_usd": "10155200.0", 
        "market_cap_usd": "346566318.0", 
        "available_supply": "113961966538", 
        "total_supply": "113961966538", 
        "max_supply": null, 
        "percent_change_1h": "0.71", 
        "percent_change_24h": "10.41", 
        "percent_change_7d": "2.36", 
        "last_updated": "1523406541"
    }, 
    {
        "id": "aeternity", 
        "name": "Aeternity", 
        "symbol": "AE", 
        "rank": "43", 
        "price_usd": "1.35886", 
        "price_btc": "0.00019881", 
        "24h_volume_usd": "3885800.0", 
        "market_cap_usd": "316642199.0", 
        "available_supply": "233020472.0", 
        "total_supply": "273685830.0", 
        "max_supply": null, 
        "percent_change_1h": "0.79", 
        "percent_change_24h": "3.24", 
        "percent_change_7d": "-9.09", 
        "last_updated": "1523406250"
    }, 
    {
        "id": "status", 
        "name": "Status", 
        "symbol": "SNT", 
        "rank": "44", 
        "price_usd": "0.0896041", 
        "price_btc": "0.00001311", 
        "24h_volume_usd": "18258300.0", 
        "market_cap_usd": "310969576.0", 
        "available_supply": "3470483788.0", 
        "total_supply": "6804870174.0", 
        "max_supply": null, 
        "percent_change_1h": "0.77", 
        "percent_change_24h": "2.05", 
        "percent_change_7d": "-13.56", 
        "last_updated": "1523406251"
    }, 
    {
        "id": "0x", 
        "name": "0x", 
        "symbol": "ZRX", 
        "rank": "45", 
        "price_usd": "0.560836", 
        "price_btc": "0.00008205", 
        "24h_volume_usd": "4557670.0", 
        "market_cap_usd": "293159544.0", 
        "available_supply": "522718841.0", 
        "total_supply": "1000000000.0", 
        "max_supply": null, 
        "percent_change_1h": "0.44", 
        "percent_change_24h": "3.86", 
        "percent_change_7d": "-5.53", 
        "last_updated": "1523406253"
    }, 
    {
        "id": "zilliqa", 
        "name": "Zilliqa", 
        "symbol": "ZIL", 
        "rank": "46", 
        "price_usd": "0.0400594", 
        "price_btc": "0.00000586", 
        "24h_volume_usd": "14901600.0", 
        "market_cap_usd": "286346121.0", 
        "available_supply": "7148038186.0", 
        "total_supply": "12600000000.0", 
        "max_supply": null, 
        "percent_change_1h": "0.22", 
        "percent_change_24h": "2.83", 
        "percent_change_7d": "-11.52", 
        "last_updated": "1523406260"
    }, 
    {
        "id": "komodo", 
        "name": "Komodo", 
        "symbol": "KMD", 
        "rank": "47", 
        "price_usd": "2.62515", 
        "price_btc": "0.00038427", 
        "24h_volume_usd": "2359540.0", 
        "market_cap_usd": "273117452.0", 
        "available_supply": "104038798.0", 
        "total_supply": "104038798.0", 
        "max_supply": null, 
        "percent_change_1h": "-0.26", 
        "percent_change_24h": "4.59", 
        "percent_change_7d": "-9.49", 
        "last_updated": "1523406549"
    }, 
    {
        "id": "augur", 
        "name": "Augur", 
        "symbol": "REP", 
        "rank": "48", 
        "price_usd": "24.7817", 
        "price_btc": "0.00362756", 
        "24h_volume_usd": "2234330.0", 
        "market_cap_usd": "272598700.0", 
        "available_supply": "11000000.0", 
        "total_supply": "11000000.0", 
        "max_supply": null, 
        "percent_change_1h": "0.72", 
        "percent_change_24h": "1.54", 
        "percent_change_7d": "-7.63", 
        "last_updated": "1523406545"
    }, 
    {
        "id": "ardor", 
        "name": "Ardor", 
        "symbol": "ARDR", 
        "rank": "49", 
        "price_usd": "0.253718", 
        "price_btc": "0.00003714", 
        "24h_volume_usd": "2388940.0", 
        "market_cap_usd": "253464154.0", 
        "available_supply": "998999495.0", 
        "total_supply": "998999495.0", 
        "max_supply": "998999495.0", 
        "percent_change_1h": "0.44", 
        "percent_change_24h": "4.15", 
        "percent_change_7d": "-15.68", 
        "last_updated": "1523406548"
    }, 
    {
        "id": "iostoken", 
        "name": "IOStoken", 
        "symbol": "IOST", 
        "rank": "50", 
        "price_usd": "0.0291701", 
        "price_btc": "0.00000427", 
        "24h_volume_usd": "46044500.0", 
        "market_cap_usd": "245028840.0", 
        "available_supply": "8400000000.0", 
        "total_supply": "21000000000.0", 
        "max_supply": null, 
        "percent_change_1h": "0.98", 
        "percent_change_24h": "-2.35", 
        "percent_change_7d": "11.64", 
        "last_updated": "1523406259"
    }, 
    {
        "id": "aion", 
        "name": "Aion", 
        "symbol": "AION", 
        "rank": "51", 
        "price_usd": "2.07485", 
        "price_btc": "0.00030357", 
        "24h_volume_usd": "10888800.0", 
        "market_cap_usd": "239271434.0", 
        "available_supply": "115319871.0", 
        "total_supply": "465934587.0", 
        "max_supply": null, 
        "percent_change_1h": "-1.87", 
        "percent_change_24h": "-0.06", 
        "percent_change_7d": "-5.36", 
        "last_updated": "1523406255"
    }, 
    {
        "id": "loopring", 
        "name": "Loopring", 
        "symbol": "LRC", 
        "rank": "52", 
        "price_usd": "0.415116", 
        "price_btc": "0.00006073", 
        "24h_volume_usd": "4738530.0", 
        "market_cap_usd": "237477089.0", 
        "available_supply": "572074043.0", 
        "total_supply": "1374956262.0", 
        "max_supply": null, 
        "percent_change_1h": "-0.74", 
        "percent_change_24h": "1.79", 
        "percent_change_7d": "4.31", 
        "last_updated": "1523406254"
    }, 
    {
        "id": "golem-network-tokens", 
        "name": "Golem", 
        "symbol": "GNT", 
        "rank": "53", 
        "price_usd": "0.278876", 
        "price_btc": "0.00004082", 
        "24h_volume_usd": "41873600.0", 
        "market_cap_usd": "232655650.0", 
        "available_supply": "834262000.0", 
        "total_supply": "1000000000.0", 
        "max_supply": null, 
        "percent_change_1h": "0.41", 
        "percent_change_24h": "13.82", 
        "percent_change_7d": "28.71", 
        "last_updated": "1523406548"
    }, 
    {
        "id": "kucoin-shares", 
        "name": "KuCoin Shares", 
        "symbol": "KCS", 
        "rank": "54", 
        "price_usd": "2.4932", 
        "price_btc": "0.00036478", 
        "24h_volume_usd": "290353.0", 
        "market_cap_usd": "226988597.0", 
        "available_supply": "91043076.0", 
        "total_supply": "181043076.0", 
        "max_supply": null, 
        "percent_change_1h": "1.55", 
        "percent_change_24h": "5.86", 
        "percent_change_7d": "1.76", 
        "last_updated": "1523406255"
    }, 
    {
        "id": "ark", 
        "name": "Ark", 
        "symbol": "ARK", 
        "rank": "55", 
        "price_usd": "2.19464", 
        "price_btc": "0.00032125", 
        "24h_volume_usd": "1968740.0", 
        "market_cap_usd": "223451187.0", 
        "available_supply": "101816784.0", 
        "total_supply": "133066784.0", 
        "max_supply": null, 
        "percent_change_1h": "0.75", 
        "percent_change_24h": "5.91", 
        "percent_change_7d": "-5.9", 
        "last_updated": "1523406549"
    }, 
    {
        "id": "hshare", 
        "name": "Hshare", 
        "symbol": "HSR", 
        "rank": "56", 
        "price_usd": "5.17237", 
        "price_btc": "0.00075676", 
        "24h_volume_usd": "13897300.0", 
        "market_cap_usd": "221621841.0", 
        "available_supply": "42847252.0", 
        "total_supply": "42847252.0", 
        "max_supply": "84000000.0", 
        "percent_change_1h": "-0.4", 
        "percent_change_24h": "-0.4", 
        "percent_change_7d": "-9.58", 
        "last_updated": "1523406252"
    }, 
    {
        "id": "cryptonex", 
        "name": "Cryptonex", 
        "symbol": "CNX", 
        "rank": "57", 
        "price_usd": "4.87455", 
        "price_btc": "0.00071318", 
        "24h_volume_usd": "1263960.0", 
        "market_cap_usd": "220364639.0", 
        "available_supply": "45207176.0", 
        "total_supply": "106644801.0", 
        "max_supply": "210000000.0", 
        "percent_change_1h": "3.4", 
        "percent_change_24h": "3.23", 
        "percent_change_7d": "-4.47", 
        "last_updated": "1523406255"
    }, 
    {
        "id": "pivx", 
        "name": "PIVX", 
        "symbol": "PIVX", 
        "rank": "58", 
        "price_usd": "3.8784", 
        "price_btc": "0.00056772", 
        "24h_volume_usd": "1452470.0", 
        "market_cap_usd": "216999119.0", 
        "available_supply": "55950680.0", 
        "total_supply": "55950680.0", 
        "max_supply": null, 
        "percent_change_1h": "0.1", 
        "percent_change_24h": "0.07", 
        "percent_change_7d": "-6.51", 
        "last_updated": "1523406546"
    }, 
    {
        "id": "waltonchain", 
        "name": "Waltonchain", 
        "symbol": "WTC", 
        "rank": "59", 
        "price_usd": "8.63508", 
        "price_btc": "0.00126338", 
        "24h_volume_usd": "1860900.0", 
        "market_cap_usd": "214997759.0", 
        "available_supply": "24898178.0", 
        "total_supply": "70000000.0", 
        "max_supply": "100000000.0", 
        "percent_change_1h": "0.54", 
        "percent_change_24h": "3.1", 
        "percent_change_7d": "-17.67", 
        "last_updated": "1523406254"
    }, 
    {
        "id": "aelf", 
        "name": "aelf", 
        "symbol": "ELF", 
        "rank": "60", 
        "price_usd": "0.815003", 
        "price_btc": "0.00011924", 
        "24h_volume_usd": "85566300.0", 
        "market_cap_usd": "203750750.0", 
        "available_supply": "250000000.0", 
        "total_supply": "280000000.0", 
        "max_supply": "1000000000.0", 
        "percent_change_1h": "2.86", 
        "percent_change_24h": "38.61", 
        "percent_change_7d": "43.51", 
        "last_updated": "1523406258"
    }, 
    {
        "id": "digibyte", 
        "name": "DigiByte", 
        "symbol": "DGB", 
        "rank": "61", 
        "price_usd": "0.0201363", 
        "price_btc": "0.00000295", 
        "24h_volume_usd": "3024360.0", 
        "market_cap_usd": "203325922.0", 
        "available_supply": "10097481758.0", 
        "total_supply": "10097481758.0", 
        "max_supply": "21000000000.0", 
        "percent_change_1h": "0.34", 
        "percent_change_24h": "10.33", 
        "percent_change_7d": "-0.08", 
        "last_updated": "1523406541"
    }, 
    {
        "id": "basic-attention-token", 
        "name": "Basic Attention Token", 
        "symbol": "BAT", 
        "rank": "62", 
        "price_usd": "0.199449", 
        "price_btc": "0.00002918", 
        "24h_volume_usd": "5182650.0", 
        "market_cap_usd": "199449000.0", 
        "available_supply": "1000000000.0", 
        "total_supply": "1500000000.0", 
        "max_supply": null, 
        "percent_change_1h": "1.82", 
        "percent_change_24h": "6.69", 
        "percent_change_7d": "-5.28", 
        "last_updated": "1523406251"
    }, 
    {
        "id": "centrality", 
        "name": "Centrality", 
        "symbol": "CENNZ", 
        "rank": "63", 
        "price_usd": "0.295951", 
        "price_btc": "0.00004330", 
        "24h_volume_usd": "110031.0", 
        "market_cap_usd": "195024972.0", 
        "available_supply": "658977236.0", 
        "total_supply": "1200000000.0", 
        "max_supply": null, 
        "percent_change_1h": "-0.13", 
        "percent_change_24h": "3.83", 
        "percent_change_7d": "-15.84", 
        "last_updated": "1523406262"
    }, 
    {
        "id": "monacoin", 
        "name": "MonaCoin", 
        "symbol": "MONA", 
        "rank": "64", 
        "price_usd": "3.26944", 
        "price_btc": "0.00047858", 
        "24h_volume_usd": "872806.0", 
        "market_cap_usd": "191869129.0", 
        "available_supply": "58685625.0", 
        "total_supply": "58685625.0", 
        "max_supply": null, 
        "percent_change_1h": "0.45", 
        "percent_change_24h": "0.96", 
        "percent_change_7d": "-7.73", 
        "last_updated": "1523406542"
    }, 
    {
        "id": "qash", 
        "name": "QASH", 
        "symbol": "QASH", 
        "rank": "65", 
        "price_usd": "0.528241", 
        "price_btc": "0.00007729", 
        "24h_volume_usd": "3713920.0", 
        "market_cap_usd": "184884350.0", 
        "available_supply": "350000000.0", 
        "total_supply": "1000000000.0", 
        "max_supply": null, 
        "percent_change_1h": "0.35", 
        "percent_change_24h": "-0.17", 
        "percent_change_7d": "-14.84", 
        "last_updated": "1523406257"
    }, 
    {
        "id": "veritaseum", 
        "name": "Veritaseum", 
        "symbol": "VERI", 
        "rank": "66", 
        "price_usd": "89.9026", 
        "price_btc": "0.01316", 
        "24h_volume_usd": "347598.0", 
        "market_cap_usd": "183099720.0", 
        "available_supply": "2036645.0", 
        "total_supply": "100000000.0", 
        "max_supply": null, 
        "percent_change_1h": "0.04", 
        "percent_change_24h": "-1.98", 
        "percent_change_7d": "-26.39", 
        "last_updated": "1523406550"
    }, 
    {
        "id": "factom", 
        "name": "Factom", 
        "symbol": "FCT", 
        "rank": "67", 
        "price_usd": "20.3554", 
        "price_btc": "0.00297964", 
        "24h_volume_usd": "477542.0", 
        "market_cap_usd": "178010049.0", 
        "available_supply": "8745102.0", 
        "total_supply": "8745102.0", 
        "max_supply": null, 
        "percent_change_1h": "0.42", 
        "percent_change_24h": "3.35", 
        "percent_change_7d": "-5.25", 
        "last_updated": "1523406545"
    }, 
    {
        "id": "dragonchain", 
        "name": "Dragonchain", 
        "symbol": "DRGN", 
        "rank": "68", 
        "price_usd": "0.715503", 
        "price_btc": "0.00010468", 
        "24h_volume_usd": "1217750.0", 
        "market_cap_usd": "170591613.0", 
        "available_supply": "238421940.0", 
        "total_supply": "433494437.0", 
        "max_supply": null, 
        "percent_change_1h": "-0.04", 
        "percent_change_24h": "0.71", 
        "percent_change_7d": "-2.46", 
        "last_updated": "1523406257"
    }, 
    {
        "id": "elastos", 
        "name": "Elastos", 
        "symbol": "ELA", 
        "rank": "69", 
        "price_usd": "33.504", 
        "price_btc": "0.00490191", 
        "24h_volume_usd": "13298100.0", 
        "market_cap_usd": "166346522.0", 
        "available_supply": "4964975.0", 
        "total_supply": "33379033.0", 
        "max_supply": null, 
        "percent_change_1h": "1.33", 
        "percent_change_24h": "2.13", 
        "percent_change_7d": "21.55", 
        "last_updated": "1523406260"
    }, 
    {
        "id": "nebulas-token", 
        "name": "Nebulas", 
        "symbol": "NAS", 
        "rank": "70", 
        "price_usd": "4.5678", 
        "price_btc": "0.00066831", 
        "24h_volume_usd": "7960540.0", 
        "market_cap_usd": "162156900.0", 
        "available_supply": "35500000.0", 
        "total_supply": "100000000.0", 
        "max_supply": "100000000.0", 
        "percent_change_1h": "-0.47", 
        "percent_change_24h": "3.54", 
        "percent_change_7d": "-6.28", 
        "last_updated": "1523406253"
    }, 
    {
        "id": "gas", 
        "name": "Gas", 
        "symbol": "GAS", 
        "rank": "71", 
        "price_usd": "15.4119", 
        "price_btc": "0.00225489", 
        "24h_volume_usd": "4192230.0", 
        "market_cap_usd": "155071765.0", 
        "available_supply": "10061820.0", 
        "total_supply": "16914970.0", 
        "max_supply": "100000000.0", 
        "percent_change_1h": "0.67", 
        "percent_change_24h": "2.52", 
        "percent_change_7d": "-9.07", 
        "last_updated": "1523406251"
    }, 
    {
        "id": "substratum", 
        "name": "Substratum", 
        "symbol": "SUB", 
        "rank": "72", 
        "price_usd": "0.399615", 
        "price_btc": "0.00005847", 
        "24h_volume_usd": "5210720.0", 
        "market_cap_usd": "153060937.0", 
        "available_supply": "383021000.0", 
        "total_supply": "472000000.0", 
        "max_supply": null, 
        "percent_change_1h": "0.84", 
        "percent_change_24h": "5.4", 
        "percent_change_7d": "6.72", 
        "last_updated": "1523406253"
    }, 
    {
        "id": "ethos", 
        "name": "Ethos", 
        "symbol": "ETHOS", 
        "rank": "73", 
        "price_usd": "1.98732", 
        "price_btc": "0.00029076", 
        "24h_volume_usd": "3406760.0", 
        "market_cap_usd": "151825106.0", 
        "available_supply": "76396909.0", 
        "total_supply": "222295208.0", 
        "max_supply": null, 
        "percent_change_1h": "0.94", 
        "percent_change_24h": "2.63", 
        "percent_change_7d": "-8.87", 
        "last_updated": "1523406253"
    }, 
    {
        "id": "gxchain", 
        "name": "GXChain", 
        "symbol": "GXS", 
        "rank": "74", 
        "price_usd": "2.48996", 
        "price_btc": "0.0003643", 
        "24h_volume_usd": "13110700.0", 
        "market_cap_usd": "149397600.0", 
        "available_supply": "60000000.0", 
        "total_supply": "100000000.0", 
        "max_supply": "100000000.0", 
        "percent_change_1h": "0.7", 
        "percent_change_24h": "2.91", 
        "percent_change_7d": "-9.28", 
        "last_updated": "1523406251"
    }, 
    {
        "id": "syscoin", 
        "name": "Syscoin", 
        "symbol": "SYS", 
        "rank": "75", 
        "price_usd": "0.27712", 
        "price_btc": "0.00004057", 
        "24h_volume_usd": "1532460.0", 
        "market_cap_usd": "147485691.0", 
        "available_supply": "532208759.0", 
        "total_supply": "532208759.0", 
        "max_supply": "888000000.0", 
        "percent_change_1h": "-0.0", 
        "percent_change_24h": "2.77", 
        "percent_change_7d": "-7.89", 
        "last_updated": "1523406543"
    }, 
    {
        "id": "revain", 
        "name": "Revain", 
        "symbol": "R", 
        "rank": "76", 
        "price_usd": "0.782065", 
        "price_btc": "0.00011442", 
        "24h_volume_usd": "2952170.0", 
        "market_cap_usd": "144251889.0", 
        "available_supply": "184450000.0", 
        "total_supply": "484450000.0", 
        "max_supply": "484450000.0", 
        "percent_change_1h": "0.81", 
        "percent_change_24h": "0.92", 
        "percent_change_7d": "-4.01", 
        "last_updated": "1523406256"
    }, 
    {
        "id": "electroneum", 
        "name": "Electroneum", 
        "symbol": "ETN", 
        "rank": "77", 
        "price_usd": "0.0212257", 
        "price_btc": "0.00000311", 
        "24h_volume_usd": "703041.0", 
        "market_cap_usd": "141686543.0", 
        "available_supply": "6675235354.0", 
        "total_supply": "6675235354.0", 
        "max_supply": "21000000000.0", 
        "percent_change_1h": "0.52", 
        "percent_change_24h": "-0.2", 
        "percent_change_7d": "-5.2", 
        "last_updated": "1523406256"
    }, 
    {
        "id": "kyber-network", 
        "name": "Kyber Network", 
        "symbol": "KNC", 
        "rank": "78", 
        "price_usd": "1.04791", 
        "price_btc": "0.00015332", 
        "24h_volume_usd": "8568420.0", 
        "market_cap_usd": "140558994.0", 
        "available_supply": "134132697.0", 
        "total_supply": "215625349.0", 
        "max_supply": null, 
        "percent_change_1h": "1.22", 
        "percent_change_24h": "6.04", 
        "percent_change_7d": "1.28", 
        "last_updated": "1523406254"
    }, 
    {
        "id": "funfair", 
        "name": "FunFair", 
        "symbol": "FUN", 
        "rank": "79", 
        "price_usd": "0.0295698", 
        "price_btc": "0.00000433", 
        "24h_volume_usd": "687297.0", 
        "market_cap_usd": "139672157.0", 
        "available_supply": "4723473189.0", 
        "total_supply": "10999873621.0", 
        "max_supply": null, 
        "percent_change_1h": "0.92", 
        "percent_change_24h": "2.5", 
        "percent_change_7d": "-8.28", 
        "last_updated": "1523406251"
    }, 
    {
        "id": "skycoin", 
        "name": "Skycoin", 
        "symbol": "SKY", 
        "rank": "80", 
        "price_usd": "17.7927", 
        "price_btc": "0.00260451", 
        "24h_volume_usd": "7189870.0", 
        "market_cap_usd": "138555687.0", 
        "available_supply": "7787221.0", 
        "total_supply": "25000000.0", 
        "max_supply": "100000000.0", 
        "percent_change_1h": "0.55", 
        "percent_change_24h": "14.4", 
        "percent_change_7d": "30.59", 
        "last_updated": "1523406549"
    }, 
    {
        "id": "reddcoin", 
        "name": "ReddCoin", 
        "symbol": "RDD", 
        "rank": "81", 
        "price_usd": "0.00458861", 
        "price_btc": "0.00000067", 
        "24h_volume_usd": "6386860.0", 
        "market_cap_usd": "132191949.0", 
        "available_supply": "28808713174.0", 
        "total_supply": "28808713174.0", 
        "max_supply": null, 
        "percent_change_1h": "-0.17", 
        "percent_change_24h": "14.94", 
        "percent_change_7d": "0.58", 
        "last_updated": "1523406541"
    }, 
    {
        "id": "zcoin", 
        "name": "ZCoin", 
        "symbol": "XZC", 
        "rank": "82", 
        "price_usd": "28.5263", 
        "price_btc": "0.00417569", 
        "24h_volume_usd": "930903.0", 
        "market_cap_usd": "128420725.0", 
        "available_supply": "4501836.0", 
        "total_supply": "4501836.0", 
        "max_supply": "21400000.0", 
        "percent_change_1h": "0.33", 
        "percent_change_24h": "2.06", 
        "percent_change_7d": "-8.31", 
        "last_updated": "1523406548"
    }, 
    {
        "id": "maidsafecoin", 
        "name": "MaidSafeCoin", 
        "symbol": "MAID", 
        "rank": "83", 
        "price_usd": "0.281989", 
        "price_btc": "0.00004128", 
        "24h_volume_usd": "1094800.0", 
        "market_cap_usd": "127614802.0", 
        "available_supply": "452552412.0", 
        "total_supply": "452552412.0", 
        "max_supply": null, 
        "percent_change_1h": "1.96", 
        "percent_change_24h": "6.98", 
        "percent_change_7d": "4.02", 
        "last_updated": "1523406542"
    }, 
    {
        "id": "nxt", 
        "name": "Nxt", 
        "symbol": "NXT", 
        "rank": "84", 
        "price_usd": "0.127519", 
        "price_btc": "0.00001867", 
        "24h_volume_usd": "5613440.0", 
        "market_cap_usd": "127391474.0", 
        "available_supply": "998999942.0", 
        "total_supply": "998999942.0", 
        "max_supply": "1000000000.0", 
        "percent_change_1h": "0.26", 
        "percent_change_24h": "9.05", 
        "percent_change_7d": "0.2", 
        "last_updated": "1523406541"
    }, 
    {
        "id": "mixin", 
        "name": "Mixin", 
        "symbol": "XIN", 
        "rank": "85", 
        "price_usd": "310.015", 
        "price_btc": "0.0453576", 
        "24h_volume_usd": "1137950.0", 
        "market_cap_usd": "125914548.0", 
        "available_supply": "406156.0", 
        "total_supply": "1000000.0", 
        "max_supply": null, 
        "percent_change_1h": "-0.66", 
        "percent_change_24h": "-14.02", 
        "percent_change_7d": "34.0", 
        "last_updated": "1523406259"
    }, 
    {
        "id": "chainlink", 
        "name": "ChainLink", 
        "symbol": "LINK", 
        "rank": "86", 
        "price_usd": "0.357644", 
        "price_btc": "0.00005233", 
        "24h_volume_usd": "9435310.0", 
        "market_cap_usd": "125175400.0", 
        "available_supply": "350000000.0", 
        "total_supply": "1000000000.0", 
        "max_supply": null, 
        "percent_change_1h": "0.65", 
        "percent_change_24h": "13.87", 
        "percent_change_7d": "21.31", 
        "last_updated": "1523406255"
    }, 
    {
        "id": "byteball", 
        "name": "Byteball Bytes", 
        "symbol": "GBYTE", 
        "rank": "87", 
        "price_usd": "193.088", 
        "price_btc": "0.0282643", 
        "24h_volume_usd": "343458.0", 
        "market_cap_usd": "124584636.0", 
        "available_supply": "645222.0", 
        "total_supply": "1000000.0", 
        "max_supply": null, 
        "percent_change_1h": "-0.21", 
        "percent_change_24h": "5.44", 
        "percent_change_7d": "3.17", 
        "last_updated": "1523406548"
    }, 
    {
        "id": "salt", 
        "name": "SALT", 
        "symbol": "SALT", 
        "rank": "88", 
        "price_usd": "2.16651", 
        "price_btc": "0.00031698", 
        "24h_volume_usd": "13240900.0", 
        "market_cap_usd": "122116908.0", 
        "available_supply": "56365726.0", 
        "total_supply": "120000000.0", 
        "max_supply": null, 
        "percent_change_1h": "0.66", 
        "percent_change_24h": "4.73", 
        "percent_change_7d": "-1.77", 
        "last_updated": "1523406255"
    }, 
    {
        "id": "nucleus-vision", 
        "name": "Nucleus Vision", 
        "symbol": "NCASH", 
        "rank": "89", 
        "price_usd": "0.0293949", 
        "price_btc": "0.00000430", 
        "24h_volume_usd": "19787900.0", 
        "market_cap_usd": "117949836.0", 
        "available_supply": "4012595236.0", 
        "total_supply": "10000000000.0", 
        "max_supply": null, 
        "percent_change_1h": "0.48", 
        "percent_change_24h": "7.05", 
        "percent_change_7d": "5.5", 
        "last_updated": "1523406261"
    }, 
    {
        "id": "storm", 
        "name": "Storm", 
        "symbol": "STORM", 
        "rank": "90", 
        "price_usd": "0.0286146", 
        "price_btc": "0.00000419", 
        "24h_volume_usd": "15586000.0", 
        "market_cap_usd": "117000894.0", 
        "available_supply": "4088853037.0", 
        "total_supply": "10000000000.0", 
        "max_supply": null, 
        "percent_change_1h": "0.13", 
        "percent_change_24h": "1.12", 
        "percent_change_7d": "-11.3", 
        "last_updated": "1523406258"
    }, 
    {
        "id": "power-ledger", 
        "name": "Power Ledger", 
        "symbol": "POWR", 
        "rank": "91", 
        "price_usd": "0.309987", 
        "price_btc": "0.00004535", 
        "24h_volume_usd": "6533990.0", 
        "market_cap_usd": "112814482.0", 
        "available_supply": "363932947.0", 
        "total_supply": "1000000000.0", 
        "max_supply": null, 
        "percent_change_1h": "0.47", 
        "percent_change_24h": "3.65", 
        "percent_change_7d": "-11.64", 
        "last_updated": "1523406256"
    }, 
    {
        "id": "particl", 
        "name": "Particl", 
        "symbol": "PART", 
        "rank": "92", 
        "price_usd": "12.4753", 
        "price_btc": "0.00182523", 
        "24h_volume_usd": "2153440.0", 
        "market_cap_usd": "111418184.0", 
        "available_supply": "8931103.0", 
        "total_supply": "8931103.0", 
        "max_supply": null, 
        "percent_change_1h": "0.78", 
        "percent_change_24h": "3.2", 
        "percent_change_7d": "17.93", 
        "last_updated": "1523406252"
    }, 
    {
        "id": "bancor", 
        "name": "Bancor", 
        "symbol": "BNT", 
        "rank": "93", 
        "price_usd": "2.44648", 
        "price_btc": "0.00035794", 
        "24h_volume_usd": "5114930.0", 
        "market_cap_usd": "110180838.0", 
        "available_supply": "45036476.0", 
        "total_supply": "74711036.0", 
        "max_supply": null, 
        "percent_change_1h": "1.0", 
        "percent_change_24h": "6.07", 
        "percent_change_7d": "4.64", 
        "last_updated": "1523406251"
    }, 
    {
        "id": "enigma-project", 
        "name": "Enigma", 
        "symbol": "ENG", 
        "rank": "94", 
        "price_usd": "1.44028", 
        "price_btc": "0.00021072", 
        "24h_volume_usd": "5996510.0", 
        "market_cap_usd": "107785040.0", 
        "available_supply": "74836171.0", 
        "total_supply": "150000000.0", 
        "max_supply": null, 
        "percent_change_1h": "2.94", 
        "percent_change_24h": "6.3", 
        "percent_change_7d": "-4.52", 
        "last_updated": "1523406255"
    }, 
    {
        "id": "wax", 
        "name": "WAX", 
        "symbol": "WAX", 
        "rank": "95", 
        "price_usd": "0.173176", 
        "price_btc": "0.00002534", 
        "24h_volume_usd": "4083250.0", 
        "market_cap_usd": "107197485.0", 
        "available_supply": "619008898.0", 
        "total_supply": "1850000000.0", 
        "max_supply": null, 
        "percent_change_1h": "-1.11", 
        "percent_change_24h": "6.11", 
        "percent_change_7d": "3.11", 
        "last_updated": "1523406258"
    }, 
    {
        "id": "request-network", 
        "name": "Request Network", 
        "symbol": "REQ", 
        "rank": "96", 
        "price_usd": "0.159248", 
        "price_btc": "0.00002330", 
        "24h_volume_usd": "3048160.0", 
        "market_cap_usd": "105575259.0", 
        "available_supply": "662961287.0", 
        "total_supply": "999999783.0", 
        "max_supply": null, 
        "percent_change_1h": "1.04", 
        "percent_change_24h": "1.86", 
        "percent_change_7d": "-4.39", 
        "last_updated": "1523406255"
    }, 
    {
        "id": "neblio", 
        "name": "Neblio", 
        "symbol": "NEBL", 
        "rank": "97", 
        "price_usd": "7.9278", 
        "price_btc": "0.0011599", 
        "24h_volume_usd": "9287980.0", 
        "market_cap_usd": "102979551.0", 
        "available_supply": "12989676.0", 
        "total_supply": "13746611.0", 
        "max_supply": null, 
        "percent_change_1h": "1.48", 
        "percent_change_24h": "5.96", 
        "percent_change_7d": "-1.03", 
        "last_updated": "1523406254"
    }, 
    {
        "id": "dent", 
        "name": "Dent", 
        "symbol": "DENT", 
        "rank": "98", 
        "price_usd": "0.00966248", 
        "price_btc": "0.00000141", 
        "24h_volume_usd": "825996.0", 
        "market_cap_usd": "102564915.0", 
        "available_supply": "10614760961.0", 
        "total_supply": "100000000000", 
        "max_supply": null, 
        "percent_change_1h": "-0.78", 
        "percent_change_24h": "-1.88", 
        "percent_change_7d": "-15.78", 
        "last_updated": "1523406253"
    }, 
    {
        "id": "storj", 
        "name": "Storj", 
        "symbol": "STORJ", 
        "rank": "99", 
        "price_usd": "0.746198", 
        "price_btc": "0.00010917", 
        "24h_volume_usd": "8788810.0", 
        "market_cap_usd": "99561836.0", 
        "available_supply": "133425493.0", 
        "total_supply": "424999998.0", 
        "max_supply": null, 
        "percent_change_1h": "-0.19", 
        "percent_change_24h": "1.75", 
        "percent_change_7d": "-11.03", 
        "last_updated": "1523406251"
    }, 
    {
        "id": "dentacoin", 
        "name": "Dentacoin", 
        "symbol": "DCN", 
        "rank": "100", 
        "price_usd": "0.000306047", 
        "price_btc": "0.00000004", 
        "24h_volume_usd": "82762.2", 
        "market_cap_usd": "99534629.0", 
        "available_supply": "325226613094", 
        "total_supply": "1963173416169", 
        "max_supply": "8000000000000", 
        "percent_change_1h": "0.4", 
        "percent_change_24h": "2.82", 
        "percent_change_7d": "-5.06", 
        "last_updated": "1523406253"
    }
]