[
    {
        "id": "bitcoin", 
        "name": "Bitcoin", 
        "symbol": "BTC", 
        "rank": "1", 
        "price_usd": "6848.47", 
        "price_btc": "1.0", 
        "24h_volume_usd": "4274260000.0", 
        "market_cap_usd": "116211002583", 
        "available_supply": "16968900.0", 
        "total_supply": "16968900.0", 
        "max_supply": "21000000.0", 
        "percent_change_1h": "0.51", 
        "percent_change_24h": "1.25", 
        "percent_change_7d": "-7.77", 
        "last_updated": "1523406569"
    }, 
    {
        "id": "ethereum", 
        "name": "Ethereum", 
        "symbol": "ETH", 
        "rank": "2", 
        "price_usd": "416.649", 
        "price_btc": "0.0609893", 
        "24h_volume_usd": "1207390000.0", 
        "market_cap_usd": "41140814396.0", 
        "available_supply": "98742141.0", 
        "total_supply": "98742141.0", 
        "max_supply": null, 
        "percent_change_1h": "1.24", 
        "percent_change_24h": "4.78", 
        "percent_change_7d": "1.3", 
        "last_updated": "1523406554"
    }, 
    {
        "id": "ripple", 
        "name": "Ripple", 
        "symbol": "XRP", 
        "rank": "3", 
        "price_usd": "0.492195", 
        "price_btc": "0.00007205", 
        "24h_volume_usd": "154126000.0", 
        "market_cap_usd": "19242127578.0", 
        "available_supply": "39094520623.0", 
        "total_supply": "99992405149.0", 
        "max_supply": "100000000000", 
        "percent_change_1h": "0.39", 
        "percent_change_24h": "0.59", 
        "percent_change_7d": "-9.84", 
        "last_updated": "1523406541"
    }, 
    {
        "id": "bitcoin-cash", 
        "name": "Bitcoin Cash", 
        "symbol": "BCH", 
        "rank": "4", 
        "price_usd": "651.263", 
        "price_btc": "0.0953322", 
        "24h_volume_usd": "223965000.0", 
        "market_cap_usd": "11114763708.0", 
        "available_supply": "17066475.0", 
        "total_supply": "17066475.0", 
        "max_supply": "21000000.0", 
        "percent_change_1h": "0.55", 
        "percent_change_24h": "2.43", 
        "percent_change_7d": "-7.53", 
        "last_updated": "1523406552"
    }, 
    {
        "id": "litecoin", 
        "name": "Litecoin", 
        "symbol": "LTC", 
        "rank": "5", 
        "price_usd": "114.41", 
        "price_btc": "0.0167475", 
        "24h_volume_usd": "199558000.0", 
        "market_cap_usd": "6410079129.0", 
        "available_supply": "56027263.0", 
        "total_supply": "56027263.0", 
        "max_supply": "84000000.0", 
        "percent_change_1h": "0.45", 
        "percent_change_24h": "-0.46", 
        "percent_change_7d": "-13.58", 
        "last_updated": "1523406541"
    }, 
    {
        "id": "eos", 
        "name": "EOS", 
        "symbol": "EOS", 
        "rank": "6", 
        "price_usd": "5.99054", 
        "price_btc": "0.0008769", 
        "24h_volume_usd": "224098000.0", 
        "market_cap_usd": "4700733061.0", 
        "available_supply": "784692709.0", 
        "total_supply": "900000000.0", 
        "max_supply": "1000000000.0", 
        "percent_change_1h": "0.18", 
        "percent_change_24h": "2.24", 
        "percent_change_7d": "-1.23", 
        "last_updated": "1523406552"
    }, 
    {
        "id": "cardano", 
        "name": "Cardano", 
        "symbol": "ADA", 
        "rank": "7", 
        "price_usd": "0.156303", 
        "price_btc": "0.00002288", 
        "24h_volume_usd": "55140200.0", 
        "market_cap_usd": "4052478906.0", 
        "available_supply": "25927070538.0", 
        "total_supply": "31112483745.0", 
        "max_supply": "45000000000.0", 
        "percent_change_1h": "0.57", 
        "percent_change_24h": "2.91", 
        "percent_change_7d": "-8.43", 
        "last_updated": "1523406554"
    }, 
    {
        "id": "stellar", 
        "name": "Stellar", 
        "symbol": "XLM", 
        "rank": "8", 
        "price_usd": "0.199003", 
        "price_btc": "0.00002913", 
        "24h_volume_usd": "27139700.0", 
        "market_cap_usd": "3691753661.0", 
        "available_supply": "18551246269.0", 
        "total_supply": "103847435165", 
        "max_supply": null, 
        "percent_change_1h": "0.3", 
        "percent_change_24h": "1.0", 
        "percent_change_7d": "-14.38", 
        "last_updated": "1523406544"
    }, 
    {
        "id": "neo", 
        "name": "NEO", 
        "symbol": "NEO", 
        "rank": "9", 
        "price_usd": "52.3168", 
        "price_btc": "0.00765815", 
        "24h_volume_usd": "87711700.0", 
        "market_cap_usd": "3400592000.0", 
        "available_supply": "65000000.0", 
        "total_supply": "100000000.0", 
        "max_supply": "100000000.0", 
        "percent_change_1h": "0.64", 
        "percent_change_24h": "0.55", 
        "percent_change_7d": "-0.78", 
        "last_updated": "1523406548"
    }, 
    {
        "id": "iota", 
        "name": "IOTA", 
        "symbol": "MIOTA", 
        "rank": "10", 
        "price_usd": "1.00969", 
        "price_btc": "0.0001478", 
        "24h_volume_usd": "20986600.0", 
        "market_cap_usd": "2806463931.0", 
        "available_supply": "2779530283.0", 
        "total_supply": "2779530283.0", 
        "max_supply": "2779530283.0", 
        "percent_change_1h": "0.66", 
        "percent_change_24h": "2.38", 
        "percent_change_7d": "-7.28", 
        "last_updated": "1523406551"
    }, 
    {
        "id": "monero", 
        "name": "Monero", 
        "symbol": "XMR", 
        "rank": "11", 
        "price_usd": "165.514", 
        "price_btc": "0.024228", 
        "24h_volume_usd": "31120500.0", 
        "market_cap_usd": "2634360229.0", 
        "available_supply": "15916238.0", 
        "total_supply": "15916238.0", 
        "max_supply": null, 
        "percent_change_1h": "0.11", 
        "percent_change_24h": "-0.58", 
        "percent_change_7d": "-11.96", 
        "last_updated": "1523406543"
    }, 
    {
        "id": "tron", 
        "name": "TRON", 
        "symbol": "TRX", 
        "rank": "12", 
        "price_usd": "0.0369132", 
        "price_btc": "0.00000540", 
        "24h_volume_usd": "303684000.0", 
        "market_cap_usd": "2426973195.0", 
        "available_supply": "65748111645.0", 
        "total_supply": "100000000000", 
        "max_supply": null, 
        "percent_change_1h": "0.52", 
        "percent_change_24h": "3.83", 
        "percent_change_7d": "7.37", 
        "last_updated": "1523406553"
    }, 
    {
        "id": "dash", 
        "name": "Dash", 
        "symbol": "DASH", 
        "rank": "13", 
        "price_usd": "299.143", 
        "price_btc": "0.0437887", 
        "24h_volume_usd": "70921400.0", 
        "market_cap_usd": "2394034334.0", 
        "available_supply": "8002976.0", 
        "total_supply": "8002976.0", 
        "max_supply": "18900000.0", 
        "percent_change_1h": "0.79", 
        "percent_change_24h": "0.44", 
        "percent_change_7d": "-11.33", 
        "last_updated": "1523406541"
    }, 
    {
        "id": "tether", 
        "name": "Tether", 
        "symbol": "USDT", 
        "rank": "14", 
        "price_usd": "0.996979", 
        "price_btc": "0.00014594", 
        "24h_volume_usd": "1252010000.0", 
        "market_cap_usd": "2280231361.0", 
        "available_supply": "2287140814.0", 
        "total_supply": "2580109970.0", 
        "max_supply": null, 
        "percent_change_1h": "-0.18", 
        "percent_change_24h": "-0.19", 
        "percent_change_7d": "-0.45", 
        "last_updated": "1523406546"
    }, 
    {
        "id": "nem", 
        "name": "NEM", 
        "symbol": "XEM", 
        "rank": "15", 
        "price_usd": "0.23547", 
        "price_btc": "0.00003447", 
        "24h_volume_usd": "12723000.0", 
        "market_cap_usd": "2119230000.0", 
        "available_supply": "8999999999.0", 
        "total_supply": "8999999999.0", 
        "max_supply": null, 
        "percent_change_1h": "0.65", 
        "percent_change_24h": "2.89", 
        "percent_change_7d": "-6.99", 
        "last_updated": "1523406544"
    }, 
    {
        "id": "vechain", 
        "name": "VeChain", 
        "symbol": "VEN", 
        "rank": "16", 
        "price_usd": "2.73909", 
        "price_btc": "0.00040095", 
        "24h_volume_usd": "66745700.0", 
        "market_cap_usd": "1437393643.0", 
        "available_supply": "524770505.0", 
        "total_supply": "873378637.0", 
        "max_supply": null, 
        "percent_change_1h": "2.23", 
        "percent_change_24h": "7.31", 
        "percent_change_7d": "-3.9", 
        "last_updated": "1523406552"
    }, 
    {
        "id": "binance-coin", 
        "name": "Binance Coin", 
        "symbol": "BNB", 
        "rank": "17", 
        "price_usd": "12.0315", 
        "price_btc": "0.00176117", 
        "24h_volume_usd": "87255700.0", 
        "market_cap_usd": "1398801490.0", 
        "available_supply": "116261604.0", 
        "total_supply": "197192382.0", 
        "max_supply": null, 
        "percent_change_1h": "0.93", 
        "percent_change_24h": "1.44", 
        "percent_change_7d": "-8.68", 
        "last_updated": "1523406552"
    }, 
    {
        "id": "ethereum-classic", 
        "name": "Ethereum Classic", 
        "symbol": "ETC", 
        "rank": "18", 
        "price_usd": "13.6524", 
        "price_btc": "0.00199844", 
        "24h_volume_usd": "73377400.0", 
        "market_cap_usd": "1380131819.0", 
        "available_supply": "101090784.0", 
        "total_supply": "101090784.0", 
        "max_supply": null, 
        "percent_change_1h": "0.32", 
        "percent_change_24h": "0.56", 
        "percent_change_7d": "-8.75", 
        "last_updated": "1523406547"
    }, 
    {
        "id": "verge", 
        "name": "Verge", 
        "symbol": "XVG", 
        "rank": "19", 
        "price_usd": "0.0846056", 
        "price_btc": "0.00001238", 
        "24h_volume_usd": "445805000.0", 
        "market_cap_usd": "1257242455.0", 
        "available_supply": "14860038286.0", 
        "total_supply": "14860038286.0", 
        "max_supply": "16555000000.0", 
        "percent_change_1h": "-0.6", 
        "percent_change_24h": "10.03", 
        "percent_change_7d": "23.28", 
        "last_updated": "1523406543"
    }, 
    {
        "id": "qtum", 
        "name": "Qtum", 
        "symbol": "QTUM", 
        "rank": "20", 
        "price_usd": "13.4782", 
        "price_btc": "0.00197295", 
        "24h_volume_usd": "89114400.0", 
        "market_cap_usd": "1193005890.0", 
        "available_supply": "88513740.0", 
        "total_supply": "100513740.0", 
        "max_supply": null, 
        "percent_change_1h": "0.29", 
        "percent_change_24h": "0.52", 
        "percent_change_7d": "-9.89", 
        "last_updated": "1523406551"
    }, 
    {
        "id": "ontology", 
        "name": "Ontology", 
        "symbol": "ONT", 
        "rank": "21", 
        "price_usd": "4.61352", 
        "price_btc": "0.00067533", 
        "24h_volume_usd": "163757000.0", 
        "market_cap_usd": "1112949191.0", 
        "available_supply": "241236451.0", 
        "total_supply": "1000000000.0", 
        "max_supply": null, 
        "percent_change_1h": "-0.53", 
        "percent_change_24h": "27.67", 
        "percent_change_7d": "100.24", 
        "last_updated": "1523406561"
    }, 
    {
        "id": "omisego", 
        "name": "OmiseGO", 
        "symbol": "OMG", 
        "rank": "22", 
        "price_usd": "9.26557", 
        "price_btc": "0.0013563", 
        "24h_volume_usd": "27577900.0", 
        "market_cap_usd": "945482406.0", 
        "available_supply": "102042552.0", 
        "total_supply": "140245398.0", 
        "max_supply": null, 
        "percent_change_1h": "0.73", 
        "percent_change_24h": "2.16", 
        "percent_change_7d": "-1.43", 
        "last_updated": "1523406553"
    }, 
    {
        "id": "lisk", 
        "name": "Lisk", 
        "symbol": "LSK", 
        "rank": "23", 
        "price_usd": "8.54057", 
        "price_btc": "0.00125017", 
        "24h_volume_usd": "14246400.0", 
        "market_cap_usd": "885836385.0", 
        "available_supply": "103720991.0", 
        "total_supply": "119971508.0", 
        "max_supply": null, 
        "percent_change_1h": "0.95", 
        "percent_change_24h": "-0.34", 
        "percent_change_7d": "-11.2", 
        "last_updated": "1523406547"
    }, 
    {
        "id": "icon", 
        "name": "ICON", 
        "symbol": "ICX", 
        "rank": "24", 
        "price_usd": "2.1126", 
        "price_btc": "0.00030924", 
        "24h_volume_usd": "45724300.0", 
        "market_cap_usd": "817663363.0", 
        "available_supply": "387041258.0", 
        "total_supply": "400228750.0", 
        "max_supply": null, 
        "percent_change_1h": "0.29", 
        "percent_change_24h": "5.42", 
        "percent_change_7d": "-6.61", 
        "last_updated": "1523406555"
    }, 
    {
        "id": "bitcoin-gold", 
        "name": "Bitcoin Gold", 
        "symbol": "BTG", 
        "rank": "25", 
        "price_usd": "40.9125", 
        "price_btc": "0.0059888", 
        "24h_volume_usd": "7617060.0", 
        "market_cap_usd": "692878700.0", 
        "available_supply": "16935624.0", 
        "total_supply": "17035624.0", 
        "max_supply": "21000000.0", 
        "percent_change_1h": "0.59", 
        "percent_change_24h": "-0.38", 
        "percent_change_7d": "-11.61", 
        "last_updated": "1523406555"
    }, 
    {
        "id": "zcash", 
        "name": "Zcash", 
        "symbol": "ZEC", 
        "rank": "26", 
        "price_usd": "180.614", 
        "price_btc": "0.0264383", 
        "24h_volume_usd": "33400400.0", 
        "market_cap_usd": "663588253.0", 
        "available_supply": "3674069.0", 
        "total_supply": "3674069.0", 
        "max_supply": null, 
        "percent_change_1h": "1.01", 
        "percent_change_24h": "1.8", 
        "percent_change_7d": "-11.45", 
        "last_updated": "1523406548"
    }, 
    {
        "id": "nano", 
        "name": "Nano", 
        "symbol": "NANO", 
        "rank": "27", 
        "price_usd": "4.83967", 
        "price_btc": "0.00070843", 
        "24h_volume_usd": "6697400.0", 
        "market_cap_usd": "644877748.0", 
        "available_supply": "133248289.0", 
        "total_supply": "133248289.0", 
        "max_supply": "133248290.0", 
        "percent_change_1h": "0.55", 
        "percent_change_24h": "0.15", 
        "percent_change_7d": "-18.64", 
        "last_updated": "1523406549"
    }, 
    {
        "id": "bytom", 
        "name": "Bytom", 
        "symbol": "BTM", 
        "rank": "28", 
        "price_usd": "0.600406", 
        "price_btc": "0.00008789", 
        "24h_volume_usd": "24420900.0", 
        "market_cap_usd": "592600722.0", 
        "available_supply": "987000000.0", 
        "total_supply": "1407000000.0", 
        "max_supply": null, 
        "percent_change_1h": "2.26", 
        "percent_change_24h": "14.37", 
        "percent_change_7d": "23.37", 
        "last_updated": "1523406552"
    }, 
    {
        "id": "wanchain", 
        "name": "Wanchain", 
        "symbol": "WAN", 
        "rank": "29", 
        "price_usd": "4.544", 
        "price_btc": "0.00066515", 
        "24h_volume_usd": "28848200.0", 
        "market_cap_usd": "482356927.0", 
        "available_supply": "106152493.0", 
        "total_supply": "210000000.0", 
        "max_supply": null, 
        "percent_change_1h": "2.71", 
        "percent_change_24h": "23.4", 
        "percent_change_7d": "32.31", 
        "last_updated": "1523406562"
    }, 
    {
        "id": "steem", 
        "name": "Steem", 
        "symbol": "STEEM", 
        "rank": "30", 
        "price_usd": "1.83478", 
        "price_btc": "0.00026858", 
        "24h_volume_usd": "2087430.0", 
        "market_cap_usd": "469985968.0", 
        "available_supply": "256153854.0", 
        "total_supply": "273127948.0", 
        "max_supply": null, 
        "percent_change_1h": "0.15", 
        "percent_change_24h": "0.98", 
        "percent_change_7d": "-10.18", 
        "last_updated": "1523406546"
    }, 
    {
        "id": "bytecoin-bcn", 
        "name": "Bytecoin", 
        "symbol": "BCN", 
        "rank": "31", 
        "price_usd": "0.00237553", 
        "price_btc": "0.00000035", 
        "24h_volume_usd": "4495510.0", 
        "market_cap_usd": "436695938.0", 
        "available_supply": "183830950665", 
        "total_supply": "183830950665", 
        "max_supply": "184470000000", 
        "percent_change_1h": "2.72", 
        "percent_change_24h": "11.69", 
        "percent_change_7d": "2.92", 
        "last_updated": "1523406543"
    }, 
    {
        "id": "populous", 
        "name": "Populous", 
        "symbol": "PPT", 
        "rank": "32", 
        "price_usd": "11.7506", 
        "price_btc": "0.00172006", 
        "24h_volume_usd": "1207610.0", 
        "market_cap_usd": "434819518.0", 
        "available_supply": "37004027.0", 
        "total_supply": "53252246.0", 
        "max_supply": "53252246.0", 
        "percent_change_1h": "0.36", 
        "percent_change_24h": "1.11", 
        "percent_change_7d": "-10.06", 
        "last_updated": "1523406553"
    }, 
    {
        "id": "digixdao", 
        "name": "DigixDAO", 
        "symbol": "DGD", 
        "rank": "33", 
        "price_usd": "207.898", 
        "price_btc": "0.0304323", 
        "24h_volume_usd": "10786900.0", 
        "market_cap_usd": "415796000.0", 
        "available_supply": "2000000.0", 
        "total_supply": "2000000.0", 
        "max_supply": null, 
        "percent_change_1h": "-0.25", 
        "percent_change_24h": "-0.14", 
        "percent_change_7d": "-11.14", 
        "last_updated": "1523406547"
    }, 
    {
        "id": "siacoin", 
        "name": "Siacoin", 
        "symbol": "SC", 
        "rank": "34", 
        "price_usd": "0.0114089", 
        "price_btc": "0.00000167", 
        "24h_volume_usd": "8777120.0", 
        "market_cap_usd": "384489297.0", 
        "available_supply": "33700821044.0", 
        "total_supply": "33700821044.0", 
        "max_supply": null, 
        "percent_change_1h": "-0.33", 
        "percent_change_24h": "5.38", 
        "percent_change_7d": "-4.32", 
        "last_updated": "1523406546"
    }, 
    {
        "id": "bitcoin-diamond", 
        "name": "Bitcoin Diamond", 
        "symbol": "BCD", 
        "rank": "35", 
        "price_usd": "2.49225", 
        "price_btc": "0.00036482", 
        "24h_volume_usd": "1663330.0", 
        "market_cap_usd": "381389018.0", 
        "available_supply": "153030000.0", 
        "total_supply": "156030000.0", 
        "max_supply": "210000000.0", 
        "percent_change_1h": "-0.91", 
        "percent_change_24h": "3.95", 
        "percent_change_7d": "11.44", 
        "last_updated": "1523406557"
    }, 
    {
        "id": "stratis", 
        "name": "Stratis", 
        "symbol": "STRAT", 
        "rank": "36", 
        "price_usd": "3.80686", 
        "price_btc": "0.00055725", 
        "24h_volume_usd": "6117180.0", 
        "market_cap_usd": "376162648.0", 
        "available_supply": "98811789.0", 
        "total_supply": "98811789.0", 
        "max_supply": null, 
        "percent_change_1h": "2.51", 
        "percent_change_24h": "6.89", 
        "percent_change_7d": "-4.23", 
        "last_updated": "1523406547"
    }, 
    {
        "id": "bitshares", 
        "name": "BitShares", 
        "symbol": "BTS", 
        "rank": "37", 
        "price_usd": "0.141794", 
        "price_btc": "0.00002076", 
        "24h_volume_usd": "6359900.0", 
        "market_cap_usd": "370751608.0", 
        "available_supply": "2614720000.0", 
        "total_supply": "2614720000.0", 
        "max_supply": "3600570502.0", 
        "percent_change_1h": "-0.4", 
        "percent_change_24h": "2.45", 
        "percent_change_7d": "-5.54", 
        "last_updated": "1523406543"
    }, 
    {
        "id": "decred", 
        "name": "Decred", 
        "symbol": "DCR", 
        "rank": "38", 
        "price_usd": "51.1148", 
        "price_btc": "0.0074822", 
        "24h_volume_usd": "18487700.0", 
        "market_cap_usd": "363064418.0", 
        "available_supply": "7102922.0", 
        "total_supply": "7522922.0", 
        "max_supply": "21000000.0", 
        "percent_change_1h": "0.74", 
        "percent_change_24h": "5.96", 
        "percent_change_7d": "9.77", 
        "last_updated": "1523406546"
    }, 
    {
        "id": "waves", 
        "name": "Waves", 
        "symbol": "WAVES", 
        "rank": "39", 
        "price_usd": "3.61684", 
        "price_btc": "0.00052943", 
        "24h_volume_usd": "16435100.0", 
        "market_cap_usd": "361684000.0", 
        "available_supply": "100000000.0", 
        "total_supply": "100000000.0", 
        "max_supply": null, 
        "percent_change_1h": "0.41", 
        "percent_change_24h": "4.34", 
        "percent_change_7d": "-9.62", 
        "last_updated": "1523406547"
    }, 
    {
        "id": "rchain", 
        "name": "RChain", 
        "symbol": "RHOC", 
        "rank": "40", 
        "price_usd": "0.995886", 
        "price_btc": "0.00014578", 
        "24h_volume_usd": "1885390.0", 
        "market_cap_usd": "358139991.0", 
        "available_supply": "359619465.0", 
        "total_supply": "870663574.0", 
        "max_supply": "1000000000.0", 
        "percent_change_1h": "-1.87", 
        "percent_change_24h": "3.28", 
        "percent_change_7d": "0.81", 
        "last_updated": "1523406555"
    }, 
    {
        "id": "maker", 
        "name": "Maker", 
        "symbol": "MKR", 
        "rank": "41", 
        "price_usd": "563.144", 
        "price_btc": "0.0824333", 
        "24h_volume_usd": "243852.0", 
        "market_cap_usd": "348151259.0", 
        "available_supply": "618228.0", 
        "total_supply": "1000000.0", 
        "max_supply": null, 
        "percent_change_1h": "-0.16", 
        "percent_change_24h": "6.46", 
        "percent_change_7d": "7.49", 
        "last_updated": "1523406548"
    }, 
    {
        "id": "dogecoin", 
        "name": "Dogecoin", 
        "symbol": "DOGE", 
        "rank": "42", 
        "price_usd": "0.00304107", 
        "price_btc": "0.00000045", 
        "24h_volume_usd": "10155200.0", 
        "market_cap_usd": "346566318.0", 
        "available_supply": "113961966538", 
        "total_supply": "113961966538", 
        "max_supply": null, 
        "percent_change_1h": "0.71", 
        "percent_change_24h": "10.41", 
        "percent_change_7d": "2.36", 
        "last_updated": "1523406541"
    }, 
    {
        "id": "aeternity", 
        "name": "Aeternity", 
        "symbol": "AE", 
        "rank": "43", 
        "price_usd": "1.35981", 
        "price_btc": "0.00019905", 
        "24h_volume_usd": "3882690.0", 
        "market_cap_usd": "316863568.0", 
        "available_supply": "233020472.0", 
        "total_supply": "273685830.0", 
        "max_supply": null, 
        "percent_change_1h": "0.78", 
        "percent_change_24h": "3.3", 
        "percent_change_7d": "-8.99", 
        "last_updated": "1523406551"
    }, 
    {
        "id": "status", 
        "name": "Status", 
        "symbol": "SNT", 
        "rank": "44", 
        "price_usd": "0.0894983", 
        "price_btc": "0.00001310", 
        "24h_volume_usd": "18261500.0", 
        "market_cap_usd": "310602399.0", 
        "available_supply": "3470483788.0", 
        "total_supply": "6804870174.0", 
        "max_supply": null, 
        "percent_change_1h": "0.63", 
        "percent_change_24h": "1.96", 
        "percent_change_7d": "-13.65", 
        "last_updated": "1523406552"
    }, 
    {
        "id": "0x", 
        "name": "0x", 
        "symbol": "ZRX", 
        "rank": "45", 
        "price_usd": "0.561072", 
        "price_btc": "0.00008213", 
        "24h_volume_usd": "4570920.0", 
        "market_cap_usd": "293282906.0", 
        "available_supply": "522718841.0", 
        "total_supply": "1000000000.0", 
        "max_supply": null, 
        "percent_change_1h": "0.48", 
        "percent_change_24h": "3.89", 
        "percent_change_7d": "-5.48", 
        "last_updated": "1523406552"
    }, 
    {
        "id": "zilliqa", 
        "name": "Zilliqa", 
        "symbol": "ZIL", 
        "rank": "46", 
        "price_usd": "0.0400704", 
        "price_btc": "0.00000587", 
        "24h_volume_usd": "14870400.0", 
        "market_cap_usd": "286424749.0", 
        "available_supply": "7148038186.0", 
        "total_supply": "12600000000.0", 
        "max_supply": null, 
        "percent_change_1h": "0.23", 
        "percent_change_24h": "2.88", 
        "percent_change_7d": "-11.5", 
        "last_updated": "1523406560"
    }, 
    {
        "id": "komodo", 
        "name": "Komodo", 
        "symbol": "KMD", 
        "rank": "47", 
        "price_usd": "2.62515", 
        "price_btc": "0.00038427", 
        "24h_volume_usd": "2359540.0", 
        "market_cap_usd": "273117452.0", 
        "available_supply": "104038798.0", 
        "total_supply": "104038798.0", 
        "max_supply": null, 
        "percent_change_1h": "-0.26", 
        "percent_change_24h": "4.59", 
        "percent_change_7d": "-9.49", 
        "last_updated": "1523406549"
    }, 
    {
        "id": "augur", 
        "name": "Augur", 
        "symbol": "REP", 
        "rank": "48", 
        "price_usd": "24.7817", 
        "price_btc": "0.00362756", 
        "24h_volume_usd": "2234330.0", 
        "market_cap_usd": "272598700.0", 
        "available_supply": "11000000.0", 
        "total_supply": "11000000.0", 
        "max_supply": null, 
        "percent_change_1h": "0.72", 
        "percent_change_24h": "1.54", 
        "percent_change_7d": "-7.63", 
        "last_updated": "1523406545"
    }, 
    {
        "id": "ardor", 
        "name": "Ardor", 
        "symbol": "ARDR", 
        "rank": "49", 
        "price_usd": "0.253718", 
        "price_btc": "0.00003714", 
        "24h_volume_usd": "2388940.0", 
        "market_cap_usd": "253464154.0", 
        "available_supply": "998999495.0", 
        "total_supply": "998999495.0", 
        "max_supply": "998999495.0", 
        "percent_change_1h": "0.44", 
        "percent_change_24h": "4.15", 
        "percent_change_7d": "-15.68", 
        "last_updated": "1523406548"
    }, 
    {
        "id": "iostoken", 
        "name": "IOStoken", 
        "symbol": "IOST", 
        "rank": "50", 
        "price_usd": "0.0291286", 
        "price_btc": "0.00000426", 
        "24h_volume_usd": "45954100.0", 
        "market_cap_usd": "244680240.0", 
        "available_supply": "8400000000.0", 
        "total_supply": "21000000000.0", 
        "max_supply": null, 
        "percent_change_1h": "0.74", 
        "percent_change_24h": "-2.53", 
        "percent_change_7d": "11.41", 
        "last_updated": "1523406559"
    }, 
    {
        "id": "aion", 
        "name": "Aion", 
        "symbol": "AION", 
        "rank": "51", 
        "price_usd": "2.07021", 
        "price_btc": "0.00030304", 
        "24h_volume_usd": "10905600.0", 
        "market_cap_usd": "238736350.0", 
        "available_supply": "115319871.0", 
        "total_supply": "465934587.0", 
        "max_supply": null, 
        "percent_change_1h": "-2.25", 
        "percent_change_24h": "-0.3", 
        "percent_change_7d": "-5.56", 
        "last_updated": "1523406555"
    }, 
    {
        "id": "loopring", 
        "name": "Loopring", 
        "symbol": "LRC", 
        "rank": "52", 
        "price_usd": "0.414051", 
        "price_btc": "0.00006061", 
        "24h_volume_usd": "4735550.0", 
        "market_cap_usd": "236867830.0", 
        "available_supply": "572074043.0", 
        "total_supply": "1374956262.0", 
        "max_supply": null, 
        "percent_change_1h": "-1.0", 
        "percent_change_24h": "1.54", 
        "percent_change_7d": "4.03", 
        "last_updated": "1523406553"
    }, 
    {
        "id": "golem-network-tokens", 
        "name": "Golem", 
        "symbol": "GNT", 
        "rank": "53", 
        "price_usd": "0.278876", 
        "price_btc": "0.00004082", 
        "24h_volume_usd": "41873600.0", 
        "market_cap_usd": "232655650.0", 
        "available_supply": "834262000.0", 
        "total_supply": "1000000000.0", 
        "max_supply": null, 
        "percent_change_1h": "0.41", 
        "percent_change_24h": "13.82", 
        "percent_change_7d": "28.71", 
        "last_updated": "1523406548"
    }, 
    {
        "id": "kucoin-shares", 
        "name": "KuCoin Shares", 
        "symbol": "KCS", 
        "rank": "54", 
        "price_usd": "2.46768", 
        "price_btc": "0.00036122", 
        "24h_volume_usd": "293138.0", 
        "market_cap_usd": "224665178.0", 
        "available_supply": "91043076.0", 
        "total_supply": "181043076.0", 
        "max_supply": null, 
        "percent_change_1h": "0.53", 
        "percent_change_24h": "4.72", 
        "percent_change_7d": "0.73", 
        "last_updated": "1523406555"
    }, 
    {
        "id": "ark", 
        "name": "Ark", 
        "symbol": "ARK", 
        "rank": "55", 
        "price_usd": "2.19464", 
        "price_btc": "0.00032125", 
        "24h_volume_usd": "1968740.0", 
        "market_cap_usd": "223451187.0", 
        "available_supply": "101816784.0", 
        "total_supply": "133066784.0", 
        "max_supply": null, 
        "percent_change_1h": "0.75", 
        "percent_change_24h": "5.91", 
        "percent_change_7d": "-5.9", 
        "last_updated": "1523406549"
    }, 
    {
        "id": "hshare", 
        "name": "Hshare", 
        "symbol": "HSR", 
        "rank": "56", 
        "price_usd": "5.20076", 
        "price_btc": "0.00076129", 
        "24h_volume_usd": "13916900.0", 
        "market_cap_usd": "222838275.0", 
        "available_supply": "42847252.0", 
        "total_supply": "42847252.0", 
        "max_supply": "84000000.0", 
        "percent_change_1h": "0.13", 
        "percent_change_24h": "0.14", 
        "percent_change_7d": "-9.05", 
        "last_updated": "1523406553"
    }, 
    {
        "id": "pivx", 
        "name": "PIVX", 
        "symbol": "PIVX", 
        "rank": "57", 
        "price_usd": "3.8784", 
        "price_btc": "0.00056772", 
        "24h_volume_usd": "1452470.0", 
        "market_cap_usd": "216999119.0", 
        "available_supply": "55950680.0", 
        "total_supply": "55950680.0", 
        "max_supply": null, 
        "percent_change_1h": "0.1", 
        "percent_change_24h": "0.07", 
        "percent_change_7d": "-6.51", 
        "last_updated": "1523406546"
    }, 
    {
        "id": "waltonchain", 
        "name": "Waltonchain", 
        "symbol": "WTC", 
        "rank": "58", 
        "price_usd": "8.67758", 
        "price_btc": "0.00127023", 
        "24h_volume_usd": "1883230.0", 
        "market_cap_usd": "216055931.0", 
        "available_supply": "24898178.0", 
        "total_supply": "70000000.0", 
        "max_supply": "100000000.0", 
        "percent_change_1h": "1.04", 
        "percent_change_24h": "3.59", 
        "percent_change_7d": "-17.26", 
        "last_updated": "1523406552"
    }, 
    {
        "id": "cryptonex", 
        "name": "Cryptonex", 
        "symbol": "CNX", 
        "rank": "59", 
        "price_usd": "4.63974", 
        "price_btc": "0.00067917", 
        "24h_volume_usd": "1208590.0", 
        "market_cap_usd": "209749542.0", 
        "available_supply": "45207176.0", 
        "total_supply": "106644801.0", 
        "max_supply": "210000000.0", 
        "percent_change_1h": "-1.5", 
        "percent_change_24h": "-1.77", 
        "percent_change_7d": "-9.07", 
        "last_updated": "1523406554"
    }, 
    {
        "id": "digibyte", 
        "name": "DigiByte", 
        "symbol": "DGB", 
        "rank": "60", 
        "price_usd": "0.0201363", 
        "price_btc": "0.00000295", 
        "24h_volume_usd": "3024360.0", 
        "market_cap_usd": "203325922.0", 
        "available_supply": "10097481758.0", 
        "total_supply": "10097481758.0", 
        "max_supply": "21000000000.0", 
        "percent_change_1h": "0.34", 
        "percent_change_24h": "10.33", 
        "percent_change_7d": "-0.08", 
        "last_updated": "1523406541"
    }, 
    {
        "id": "aelf", 
        "name": "aelf", 
        "symbol": "ELF", 
        "rank": "61", 
        "price_usd": "0.809055", 
        "price_btc": "0.00011843", 
        "24h_volume_usd": "88216200.0", 
        "market_cap_usd": "202263750.0", 
        "available_supply": "250000000.0", 
        "total_supply": "280000000.0", 
        "max_supply": "1000000000.0", 
        "percent_change_1h": "2.04", 
        "percent_change_24h": "37.56", 
        "percent_change_7d": "42.48", 
        "last_updated": "1523406558"
    }, 
    {
        "id": "basic-attention-token", 
        "name": "Basic Attention Token", 
        "symbol": "BAT", 
        "rank": "62", 
        "price_usd": "0.199212", 
        "price_btc": "0.00002916", 
        "24h_volume_usd": "5168800.0", 
        "market_cap_usd": "199212000.0", 
        "available_supply": "1000000000.0", 
        "total_supply": "1500000000.0", 
        "max_supply": null, 
        "percent_change_1h": "1.66", 
        "percent_change_24h": "6.54", 
        "percent_change_7d": "-5.39", 
        "last_updated": "1523406550"
    }, 
    {
        "id": "centrality", 
        "name": "Centrality", 
        "symbol": "CENNZ", 
        "rank": "63", 
        "price_usd": "0.295805", 
        "price_btc": "0.00004330", 
        "24h_volume_usd": "109717.0", 
        "market_cap_usd": "194928761.0", 
        "available_supply": "658977236.0", 
        "total_supply": "1200000000.0", 
        "max_supply": null, 
        "percent_change_1h": "-0.22", 
        "percent_change_24h": "3.69", 
        "percent_change_7d": "-16.1", 
        "last_updated": "1523406562"
    }, 
    {
        "id": "monacoin", 
        "name": "MonaCoin", 
        "symbol": "MONA", 
        "rank": "64", 
        "price_usd": "3.26944", 
        "price_btc": "0.00047858", 
        "24h_volume_usd": "872806.0", 
        "market_cap_usd": "191869129.0", 
        "available_supply": "58685625.0", 
        "total_supply": "58685625.0", 
        "max_supply": null, 
        "percent_change_1h": "0.45", 
        "percent_change_24h": "0.96", 
        "percent_change_7d": "-7.73", 
        "last_updated": "1523406542"
    }, 
    {
        "id": "qash", 
        "name": "QASH", 
        "symbol": "QASH", 
        "rank": "65", 
        "price_usd": "0.527091", 
        "price_btc": "0.00007716", 
        "24h_volume_usd": "3701520.0", 
        "market_cap_usd": "184481850.0", 
        "available_supply": "350000000.0", 
        "total_supply": "1000000000.0", 
        "max_supply": null, 
        "percent_change_1h": "0.0", 
        "percent_change_24h": "-0.41", 
        "percent_change_7d": "-15.02", 
        "last_updated": "1523406557"
    }, 
    {
        "id": "veritaseum", 
        "name": "Veritaseum", 
        "symbol": "VERI", 
        "rank": "66", 
        "price_usd": "89.9026", 
        "price_btc": "0.01316", 
        "24h_volume_usd": "347598.0", 
        "market_cap_usd": "183099720.0", 
        "available_supply": "2036645.0", 
        "total_supply": "100000000.0", 
        "max_supply": null, 
        "percent_change_1h": "0.04", 
        "percent_change_24h": "-1.98", 
        "percent_change_7d": "-26.39", 
        "last_updated": "1523406550"
    }, 
    {
        "id": "factom", 
        "name": "Factom", 
        "symbol": "FCT", 
        "rank": "67", 
        "price_usd": "20.3554", 
        "price_btc": "0.00297964", 
        "24h_volume_usd": "477542.0", 
        "market_cap_usd": "178010049.0", 
        "available_supply": "8745102.0", 
        "total_supply": "8745102.0", 
        "max_supply": null, 
        "percent_change_1h": "0.42", 
        "percent_change_24h": "3.35", 
        "percent_change_7d": "-5.25", 
        "last_updated": "1523406545"
    }, 
    {
        "id": "dragonchain", 
        "name": "Dragonchain", 
        "symbol": "DRGN", 
        "rank": "68", 
        "price_usd": "0.711089", 
        "price_btc": "0.00010409", 
        "24h_volume_usd": "1206710.0", 
        "market_cap_usd": "169539219.0", 
        "available_supply": "238421940.0", 
        "total_supply": "433494437.0", 
        "max_supply": null, 
        "percent_change_1h": "-0.59", 
        "percent_change_24h": "0.09", 
        "percent_change_7d": "-3.22", 
        "last_updated": "1523406557"
    }, 
    {
        "id": "elastos", 
        "name": "Elastos", 
        "symbol": "ELA", 
        "rank": "69", 
        "price_usd": "33.3759", 
        "price_btc": "0.00488558", 
        "24h_volume_usd": "13283000.0", 
        "market_cap_usd": "165710509.0", 
        "available_supply": "4964975.0", 
        "total_supply": "33379033.0", 
        "max_supply": null, 
        "percent_change_1h": "0.76", 
        "percent_change_24h": "1.82", 
        "percent_change_7d": "21.06", 
        "last_updated": "1523406560"
    }, 
    {
        "id": "nebulas-token", 
        "name": "Nebulas", 
        "symbol": "NAS", 
        "rank": "70", 
        "price_usd": "4.57333", 
        "price_btc": "0.00066945", 
        "24h_volume_usd": "7953730.0", 
        "market_cap_usd": "162353215.0", 
        "available_supply": "35500000.0", 
        "total_supply": "100000000.0", 
        "max_supply": "100000000.0", 
        "percent_change_1h": "-0.34", 
        "percent_change_24h": "3.65", 
        "percent_change_7d": "-6.15", 
        "last_updated": "1523406553"
    }, 
    {
        "id": "gas", 
        "name": "Gas", 
        "symbol": "GAS", 
        "rank": "71", 
        "price_usd": "15.4253", 
        "price_btc": "0.00225796", 
        "24h_volume_usd": "4165090.0", 
        "market_cap_usd": "155206594.0", 
        "available_supply": "10061820.0", 
        "total_supply": "16914970.0", 
        "max_supply": "100000000.0", 
        "percent_change_1h": "0.42", 
        "percent_change_24h": "2.51", 
        "percent_change_7d": "-8.97", 
        "last_updated": "1523406551"
    }, 
    {
        "id": "substratum", 
        "name": "Substratum", 
        "symbol": "SUB", 
        "rank": "72", 
        "price_usd": "0.398991", 
        "price_btc": "0.00005840", 
        "24h_volume_usd": "5203170.0", 
        "market_cap_usd": "152821932.0", 
        "available_supply": "383021000.0", 
        "total_supply": "472000000.0", 
        "max_supply": null, 
        "percent_change_1h": "0.62", 
        "percent_change_24h": "5.21", 
        "percent_change_7d": "6.58", 
        "last_updated": "1523406553"
    }, 
    {
        "id": "ethos", 
        "name": "Ethos", 
        "symbol": "ETHOS", 
        "rank": "73", 
        "price_usd": "1.9862", 
        "price_btc": "0.00029074", 
        "24h_volume_usd": "3401320.0", 
        "market_cap_usd": "151739541.0", 
        "available_supply": "76396909.0", 
        "total_supply": "222295208.0", 
        "max_supply": null, 
        "percent_change_1h": "0.79", 
        "percent_change_24h": "2.55", 
        "percent_change_7d": "-8.89", 
        "last_updated": "1523406552"
    }, 
    {
        "id": "gxchain", 
        "name": "GXChain", 
        "symbol": "GXS", 
        "rank": "74", 
        "price_usd": "2.48641", 
        "price_btc": "0.00036396", 
        "24h_volume_usd": "13106300.0", 
        "market_cap_usd": "149184600.0", 
        "available_supply": "60000000.0", 
        "total_supply": "100000000.0", 
        "max_supply": "100000000.0", 
        "percent_change_1h": "0.49", 
        "percent_change_24h": "2.74", 
        "percent_change_7d": "-9.4", 
        "last_updated": "1523406551"
    }, 
    {
        "id": "syscoin", 
        "name": "Syscoin", 
        "symbol": "SYS", 
        "rank": "75", 
        "price_usd": "0.27712", 
        "price_btc": "0.00004057", 
        "24h_volume_usd": "1532460.0", 
        "market_cap_usd": "147485691.0", 
        "available_supply": "532208759.0", 
        "total_supply": "532208759.0", 
        "max_supply": "888000000.0", 
        "percent_change_1h": "-0.0", 
        "percent_change_24h": "2.77", 
        "percent_change_7d": "-7.89", 
        "last_updated": "1523406543"
    }, 
    {
        "id": "revain", 
        "name": "Revain", 
        "symbol": "R", 
        "rank": "76", 
        "price_usd": "0.77897", 
        "price_btc": "0.00011403", 
        "24h_volume_usd": "2934580.0", 
        "market_cap_usd": "143681017.0", 
        "available_supply": "184450000.0", 
        "total_supply": "484450000.0", 
        "max_supply": "484450000.0", 
        "percent_change_1h": "0.35", 
        "percent_change_24h": "0.51", 
        "percent_change_7d": "-4.39", 
        "last_updated": "1523406556"
    }, 
    {
        "id": "electroneum", 
        "name": "Electroneum", 
        "symbol": "ETN", 
        "rank": "77", 
        "price_usd": "0.0212234", 
        "price_btc": "0.00000311", 
        "24h_volume_usd": "700015.0", 
        "market_cap_usd": "141671190.0", 
        "available_supply": "6675235354.0", 
        "total_supply": "6675235354.0", 
        "max_supply": "21000000000.0", 
        "percent_change_1h": "0.43", 
        "percent_change_24h": "-0.23", 
        "percent_change_7d": "-5.23", 
        "last_updated": "1523406556"
    }, 
    {
        "id": "kyber-network", 
        "name": "Kyber Network", 
        "symbol": "KNC", 
        "rank": "78", 
        "price_usd": "1.04584", 
        "price_btc": "0.00015309", 
        "24h_volume_usd": "8564120.0", 
        "market_cap_usd": "140281340.0", 
        "available_supply": "134132697.0", 
        "total_supply": "215625349.0", 
        "max_supply": null, 
        "percent_change_1h": "0.95", 
        "percent_change_24h": "5.84", 
        "percent_change_7d": "1.09", 
        "last_updated": "1523406556"
    }, 
    {
        "id": "funfair", 
        "name": "FunFair", 
        "symbol": "FUN", 
        "rank": "79", 
        "price_usd": "0.0295383", 
        "price_btc": "0.00000432", 
        "24h_volume_usd": "685911.0", 
        "market_cap_usd": "139523368.0", 
        "available_supply": "4723473189.0", 
        "total_supply": "10999873621.0", 
        "max_supply": null, 
        "percent_change_1h": "0.85", 
        "percent_change_24h": "2.37", 
        "percent_change_7d": "-8.35", 
        "last_updated": "1523406551"
    }, 
    {
        "id": "skycoin", 
        "name": "Skycoin", 
        "symbol": "SKY", 
        "rank": "80", 
        "price_usd": "17.7927", 
        "price_btc": "0.00260451", 
        "24h_volume_usd": "7189870.0", 
        "market_cap_usd": "138555687.0", 
        "available_supply": "7787221.0", 
        "total_supply": "25000000.0", 
        "max_supply": "100000000.0", 
        "percent_change_1h": "0.55", 
        "percent_change_24h": "14.4", 
        "percent_change_7d": "30.59", 
        "last_updated": "1523406549"
    }, 
    {
        "id": "reddcoin", 
        "name": "ReddCoin", 
        "symbol": "RDD", 
        "rank": "81", 
        "price_usd": "0.00458861", 
        "price_btc": "0.00000067", 
        "24h_volume_usd": "6386860.0", 
        "market_cap_usd": "132191949.0", 
        "available_supply": "28808713174.0", 
        "total_supply": "28808713174.0", 
        "max_supply": null, 
        "percent_change_1h": "-0.17", 
        "percent_change_24h": "14.94", 
        "percent_change_7d": "0.58", 
        "last_updated": "1523406541"
    }, 
    {
        "id": "zcoin", 
        "name": "ZCoin", 
        "symbol": "XZC", 
        "rank": "82", 
        "price_usd": "28.5263", 
        "price_btc": "0.00417569", 
        "24h_volume_usd": "930903.0", 
        "market_cap_usd": "128420725.0", 
        "available_supply": "4501836.0", 
        "total_supply": "4501836.0", 
        "max_supply": "21400000.0", 
        "percent_change_1h": "0.33", 
        "percent_change_24h": "2.06", 
        "percent_change_7d": "-8.31", 
        "last_updated": "1523406548"
    }, 
    {
        "id": "maidsafecoin", 
        "name": "MaidSafeCoin", 
        "symbol": "MAID", 
        "rank": "83", 
        "price_usd": "0.281989", 
        "price_btc": "0.00004128", 
        "24h_volume_usd": "1094800.0", 
        "market_cap_usd": "127614802.0", 
        "available_supply": "452552412.0", 
        "total_supply": "452552412.0", 
        "max_supply": null, 
        "percent_change_1h": "1.96", 
        "percent_change_24h": "6.98", 
        "percent_change_7d": "4.02", 
        "last_updated": "1523406542"
    }, 
    {
        "id": "nxt", 
        "name": "Nxt", 
        "symbol": "NXT", 
        "rank": "84", 
        "price_usd": "0.127519", 
        "price_btc": "0.00001867", 
        "24h_volume_usd": "5613440.0", 
        "market_cap_usd": "127391474.0", 
        "available_supply": "998999942.0", 
        "total_supply": "998999942.0", 
        "max_supply": "1000000000.0", 
        "percent_change_1h": "0.26", 
        "percent_change_24h": "9.05", 
        "percent_change_7d": "0.2", 
        "last_updated": "1523406541"
    }, 
    {
        "id": "mixin", 
        "name": "Mixin", 
        "symbol": "XIN", 
        "rank": "85", 
        "price_usd": "308.725", 
        "price_btc": "0.0451913", 
        "24h_volume_usd": "1132970.0", 
        "market_cap_usd": "125390606.0", 
        "available_supply": "406156.0", 
        "total_supply": "1000000.0", 
        "max_supply": null, 
        "percent_change_1h": "-1.23", 
        "percent_change_24h": "-14.55", 
        "percent_change_7d": "33.56", 
        "last_updated": "1523406559"
    }, 
    {
        "id": "chainlink", 
        "name": "ChainLink", 
        "symbol": "LINK", 
        "rank": "86", 
        "price_usd": "0.358089", 
        "price_btc": "0.00005242", 
        "24h_volume_usd": "9415410.0", 
        "market_cap_usd": "125331150.0", 
        "available_supply": "350000000.0", 
        "total_supply": "1000000000.0", 
        "max_supply": null, 
        "percent_change_1h": "0.78", 
        "percent_change_24h": "13.87", 
        "percent_change_7d": "21.45", 
        "last_updated": "1523406553"
    }, 
    {
        "id": "byteball", 
        "name": "Byteball Bytes", 
        "symbol": "GBYTE", 
        "rank": "87", 
        "price_usd": "193.088", 
        "price_btc": "0.0282643", 
        "24h_volume_usd": "343458.0", 
        "market_cap_usd": "124584636.0", 
        "available_supply": "645222.0", 
        "total_supply": "1000000.0", 
        "max_supply": null, 
        "percent_change_1h": "-0.21", 
        "percent_change_24h": "5.44", 
        "percent_change_7d": "3.17", 
        "last_updated": "1523406548"
    }, 
    {
        "id": "salt", 
        "name": "SALT", 
        "symbol": "SALT", 
        "rank": "88", 
        "price_usd": "2.17284", 
        "price_btc": "0.00031806", 
        "24h_volume_usd": "13222100.0", 
        "market_cap_usd": "122473703.0", 
        "available_supply": "56365726.0", 
        "total_supply": "120000000.0", 
        "max_supply": null, 
        "percent_change_1h": "0.94", 
        "percent_change_24h": "4.9", 
        "percent_change_7d": "-1.5", 
        "last_updated": "1523406554"
    }, 
    {
        "id": "nucleus-vision", 
        "name": "Nucleus Vision", 
        "symbol": "NCASH", 
        "rank": "89", 
        "price_usd": "0.0296348", 
        "price_btc": "0.00000434", 
        "24h_volume_usd": "19822800.0", 
        "market_cap_usd": "118912457.0", 
        "available_supply": "4012595236.0", 
        "total_supply": "10000000000.0", 
        "max_supply": null, 
        "percent_change_1h": "1.07", 
        "percent_change_24h": "7.88", 
        "percent_change_7d": "6.35", 
        "last_updated": "1523406562"
    }, 
    {
        "id": "storm", 
        "name": "Storm", 
        "symbol": "STORM", 
        "rank": "90", 
        "price_usd": "0.0286859", 
        "price_btc": "0.00000420", 
        "24h_volume_usd": "15595500.0", 
        "market_cap_usd": "117292429.0", 
        "available_supply": "4088853037.0", 
        "total_supply": "10000000000.0", 
        "max_supply": null, 
        "percent_change_1h": "0.34", 
        "percent_change_24h": "1.41", 
        "percent_change_7d": "-11.06", 
        "last_updated": "1523406558"
    }, 
    {
        "id": "power-ledger", 
        "name": "Power Ledger", 
        "symbol": "POWR", 
        "rank": "91", 
        "price_usd": "0.30939", 
        "price_btc": "0.00004529", 
        "24h_volume_usd": "6585220.0", 
        "market_cap_usd": "112597214.0", 
        "available_supply": "363932947.0", 
        "total_supply": "1000000000.0", 
        "max_supply": null, 
        "percent_change_1h": "0.27", 
        "percent_change_24h": "3.46", 
        "percent_change_7d": "-11.85", 
        "last_updated": "1523406557"
    }, 
    {
        "id": "particl", 
        "name": "Particl", 
        "symbol": "PART", 
        "rank": "92", 
        "price_usd": "12.4649", 
        "price_btc": "0.00182462", 
        "24h_volume_usd": "2183350.0", 
        "market_cap_usd": "111325300.0", 
        "available_supply": "8931103.0", 
        "total_supply": "8931103.0", 
        "max_supply": null, 
        "percent_change_1h": "0.52", 
        "percent_change_24h": "3.3", 
        "percent_change_7d": "17.83", 
        "last_updated": "1523406551"
    }, 
    {
        "id": "bancor", 
        "name": "Bancor", 
        "symbol": "BNT", 
        "rank": "93", 
        "price_usd": "2.4401", 
        "price_btc": "0.00035718", 
        "24h_volume_usd": "5136640.0", 
        "market_cap_usd": "109893505.0", 
        "available_supply": "45036476.0", 
        "total_supply": "74711036.0", 
        "max_supply": null, 
        "percent_change_1h": "0.73", 
        "percent_change_24h": "5.78", 
        "percent_change_7d": "4.36", 
        "last_updated": "1523406551"
    }, 
    {
        "id": "wax", 
        "name": "WAX", 
        "symbol": "WAX", 
        "rank": "94", 
        "price_usd": "0.174651", 
        "price_btc": "0.00002557", 
        "24h_volume_usd": "4086100.0", 
        "market_cap_usd": "108110523.0", 
        "available_supply": "619008898.0", 
        "total_supply": "1850000000.0", 
        "max_supply": null, 
        "percent_change_1h": "-0.37", 
        "percent_change_24h": "7.01", 
        "percent_change_7d": "4.02", 
        "last_updated": "1523406558"
    }, 
    {
        "id": "enigma-project", 
        "name": "Enigma", 
        "symbol": "ENG", 
        "rank": "95", 
        "price_usd": "1.4438", 
        "price_btc": "0.00021134", 
        "24h_volume_usd": "5985240.0", 
        "market_cap_usd": "108048464.0", 
        "available_supply": "74836171.0", 
        "total_supply": "150000000.0", 
        "max_supply": null, 
        "percent_change_1h": "2.96", 
        "percent_change_24h": "6.55", 
        "percent_change_7d": "-4.24", 
        "last_updated": "1523406555"
    }, 
    {
        "id": "request-network", 
        "name": "Request Network", 
        "symbol": "REQ", 
        "rank": "96", 
        "price_usd": "0.159121", 
        "price_btc": "0.00002329", 
        "24h_volume_usd": "3053800.0", 
        "market_cap_usd": "105491063.0", 
        "available_supply": "662961287.0", 
        "total_supply": "999999783.0", 
        "max_supply": null, 
        "percent_change_1h": "0.95", 
        "percent_change_24h": "1.76", 
        "percent_change_7d": "-4.44", 
        "last_updated": "1523406555"
    }, 
    {
        "id": "neblio", 
        "name": "Neblio", 
        "symbol": "NEBL", 
        "rank": "97", 
        "price_usd": "7.92699", 
        "price_btc": "0.00116036", 
        "24h_volume_usd": "9285510.0", 
        "market_cap_usd": "102969029.0", 
        "available_supply": "12989676.0", 
        "total_supply": "13746611.0", 
        "max_supply": null, 
        "percent_change_1h": "1.48", 
        "percent_change_24h": "5.92", 
        "percent_change_7d": "-1.0", 
        "last_updated": "1523406555"
    }, 
    {
        "id": "dent", 
        "name": "Dent", 
        "symbol": "DENT", 
        "rank": "98", 
        "price_usd": "0.00967506", 
        "price_btc": "0.00000142", 
        "24h_volume_usd": "823937.0", 
        "market_cap_usd": "102698449.0", 
        "available_supply": "10614760961.0", 
        "total_supply": "100000000000", 
        "max_supply": null, 
        "percent_change_1h": "-0.63", 
        "percent_change_24h": "-1.77", 
        "percent_change_7d": "-15.68", 
        "last_updated": "1523406553"
    }, 
    {
        "id": "storj", 
        "name": "Storj", 
        "symbol": "STORJ", 
        "rank": "99", 
        "price_usd": "0.748063", 
        "price_btc": "0.0001095", 
        "24h_volume_usd": "8600750.0", 
        "market_cap_usd": "99810674.0", 
        "available_supply": "133425493.0", 
        "total_supply": "424999998.0", 
        "max_supply": null, 
        "percent_change_1h": "0.08", 
        "percent_change_24h": "1.89", 
        "percent_change_7d": "-10.84", 
        "last_updated": "1523406551"
    }, 
    {
        "id": "dentacoin", 
        "name": "Dentacoin", 
        "symbol": "DCN", 
        "rank": "100", 
        "price_usd": "0.000304366", 
        "price_btc": "0.00000004", 
        "24h_volume_usd": "83039.1", 
        "market_cap_usd": "98987923.0", 
        "available_supply": "325226613094", 
        "total_supply": "1963173416169", 
        "max_supply": "8000000000000", 
        "percent_change_1h": "0.16", 
        "percent_change_24h": "2.12", 
        "percent_change_7d": "-5.64", 
        "last_updated": "1523406554"
    }
]