[
    {
        "id": "bitcoin", 
        "name": "Bitcoin", 
        "symbol": "BTC", 
        "rank": "1", 
        "price_usd": "6809.96", 
        "price_btc": "1.0", 
        "24h_volume_usd": "4284550000.0", 
        "market_cap_usd": "115557530244", 
        "available_supply": "16968900.0", 
        "total_supply": "16968900.0", 
        "max_supply": "21000000.0", 
        "percent_change_1h": "-0.79", 
        "percent_change_24h": "0.82", 
        "percent_change_7d": "-8.34", 
        "last_updated": "1523402670"
    }, 
    {
        "id": "ethereum", 
        "name": "Ethereum", 
        "symbol": "ETH", 
        "rank": "2", 
        "price_usd": "411.397", 
        "price_btc": "0.0605286", 
        "24h_volume_usd": "1188940000.0", 
        "market_cap_usd": "40621863141.0", 
        "available_supply": "98741272.0", 
        "total_supply": "98741272.0", 
        "max_supply": null, 
        "percent_change_1h": "-0.73", 
        "percent_change_24h": "3.6", 
        "percent_change_7d": "-0.0", 
        "last_updated": "1523402656"
    }, 
    {
        "id": "ripple", 
        "name": "Ripple", 
        "symbol": "XRP", 
        "rank": "3", 
        "price_usd": "0.489713", 
        "price_btc": "0.00007205", 
        "24h_volume_usd": "155542000.0", 
        "market_cap_usd": "19145094978.0", 
        "available_supply": "39094520623.0", 
        "total_supply": "99992405149.0", 
        "max_supply": "100000000000", 
        "percent_change_1h": "-0.73", 
        "percent_change_24h": "0.09", 
        "percent_change_7d": "-10.23", 
        "last_updated": "1523402641"
    }, 
    {
        "id": "bitcoin-cash", 
        "name": "Bitcoin Cash", 
        "symbol": "BCH", 
        "rank": "4", 
        "price_usd": "647.428", 
        "price_btc": "0.0952557", 
        "24h_volume_usd": "224732000.0", 
        "market_cap_usd": "11049249034.0", 
        "available_supply": "17066375.0", 
        "total_supply": "17066375.0", 
        "max_supply": "21000000.0", 
        "percent_change_1h": "-0.69", 
        "percent_change_24h": "1.99", 
        "percent_change_7d": "-8.29", 
        "last_updated": "1523402654"
    }, 
    {
        "id": "litecoin", 
        "name": "Litecoin", 
        "symbol": "LTC", 
        "rank": "5", 
        "price_usd": "113.722", 
        "price_btc": "0.0167319", 
        "24h_volume_usd": "203209000.0", 
        "market_cap_usd": "6371461296.0", 
        "available_supply": "56026638.0", 
        "total_supply": "56026638.0", 
        "max_supply": "84000000.0", 
        "percent_change_1h": "-0.57", 
        "percent_change_24h": "-0.95", 
        "percent_change_7d": "-14.15", 
        "last_updated": "1523402641"
    }, 
    {
        "id": "eos", 
        "name": "EOS", 
        "symbol": "EOS", 
        "rank": "6", 
        "price_usd": "5.96821", 
        "price_btc": "0.0008781", 
        "24h_volume_usd": "224291000.0", 
        "market_cap_usd": "4683206690.0", 
        "available_supply": "784692008.0", 
        "total_supply": "900000000.0", 
        "max_supply": "1000000000.0", 
        "percent_change_1h": "-1.02", 
        "percent_change_24h": "1.94", 
        "percent_change_7d": "-1.64", 
        "last_updated": "1523402652"
    }, 
    {
        "id": "cardano", 
        "name": "Cardano", 
        "symbol": "ADA", 
        "rank": "7", 
        "price_usd": "0.155309", 
        "price_btc": "0.00002285", 
        "24h_volume_usd": "56572000.0", 
        "market_cap_usd": "4026707398.0", 
        "available_supply": "25927070538.0", 
        "total_supply": "31112483745.0", 
        "max_supply": "45000000000.0", 
        "percent_change_1h": "-1.31", 
        "percent_change_24h": "2.05", 
        "percent_change_7d": "-8.75", 
        "last_updated": "1523402655"
    }, 
    {
        "id": "stellar", 
        "name": "Stellar", 
        "symbol": "XLM", 
        "rank": "8", 
        "price_usd": "0.198231", 
        "price_btc": "0.00002917", 
        "24h_volume_usd": "26848700.0", 
        "market_cap_usd": "3677432208.0", 
        "available_supply": "18551246819.0", 
        "total_supply": "103847435165", 
        "max_supply": null, 
        "percent_change_1h": "-0.93", 
        "percent_change_24h": "0.98", 
        "percent_change_7d": "-14.74", 
        "last_updated": "1523402644"
    }, 
    {
        "id": "neo", 
        "name": "NEO", 
        "symbol": "NEO", 
        "rank": "9", 
        "price_usd": "51.8498", 
        "price_btc": "0.00762863", 
        "24h_volume_usd": "93023600.0", 
        "market_cap_usd": "3370237000.0", 
        "available_supply": "65000000.0", 
        "total_supply": "100000000.0", 
        "max_supply": "100000000.0", 
        "percent_change_1h": "-1.31", 
        "percent_change_24h": "-0.47", 
        "percent_change_7d": "-1.79", 
        "last_updated": "1523402648"
    }, 
    {
        "id": "iota", 
        "name": "IOTA", 
        "symbol": "MIOTA", 
        "rank": "10", 
        "price_usd": "1.00311", 
        "price_btc": "0.00014759", 
        "24h_volume_usd": "21108700.0", 
        "market_cap_usd": "2788174622.0", 
        "available_supply": "2779530283.0", 
        "total_supply": "2779530283.0", 
        "max_supply": "2779530283.0", 
        "percent_change_1h": "-1.01", 
        "percent_change_24h": "2.03", 
        "percent_change_7d": "-8.03", 
        "last_updated": "1523402652"
    }, 
    {
        "id": "monero", 
        "name": "Monero", 
        "symbol": "XMR", 
        "rank": "11", 
        "price_usd": "165.139", 
        "price_btc": "0.0242969", 
        "24h_volume_usd": "30775300.0", 
        "market_cap_usd": "2628371713.0", 
        "available_supply": "15916117.0", 
        "total_supply": "15916117.0", 
        "max_supply": null, 
        "percent_change_1h": "-0.49", 
        "percent_change_24h": "-0.7", 
        "percent_change_7d": "-12.19", 
        "last_updated": "1523402643"
    }, 
    {
        "id": "tron", 
        "name": "TRON", 
        "symbol": "TRX", 
        "rank": "12", 
        "price_usd": "0.0367149", 
        "price_btc": "0.00000540", 
        "24h_volume_usd": "303826000.0", 
        "market_cap_usd": "2413935344.0", 
        "available_supply": "65748111645.0", 
        "total_supply": "100000000000", 
        "max_supply": null, 
        "percent_change_1h": "-0.84", 
        "percent_change_24h": "3.33", 
        "percent_change_7d": "6.52", 
        "last_updated": "1523402654"
    }, 
    {
        "id": "dash", 
        "name": "Dash", 
        "symbol": "DASH", 
        "rank": "13", 
        "price_usd": "296.661", 
        "price_btc": "0.0436476", 
        "24h_volume_usd": "71456400.0", 
        "market_cap_usd": "2374148119.0", 
        "available_supply": "8002899.0", 
        "total_supply": "8002899.0", 
        "max_supply": "18900000.0", 
        "percent_change_1h": "-0.51", 
        "percent_change_24h": "-0.17", 
        "percent_change_7d": "-12.11", 
        "last_updated": "1523402642"
    }, 
    {
        "id": "tether", 
        "name": "Tether", 
        "symbol": "USDT", 
        "rank": "14", 
        "price_usd": "0.999119", 
        "price_btc": "0.000147", 
        "24h_volume_usd": "1258420000.0", 
        "market_cap_usd": "2285125842.0", 
        "available_supply": "2287140814.0", 
        "total_supply": "2580109970.0", 
        "max_supply": null, 
        "percent_change_1h": "0.1", 
        "percent_change_24h": "0.03", 
        "percent_change_7d": "-0.22", 
        "last_updated": "1523402646"
    }, 
    {
        "id": "nem", 
        "name": "NEM", 
        "symbol": "XEM", 
        "rank": "15", 
        "price_usd": "0.233882", 
        "price_btc": "0.00003441", 
        "24h_volume_usd": "12650200.0", 
        "market_cap_usd": "2104938000.0", 
        "available_supply": "8999999999.0", 
        "total_supply": "8999999999.0", 
        "max_supply": null, 
        "percent_change_1h": "0.14", 
        "percent_change_24h": "2.44", 
        "percent_change_7d": "-7.48", 
        "last_updated": "1523402645"
    }, 
    {
        "id": "vechain", 
        "name": "VeChain", 
        "symbol": "VEN", 
        "rank": "16", 
        "price_usd": "2.678", 
        "price_btc": "0.00039401", 
        "24h_volume_usd": "65358300.0", 
        "market_cap_usd": "1405335413.0", 
        "available_supply": "524770505.0", 
        "total_supply": "873378637.0", 
        "max_supply": null, 
        "percent_change_1h": "-0.74", 
        "percent_change_24h": "4.96", 
        "percent_change_7d": "-6.26", 
        "last_updated": "1523402654"
    }, 
    {
        "id": "binance-coin", 
        "name": "Binance Coin", 
        "symbol": "BNB", 
        "rank": "17", 
        "price_usd": "11.9077", 
        "price_btc": "0.00175198", 
        "24h_volume_usd": "86463600.0", 
        "market_cap_usd": "1384408303.0", 
        "available_supply": "116261604.0", 
        "total_supply": "197192382.0", 
        "max_supply": null, 
        "percent_change_1h": "-0.62", 
        "percent_change_24h": "0.89", 
        "percent_change_7d": "-10.01", 
        "last_updated": "1523402654"
    }, 
    {
        "id": "ethereum-classic", 
        "name": "Ethereum Classic", 
        "symbol": "ETC", 
        "rank": "18", 
        "price_usd": "13.5907", 
        "price_btc": "0.00199959", 
        "24h_volume_usd": "73062400.0", 
        "market_cap_usd": "1373880683.0", 
        "available_supply": "101089766.0", 
        "total_supply": "101089766.0", 
        "max_supply": null, 
        "percent_change_1h": "-1.07", 
        "percent_change_24h": "0.09", 
        "percent_change_7d": "-9.31", 
        "last_updated": "1523402649"
    }, 
    {
        "id": "verge", 
        "name": "Verge", 
        "symbol": "XVG", 
        "rank": "19", 
        "price_usd": "0.0856198", 
        "price_btc": "0.00001260", 
        "24h_volume_usd": "454249000.0", 
        "market_cap_usd": "1272298146.0", 
        "available_supply": "14859858891.0", 
        "total_supply": "14859858891.0", 
        "max_supply": "16555000000.0", 
        "percent_change_1h": "-0.12", 
        "percent_change_24h": "12.49", 
        "percent_change_7d": "25.27", 
        "last_updated": "1523402644"
    }, 
    {
        "id": "qtum", 
        "name": "Qtum", 
        "symbol": "QTUM", 
        "rank": "20", 
        "price_usd": "13.4436", 
        "price_btc": "0.00197796", 
        "24h_volume_usd": "89503800.0", 
        "market_cap_usd": "1189942078.0", 
        "available_supply": "88513648.0", 
        "total_supply": "100513648.0", 
        "max_supply": null, 
        "percent_change_1h": "-0.81", 
        "percent_change_24h": "0.14", 
        "percent_change_7d": "-10.31", 
        "last_updated": "1523402652"
    }, 
    {
        "id": "ontology", 
        "name": "Ontology", 
        "symbol": "ONT", 
        "rank": "21", 
        "price_usd": "4.67307", 
        "price_btc": "0.00068755", 
        "24h_volume_usd": "158087000.0", 
        "market_cap_usd": "1127314822.0", 
        "available_supply": "241236451.0", 
        "total_supply": "1000000000.0", 
        "max_supply": null, 
        "percent_change_1h": "-0.4", 
        "percent_change_24h": "31.55", 
        "percent_change_7d": "103.01", 
        "last_updated": "1523402662"
    }, 
    {
        "id": "omisego", 
        "name": "OmiseGO", 
        "symbol": "OMG", 
        "rank": "22", 
        "price_usd": "9.19234", 
        "price_btc": "0.00135246", 
        "24h_volume_usd": "27800400.0", 
        "market_cap_usd": "938009830.0", 
        "available_supply": "102042552.0", 
        "total_supply": "140245398.0", 
        "max_supply": null, 
        "percent_change_1h": "-0.93", 
        "percent_change_24h": "1.64", 
        "percent_change_7d": "-2.5", 
        "last_updated": "1523402654"
    }, 
    {
        "id": "lisk", 
        "name": "Lisk", 
        "symbol": "LSK", 
        "rank": "23", 
        "price_usd": "8.44053", 
        "price_btc": "0.00124185", 
        "24h_volume_usd": "14093300.0", 
        "market_cap_usd": "875447949.0", 
        "available_supply": "103719547.0", 
        "total_supply": "119970064.0", 
        "max_supply": null, 
        "percent_change_1h": "-1.36", 
        "percent_change_24h": "-1.43", 
        "percent_change_7d": "-12.04", 
        "last_updated": "1523402647"
    }, 
    {
        "id": "icon", 
        "name": "ICON", 
        "symbol": "ICX", 
        "rank": "24", 
        "price_usd": "2.10909", 
        "price_btc": "0.00031031", 
        "24h_volume_usd": "45252700.0", 
        "market_cap_usd": "816304848.0", 
        "available_supply": "387041258.0", 
        "total_supply": "400228750.0", 
        "max_supply": null, 
        "percent_change_1h": "-1.51", 
        "percent_change_24h": "5.32", 
        "percent_change_7d": "-6.81", 
        "last_updated": "1523402656"
    }, 
    {
        "id": "bitcoin-gold", 
        "name": "Bitcoin Gold", 
        "symbol": "BTG", 
        "rank": "25", 
        "price_usd": "40.6061", 
        "price_btc": "0.00597435", 
        "24h_volume_usd": "7625280.0", 
        "market_cap_usd": "687677443.0", 
        "available_supply": "16935324.0", 
        "total_supply": "17035324.0", 
        "max_supply": "21000000.0", 
        "percent_change_1h": "-0.46", 
        "percent_change_24h": "-1.06", 
        "percent_change_7d": "-12.61", 
        "last_updated": "1523402657"
    }, 
    {
        "id": "zcash", 
        "name": "Zcash", 
        "symbol": "ZEC", 
        "rank": "26", 
        "price_usd": "178.674", 
        "price_btc": "0.0262882", 
        "24h_volume_usd": "32991800.0", 
        "market_cap_usd": "656402491.0", 
        "available_supply": "3673744.0", 
        "total_supply": "3673744.0", 
        "max_supply": null, 
        "percent_change_1h": "-0.22", 
        "percent_change_24h": "1.01", 
        "percent_change_7d": "-12.59", 
        "last_updated": "1523402649"
    }, 
    {
        "id": "nano", 
        "name": "Nano", 
        "symbol": "NANO", 
        "rank": "27", 
        "price_usd": "4.80972", 
        "price_btc": "0.00070765", 
        "24h_volume_usd": "6639720.0", 
        "market_cap_usd": "640886962.0", 
        "available_supply": "133248289.0", 
        "total_supply": "133248289.0", 
        "max_supply": "133248290.0", 
        "percent_change_1h": "-0.86", 
        "percent_change_24h": "-0.13", 
        "percent_change_7d": "-19.0", 
        "last_updated": "1523402651"
    }, 
    {
        "id": "bytom", 
        "name": "Bytom", 
        "symbol": "BTM", 
        "rank": "28", 
        "price_usd": "0.585566", 
        "price_btc": "0.00008615", 
        "24h_volume_usd": "22773600.0", 
        "market_cap_usd": "577953642.0", 
        "available_supply": "987000000.0", 
        "total_supply": "1407000000.0", 
        "max_supply": null, 
        "percent_change_1h": "1.83", 
        "percent_change_24h": "11.59", 
        "percent_change_7d": "20.31", 
        "last_updated": "1523402654"
    }, 
    {
        "id": "steem", 
        "name": "Steem", 
        "symbol": "STEEM", 
        "rank": "29", 
        "price_usd": "1.83125", 
        "price_btc": "0.00026943", 
        "24h_volume_usd": "2181180.0", 
        "market_cap_usd": "469076649.0", 
        "available_supply": "256151071.0", 
        "total_supply": "273125165.0", 
        "max_supply": null, 
        "percent_change_1h": "-0.81", 
        "percent_change_24h": "0.71", 
        "percent_change_7d": "-10.46", 
        "last_updated": "1523402647"
    }, 
    {
        "id": "wanchain", 
        "name": "Wanchain", 
        "symbol": "WAN", 
        "rank": "30", 
        "price_usd": "4.4143", 
        "price_btc": "0.00064947", 
        "24h_volume_usd": "26566200.0", 
        "market_cap_usd": "468588948.0", 
        "available_supply": "106152493.0", 
        "total_supply": "210000000.0", 
        "max_supply": null, 
        "percent_change_1h": "0.68", 
        "percent_change_24h": "20.43", 
        "percent_change_7d": "28.72", 
        "last_updated": "1523402663"
    }, 
    {
        "id": "populous", 
        "name": "Populous", 
        "symbol": "PPT", 
        "rank": "31", 
        "price_usd": "11.6932", 
        "price_btc": "0.00172041", 
        "24h_volume_usd": "1264160.0", 
        "market_cap_usd": "432695487.0", 
        "available_supply": "37004027.0", 
        "total_supply": "53252246.0", 
        "max_supply": "53252246.0", 
        "percent_change_1h": "-0.92", 
        "percent_change_24h": "1.23", 
        "percent_change_7d": "-11.05", 
        "last_updated": "1523402653"
    }, 
    {
        "id": "bytecoin-bcn", 
        "name": "Bytecoin", 
        "symbol": "BCN", 
        "rank": "32", 
        "price_usd": "0.00229513", 
        "price_btc": "0.00000034", 
        "24h_volume_usd": "4285360.0", 
        "market_cap_usd": "421915724.0", 
        "available_supply": "183830860822", 
        "total_supply": "183830860822", 
        "max_supply": "184470000000", 
        "percent_change_1h": "-0.18", 
        "percent_change_24h": "7.93", 
        "percent_change_7d": "-0.42", 
        "last_updated": "1523402642"
    }, 
    {
        "id": "digixdao", 
        "name": "DigixDAO", 
        "symbol": "DGD", 
        "rank": "33", 
        "price_usd": "208.094", 
        "price_btc": "0.0306167", 
        "24h_volume_usd": "10745500.0", 
        "market_cap_usd": "416188000.0", 
        "available_supply": "2000000.0", 
        "total_supply": "2000000.0", 
        "max_supply": null, 
        "percent_change_1h": "-0.55", 
        "percent_change_24h": "0.08", 
        "percent_change_7d": "-11.24", 
        "last_updated": "1523402648"
    }, 
    {
        "id": "siacoin", 
        "name": "Siacoin", 
        "symbol": "SC", 
        "rank": "34", 
        "price_usd": "0.0114606", 
        "price_btc": "0.00000169", 
        "24h_volume_usd": "8709260.0", 
        "market_cap_usd": "386217846.0", 
        "available_supply": "33699618384.0", 
        "total_supply": "33699618384.0", 
        "max_supply": null, 
        "percent_change_1h": "-1.14", 
        "percent_change_24h": "6.11", 
        "percent_change_7d": "-4.16", 
        "last_updated": "1523402645"
    }, 
    {
        "id": "bitcoin-diamond", 
        "name": "Bitcoin Diamond", 
        "symbol": "BCD", 
        "rank": "35", 
        "price_usd": "2.49966", 
        "price_btc": "0.00036777", 
        "24h_volume_usd": "1665240.0", 
        "market_cap_usd": "382522032.0", 
        "available_supply": "153029625.0", 
        "total_supply": "156029625.0", 
        "max_supply": "210000000.0", 
        "percent_change_1h": "-4.56", 
        "percent_change_24h": "4.71", 
        "percent_change_7d": "11.74", 
        "last_updated": "1523402658"
    }, 
    {
        "id": "bitshares", 
        "name": "BitShares", 
        "symbol": "BTS", 
        "rank": "36", 
        "price_usd": "0.142435", 
        "price_btc": "0.00002096", 
        "24h_volume_usd": "6508760.0", 
        "market_cap_usd": "372424795.0", 
        "available_supply": "2614700000.0", 
        "total_supply": "2614700000.0", 
        "max_supply": "3600570502.0", 
        "percent_change_1h": "-0.42", 
        "percent_change_24h": "3.07", 
        "percent_change_7d": "-5.66", 
        "last_updated": "1523402643"
    }, 
    {
        "id": "rchain", 
        "name": "RChain", 
        "symbol": "RHOC", 
        "rank": "37", 
        "price_usd": "1.02439", 
        "price_btc": "0.00015072", 
        "24h_volume_usd": "1976470.0", 
        "market_cap_usd": "368390584.0", 
        "available_supply": "359619465.0", 
        "total_supply": "870663574.0", 
        "max_supply": "1000000000.0", 
        "percent_change_1h": "-0.32", 
        "percent_change_24h": "6.36", 
        "percent_change_7d": "3.88", 
        "last_updated": "1523402655"
    }, 
    {
        "id": "stratis", 
        "name": "Stratis", 
        "symbol": "STRAT", 
        "rank": "38", 
        "price_usd": "3.70564", 
        "price_btc": "0.00054521", 
        "24h_volume_usd": "5559460.0", 
        "market_cap_usd": "366160711.0", 
        "available_supply": "98811733.0", 
        "total_supply": "98811733.0", 
        "max_supply": null, 
        "percent_change_1h": "-1.51", 
        "percent_change_24h": "4.2", 
        "percent_change_7d": "-6.84", 
        "last_updated": "1523402648"
    }, 
    {
        "id": "waves", 
        "name": "Waves", 
        "symbol": "WAVES", 
        "rank": "39", 
        "price_usd": "3.60315", 
        "price_btc": "0.00053013", 
        "24h_volume_usd": "16291600.0", 
        "market_cap_usd": "360315000.0", 
        "available_supply": "100000000.0", 
        "total_supply": "100000000.0", 
        "max_supply": null, 
        "percent_change_1h": "-1.18", 
        "percent_change_24h": "4.2", 
        "percent_change_7d": "-10.18", 
        "last_updated": "1523402647"
    }, 
    {
        "id": "decred", 
        "name": "Decred", 
        "symbol": "DCR", 
        "rank": "40", 
        "price_usd": "50.6981", 
        "price_btc": "0.00745918", 
        "24h_volume_usd": "18311300.0", 
        "market_cap_usd": "360095875.0", 
        "available_supply": "7102749.0", 
        "total_supply": "7522749.0", 
        "max_supply": "21000000.0", 
        "percent_change_1h": "-0.57", 
        "percent_change_24h": "5.48", 
        "percent_change_7d": "9.01", 
        "last_updated": "1523402646"
    }, 
    {
        "id": "maker", 
        "name": "Maker", 
        "symbol": "MKR", 
        "rank": "41", 
        "price_usd": "566.052", 
        "price_btc": "0.0832829", 
        "24h_volume_usd": "258748.0", 
        "market_cap_usd": "349949066.0", 
        "available_supply": "618228.0", 
        "total_supply": "1000000.0", 
        "max_supply": null, 
        "percent_change_1h": "0.82", 
        "percent_change_24h": "7.24", 
        "percent_change_7d": "8.34", 
        "last_updated": "1523402650"
    }, 
    {
        "id": "dogecoin", 
        "name": "Dogecoin", 
        "symbol": "DOGE", 
        "rank": "42", 
        "price_usd": "0.00301247", 
        "price_btc": "0.00000044", 
        "24h_volume_usd": "9898570.0", 
        "market_cap_usd": "343307005.0", 
        "available_supply": "113961966538", 
        "total_supply": "113961966538", 
        "max_supply": null, 
        "percent_change_1h": "-1.43", 
        "percent_change_24h": "9.42", 
        "percent_change_7d": "1.5", 
        "last_updated": "1523402641"
    }, 
    {
        "id": "aeternity", 
        "name": "Aeternity", 
        "symbol": "AE", 
        "rank": "43", 
        "price_usd": "1.35015", 
        "price_btc": "0.00019865", 
        "24h_volume_usd": "5254230.0", 
        "market_cap_usd": "314612590.0", 
        "available_supply": "233020472.0", 
        "total_supply": "273685830.0", 
        "max_supply": null, 
        "percent_change_1h": "-0.69", 
        "percent_change_24h": "2.75", 
        "percent_change_7d": "-9.84", 
        "last_updated": "1523402651"
    }, 
    {
        "id": "status", 
        "name": "Status", 
        "symbol": "SNT", 
        "rank": "44", 
        "price_usd": "0.0888122", 
        "price_btc": "0.00001307", 
        "24h_volume_usd": "19474400.0", 
        "market_cap_usd": "308221300.0", 
        "available_supply": "3470483788.0", 
        "total_supply": "6804870174.0", 
        "max_supply": null, 
        "percent_change_1h": "-1.03", 
        "percent_change_24h": "0.86", 
        "percent_change_7d": "-14.46", 
        "last_updated": "1523402653"
    }, 
    {
        "id": "0x", 
        "name": "0x", 
        "symbol": "ZRX", 
        "rank": "45", 
        "price_usd": "0.558224", 
        "price_btc": "0.00008213", 
        "24h_volume_usd": "4893040.0", 
        "market_cap_usd": "291794202.0", 
        "available_supply": "522718841.0", 
        "total_supply": "1000000000.0", 
        "max_supply": null, 
        "percent_change_1h": "-0.38", 
        "percent_change_24h": "3.54", 
        "percent_change_7d": "-6.46", 
        "last_updated": "1523402654"
    }, 
    {
        "id": "zilliqa", 
        "name": "Zilliqa", 
        "symbol": "ZIL", 
        "rank": "46", 
        "price_usd": "0.039991", 
        "price_btc": "0.00000588", 
        "24h_volume_usd": "14258200.0", 
        "market_cap_usd": "285857195.0", 
        "available_supply": "7148038186.0", 
        "total_supply": "12600000000.0", 
        "max_supply": null, 
        "percent_change_1h": "-1.01", 
        "percent_change_24h": "2.65", 
        "percent_change_7d": "-11.71", 
        "last_updated": "1523402661"
    }, 
    {
        "id": "komodo", 
        "name": "Komodo", 
        "symbol": "KMD", 
        "rank": "47", 
        "price_usd": "2.64262", 
        "price_btc": "0.00038881", 
        "24h_volume_usd": "2214680.0", 
        "market_cap_usd": "274935009.0", 
        "available_supply": "104038798.0", 
        "total_supply": "104038798.0", 
        "max_supply": null, 
        "percent_change_1h": "-1.49", 
        "percent_change_24h": "5.34", 
        "percent_change_7d": "-8.93", 
        "last_updated": "1523402650"
    }, 
    {
        "id": "augur", 
        "name": "Augur", 
        "symbol": "REP", 
        "rank": "48", 
        "price_usd": "24.5968", 
        "price_btc": "0.00361892", 
        "24h_volume_usd": "2482580.0", 
        "market_cap_usd": "270564800.0", 
        "available_supply": "11000000.0", 
        "total_supply": "11000000.0", 
        "max_supply": null, 
        "percent_change_1h": "-0.6", 
        "percent_change_24h": "1.29", 
        "percent_change_7d": "-8.45", 
        "last_updated": "1523402646"
    }, 
    {
        "id": "ardor", 
        "name": "Ardor", 
        "symbol": "ARDR", 
        "rank": "49", 
        "price_usd": "0.25214", 
        "price_btc": "0.00003710", 
        "24h_volume_usd": "2381700.0", 
        "market_cap_usd": "251887733.0", 
        "available_supply": "998999495.0", 
        "total_supply": "998999495.0", 
        "max_supply": "998999495.0", 
        "percent_change_1h": "-1.64", 
        "percent_change_24h": "4.04", 
        "percent_change_7d": "-14.34", 
        "last_updated": "1523402648"
    }, 
    {
        "id": "aion", 
        "name": "Aion", 
        "symbol": "AION", 
        "rank": "50", 
        "price_usd": "2.11891", 
        "price_btc": "0.00031175", 
        "24h_volume_usd": "9301560.0", 
        "market_cap_usd": "244352428.0", 
        "available_supply": "115319871.0", 
        "total_supply": "465934587.0", 
        "max_supply": null, 
        "percent_change_1h": "0.16", 
        "percent_change_24h": "2.41", 
        "percent_change_7d": "-3.46", 
        "last_updated": "1523402656"
    }, 
    {
        "id": "iostoken", 
        "name": "IOStoken", 
        "symbol": "IOST", 
        "rank": "51", 
        "price_usd": "0.0289012", 
        "price_btc": "0.00000425", 
        "24h_volume_usd": "45766200.0", 
        "market_cap_usd": "242770080.0", 
        "available_supply": "8400000000.0", 
        "total_supply": "21000000000.0", 
        "max_supply": null, 
        "percent_change_1h": "-1.86", 
        "percent_change_24h": "-2.6", 
        "percent_change_7d": "11.49", 
        "last_updated": "1523402660"
    }, 
    {
        "id": "loopring", 
        "name": "Loopring", 
        "symbol": "LRC", 
        "rank": "52", 
        "price_usd": "0.418917", 
        "price_btc": "0.00006164", 
        "24h_volume_usd": "6450120.0", 
        "market_cap_usd": "239651542.0", 
        "available_supply": "572074043.0", 
        "total_supply": "1374956262.0", 
        "max_supply": null, 
        "percent_change_1h": "-0.25", 
        "percent_change_24h": "2.74", 
        "percent_change_7d": "5.37", 
        "last_updated": "1523402654"
    }, 
    {
        "id": "golem-network-tokens", 
        "name": "Golem", 
        "symbol": "GNT", 
        "rank": "53", 
        "price_usd": "0.276241", 
        "price_btc": "0.00004064", 
        "24h_volume_usd": "55125400.0", 
        "market_cap_usd": "230457369.0", 
        "available_supply": "834262000.0", 
        "total_supply": "1000000000.0", 
        "max_supply": null, 
        "percent_change_1h": "-0.7", 
        "percent_change_24h": "18.29", 
        "percent_change_7d": "27.23", 
        "last_updated": "1523402650"
    }, 
    {
        "id": "kucoin-shares", 
        "name": "KuCoin Shares", 
        "symbol": "KCS", 
        "rank": "54", 
        "price_usd": "2.45426", 
        "price_btc": "0.00036109", 
        "24h_volume_usd": "287393.0", 
        "market_cap_usd": "223443380.0", 
        "available_supply": "91043076.0", 
        "total_supply": "181043076.0", 
        "max_supply": null, 
        "percent_change_1h": "-0.99", 
        "percent_change_24h": "5.27", 
        "percent_change_7d": "0.08", 
        "last_updated": "1523402656"
    }, 
    {
        "id": "hshare", 
        "name": "Hshare", 
        "symbol": "HSR", 
        "rank": "55", 
        "price_usd": "5.18183", 
        "price_btc": "0.0007624", 
        "24h_volume_usd": "13534500.0", 
        "market_cap_usd": "222026282.0", 
        "available_supply": "42847079.0", 
        "total_supply": "42847079.0", 
        "max_supply": "84000000.0", 
        "percent_change_1h": "-0.53", 
        "percent_change_24h": "-0.12", 
        "percent_change_7d": "-9.62", 
        "last_updated": "1523402655"
    }, 
    {
        "id": "ark", 
        "name": "Ark", 
        "symbol": "ARK", 
        "rank": "56", 
        "price_usd": "2.17803", 
        "price_btc": "0.00032045", 
        "24h_volume_usd": "1925990.0", 
        "market_cap_usd": "221758045.0", 
        "available_supply": "101815882.0", 
        "total_supply": "133065882.0", 
        "max_supply": null, 
        "percent_change_1h": "-2.69", 
        "percent_change_24h": "5.41", 
        "percent_change_7d": "-6.78", 
        "last_updated": "1523402650"
    }, 
    {
        "id": "pivx", 
        "name": "PIVX", 
        "symbol": "PIVX", 
        "rank": "57", 
        "price_usd": "3.86912", 
        "price_btc": "0.00056926", 
        "24h_volume_usd": "1477850.0", 
        "market_cap_usd": "216478837.0", 
        "available_supply": "55950406.0", 
        "total_supply": "55950406.0", 
        "max_supply": null, 
        "percent_change_1h": "-0.66", 
        "percent_change_24h": "-0.49", 
        "percent_change_7d": "-6.58", 
        "last_updated": "1523402646"
    }, 
    {
        "id": "waltonchain", 
        "name": "Waltonchain", 
        "symbol": "WTC", 
        "rank": "58", 
        "price_usd": "8.58445", 
        "price_btc": "0.00126303", 
        "24h_volume_usd": "1865750.0", 
        "market_cap_usd": "213737164.0", 
        "available_supply": "24898178.0", 
        "total_supply": "70000000.0", 
        "max_supply": "100000000.0", 
        "percent_change_1h": "-1.55", 
        "percent_change_24h": "2.65", 
        "percent_change_7d": "-18.09", 
        "last_updated": "1523402654"
    }, 
    {
        "id": "cryptonex", 
        "name": "Cryptonex", 
        "symbol": "CNX", 
        "rank": "59", 
        "price_usd": "4.70805", 
        "price_btc": "0.00069269", 
        "24h_volume_usd": "1221120.0", 
        "market_cap_usd": "212837323.0", 
        "available_supply": "45207108.0", 
        "total_supply": "106644733.0", 
        "max_supply": "210000000.0", 
        "percent_change_1h": "-0.7", 
        "percent_change_24h": "-0.18", 
        "percent_change_7d": "-7.7", 
        "last_updated": "1523402656"
    }, 
    {
        "id": "digibyte", 
        "name": "DigiByte", 
        "symbol": "DGB", 
        "rank": "60", 
        "price_usd": "0.0199917", 
        "price_btc": "0.00000294", 
        "24h_volume_usd": "2954180.0", 
        "market_cap_usd": "201862141.0", 
        "available_supply": "10097297441.0", 
        "total_supply": "10097297441.0", 
        "max_supply": "21000000000.0", 
        "percent_change_1h": "-1.18", 
        "percent_change_24h": "9.88", 
        "percent_change_7d": "-0.81", 
        "last_updated": "1523402642"
    }, 
    {
        "id": "aelf", 
        "name": "aelf", 
        "symbol": "ELF", 
        "rank": "61", 
        "price_usd": "0.791444", 
        "price_btc": "0.00011645", 
        "24h_volume_usd": "82498400.0", 
        "market_cap_usd": "197861000.0", 
        "available_supply": "250000000.0", 
        "total_supply": "280000000.0", 
        "max_supply": "1000000000.0", 
        "percent_change_1h": "-2.28", 
        "percent_change_24h": "34.9", 
        "percent_change_7d": "39.26", 
        "last_updated": "1523402659"
    }, 
    {
        "id": "basic-attention-token", 
        "name": "Basic Attention Token", 
        "symbol": "BAT", 
        "rank": "62", 
        "price_usd": "0.196", 
        "price_btc": "0.00002884", 
        "24h_volume_usd": "5063970.0", 
        "market_cap_usd": "196000000.0", 
        "available_supply": "1000000000.0", 
        "total_supply": "1500000000.0", 
        "max_supply": null, 
        "percent_change_1h": "-0.81", 
        "percent_change_24h": "5.03", 
        "percent_change_7d": "-7.08", 
        "last_updated": "1523402652"
    }, 
    {
        "id": "centrality", 
        "name": "Centrality", 
        "symbol": "CENNZ", 
        "rank": "63", 
        "price_usd": "0.296202", 
        "price_btc": "0.00004358", 
        "24h_volume_usd": "110347.0", 
        "market_cap_usd": "195190375.0", 
        "available_supply": "658977236.0", 
        "total_supply": "1200000000.0", 
        "max_supply": null, 
        "percent_change_1h": "-0.35", 
        "percent_change_24h": "4.79", 
        "percent_change_7d": "-13.02", 
        "last_updated": "1523402663"
    }, 
    {
        "id": "monacoin", 
        "name": "MonaCoin", 
        "symbol": "MONA", 
        "rank": "64", 
        "price_usd": "3.25459", 
        "price_btc": "0.00047885", 
        "24h_volume_usd": "877627.0", 
        "market_cap_usd": "190994963.0", 
        "available_supply": "58684800.0", 
        "total_supply": "58684800.0", 
        "max_supply": null, 
        "percent_change_1h": "-0.4", 
        "percent_change_24h": "0.84", 
        "percent_change_7d": "-8.22", 
        "last_updated": "1523402642"
    }, 
    {
        "id": "qash", 
        "name": "QASH", 
        "symbol": "QASH", 
        "rank": "65", 
        "price_usd": "0.526577", 
        "price_btc": "0.00007747", 
        "24h_volume_usd": "3691650.0", 
        "market_cap_usd": "184301950.0", 
        "available_supply": "350000000.0", 
        "total_supply": "1000000000.0", 
        "max_supply": null, 
        "percent_change_1h": "-0.51", 
        "percent_change_24h": "-0.49", 
        "percent_change_7d": "-15.19", 
        "last_updated": "1523402657"
    }, 
    {
        "id": "veritaseum", 
        "name": "Veritaseum", 
        "symbol": "VERI", 
        "rank": "66", 
        "price_usd": "89.069", 
        "price_btc": "0.0131047", 
        "24h_volume_usd": "328373.0", 
        "market_cap_usd": "181401973.0", 
        "available_supply": "2036645.0", 
        "total_supply": "100000000.0", 
        "max_supply": null, 
        "percent_change_1h": "-4.24", 
        "percent_change_24h": "-2.4", 
        "percent_change_7d": "-27.05", 
        "last_updated": "1523402652"
    }, 
    {
        "id": "factom", 
        "name": "Factom", 
        "symbol": "FCT", 
        "rank": "67", 
        "price_usd": "20.1132", 
        "price_btc": "0.00295925", 
        "24h_volume_usd": "469068.0", 
        "market_cap_usd": "175891986.0", 
        "available_supply": "8745102.0", 
        "total_supply": "8745102.0", 
        "max_supply": null, 
        "percent_change_1h": "-1.4", 
        "percent_change_24h": "2.0", 
        "percent_change_7d": "-6.7", 
        "last_updated": "1523402646"
    }, 
    {
        "id": "dragonchain", 
        "name": "Dragonchain", 
        "symbol": "DRGN", 
        "rank": "68", 
        "price_usd": "0.717019", 
        "price_btc": "0.0001055", 
        "24h_volume_usd": "1212220.0", 
        "market_cap_usd": "170953061.0", 
        "available_supply": "238421940.0", 
        "total_supply": "433494437.0", 
        "max_supply": null, 
        "percent_change_1h": "-0.85", 
        "percent_change_24h": "1.09", 
        "percent_change_7d": "-0.51", 
        "last_updated": "1523402658"
    }, 
    {
        "id": "elastos", 
        "name": "Elastos", 
        "symbol": "ELA", 
        "rank": "69", 
        "price_usd": "32.9905", 
        "price_btc": "0.00485387", 
        "24h_volume_usd": "13162100.0", 
        "market_cap_usd": "163797008.0", 
        "available_supply": "4964975.0", 
        "total_supply": "33379033.0", 
        "max_supply": null, 
        "percent_change_1h": "-0.91", 
        "percent_change_24h": "0.07", 
        "percent_change_7d": "19.65", 
        "last_updated": "1523402661"
    }, 
    {
        "id": "nebulas-token", 
        "name": "Nebulas", 
        "symbol": "NAS", 
        "rank": "70", 
        "price_usd": "4.59938", 
        "price_btc": "0.0006767", 
        "24h_volume_usd": "8154970.0", 
        "market_cap_usd": "163277990.0", 
        "available_supply": "35500000.0", 
        "total_supply": "100000000.0", 
        "max_supply": "100000000.0", 
        "percent_change_1h": "-0.6", 
        "percent_change_24h": "4.33", 
        "percent_change_7d": "-5.77", 
        "last_updated": "1523402654"
    }, 
    {
        "id": "gas", 
        "name": "Gas", 
        "symbol": "GAS", 
        "rank": "71", 
        "price_usd": "15.3139", 
        "price_btc": "0.00225313", 
        "24h_volume_usd": "4167610.0", 
        "market_cap_usd": "154078274.0", 
        "available_supply": "10061335.0", 
        "total_supply": "16913808.0", 
        "max_supply": "100000000.0", 
        "percent_change_1h": "-0.73", 
        "percent_change_24h": "2.45", 
        "percent_change_7d": "-10.07", 
        "last_updated": "1523402653"
    }, 
    {
        "id": "substratum", 
        "name": "Substratum", 
        "symbol": "SUB", 
        "rank": "72", 
        "price_usd": "0.396589", 
        "price_btc": "0.00005835", 
        "24h_volume_usd": "5069930.0", 
        "market_cap_usd": "151901915.0", 
        "available_supply": "383021000.0", 
        "total_supply": "472000000.0", 
        "max_supply": null, 
        "percent_change_1h": "-0.1", 
        "percent_change_24h": "4.84", 
        "percent_change_7d": "5.66", 
        "last_updated": "1523402655"
    }, 
    {
        "id": "ethos", 
        "name": "Ethos", 
        "symbol": "ETHOS", 
        "rank": "73", 
        "price_usd": "1.96595", 
        "price_btc": "0.00028925", 
        "24h_volume_usd": "3543210.0", 
        "market_cap_usd": "150192504.0", 
        "available_supply": "76396909.0", 
        "total_supply": "222295208.0", 
        "max_supply": null, 
        "percent_change_1h": "-1.41", 
        "percent_change_24h": "1.83", 
        "percent_change_7d": "-10.14", 
        "last_updated": "1523402654"
    }, 
    {
        "id": "gxchain", 
        "name": "GXChain", 
        "symbol": "GXS", 
        "rank": "74", 
        "price_usd": "2.47372", 
        "price_btc": "0.00036396", 
        "24h_volume_usd": "12884900.0", 
        "market_cap_usd": "148423200.0", 
        "available_supply": "60000000.0", 
        "total_supply": "100000000.0", 
        "max_supply": "100000000.0", 
        "percent_change_1h": "-0.66", 
        "percent_change_24h": "2.43", 
        "percent_change_7d": "-9.93", 
        "last_updated": "1523402652"
    }, 
    {
        "id": "syscoin", 
        "name": "Syscoin", 
        "symbol": "SYS", 
        "rank": "75", 
        "price_usd": "0.277202", 
        "price_btc": "0.00004078", 
        "24h_volume_usd": "1491390.0", 
        "market_cap_usd": "147529083.0", 
        "available_supply": "532207861.0", 
        "total_supply": "532207861.0", 
        "max_supply": "888000000.0", 
        "percent_change_1h": "-0.19", 
        "percent_change_24h": "3.05", 
        "percent_change_7d": "-8.06", 
        "last_updated": "1523402643"
    }, 
    {
        "id": "revain", 
        "name": "Revain", 
        "symbol": "R", 
        "rank": "76", 
        "price_usd": "0.776185", 
        "price_btc": "0.0001142", 
        "24h_volume_usd": "2983500.0", 
        "market_cap_usd": "143167323.0", 
        "available_supply": "184450000.0", 
        "total_supply": "484450000.0", 
        "max_supply": "484450000.0", 
        "percent_change_1h": "-0.75", 
        "percent_change_24h": "0.11", 
        "percent_change_7d": "-4.74", 
        "last_updated": "1523402657"
    }, 
    {
        "id": "electroneum", 
        "name": "Electroneum", 
        "symbol": "ETN", 
        "rank": "77", 
        "price_usd": "0.0210926", 
        "price_btc": "0.00000310", 
        "24h_volume_usd": "707334.0", 
        "market_cap_usd": "140791997.0", 
        "available_supply": "6674947461.0", 
        "total_supply": "6674947461.0", 
        "max_supply": "21000000000.0", 
        "percent_change_1h": "-0.56", 
        "percent_change_24h": "-0.67", 
        "percent_change_7d": "-5.64", 
        "last_updated": "1523402657"
    }, 
    {
        "id": "kyber-network", 
        "name": "Kyber Network", 
        "symbol": "KNC", 
        "rank": "78", 
        "price_usd": "1.03501", 
        "price_btc": "0.00015228", 
        "24h_volume_usd": "8364420.0", 
        "market_cap_usd": "138828683.0", 
        "available_supply": "134132697.0", 
        "total_supply": "215625349.0", 
        "max_supply": null, 
        "percent_change_1h": "-1.39", 
        "percent_change_24h": "5.03", 
        "percent_change_7d": "-0.11", 
        "last_updated": "1523402655"
    }, 
    {
        "id": "funfair", 
        "name": "FunFair", 
        "symbol": "FUN", 
        "rank": "79", 
        "price_usd": "0.0293374", 
        "price_btc": "0.00000432", 
        "24h_volume_usd": "674713.0", 
        "market_cap_usd": "138574422.0", 
        "available_supply": "4723473189.0", 
        "total_supply": "10999873621.0", 
        "max_supply": null, 
        "percent_change_1h": "-0.65", 
        "percent_change_24h": "1.89", 
        "percent_change_7d": "-9.28", 
        "last_updated": "1523402653"
    }, 
    {
        "id": "skycoin", 
        "name": "Skycoin", 
        "symbol": "SKY", 
        "rank": "80", 
        "price_usd": "17.7061", 
        "price_btc": "0.00260508", 
        "24h_volume_usd": "6824310.0", 
        "market_cap_usd": "137881314.0", 
        "available_supply": "7787221.0", 
        "total_supply": "25000000.0", 
        "max_supply": "100000000.0", 
        "percent_change_1h": "2.26", 
        "percent_change_24h": "14.29", 
        "percent_change_7d": "30.31", 
        "last_updated": "1523402651"
    }, 
    {
        "id": "reddcoin", 
        "name": "ReddCoin", 
        "symbol": "RDD", 
        "rank": "81", 
        "price_usd": "0.00456675", 
        "price_btc": "0.00000067", 
        "24h_volume_usd": "5477620.0", 
        "market_cap_usd": "131562191.0", 
        "available_supply": "28808713174.0", 
        "total_supply": "28808713174.0", 
        "max_supply": null, 
        "percent_change_1h": "3.59", 
        "percent_change_24h": "14.8", 
        "percent_change_7d": "0.03", 
        "last_updated": "1523402642"
    }, 
    {
        "id": "zcoin", 
        "name": "ZCoin", 
        "symbol": "XZC", 
        "rank": "82", 
        "price_usd": "28.3531", 
        "price_btc": "0.00417158", 
        "24h_volume_usd": "916611.0", 
        "market_cap_usd": "127635333.0", 
        "available_supply": "4501636.0", 
        "total_supply": "4501636.0", 
        "max_supply": "21400000.0", 
        "percent_change_1h": "-1.01", 
        "percent_change_24h": "1.54", 
        "percent_change_7d": "-8.86", 
        "last_updated": "1523402649"
    }, 
    {
        "id": "mixin", 
        "name": "Mixin", 
        "symbol": "XIN", 
        "rank": "83", 
        "price_usd": "314.026", 
        "price_btc": "0.0462025", 
        "24h_volume_usd": "1159770.0", 
        "market_cap_usd": "127543641.0", 
        "available_supply": "406156.0", 
        "total_supply": "1000000.0", 
        "max_supply": null, 
        "percent_change_1h": "0.84", 
        "percent_change_24h": "-11.91", 
        "percent_change_7d": "34.51", 
        "last_updated": "1523402660"
    }, 
    {
        "id": "nxt", 
        "name": "Nxt", 
        "symbol": "NXT", 
        "rank": "84", 
        "price_usd": "0.127628", 
        "price_btc": "0.00001878", 
        "24h_volume_usd": "5511710.0", 
        "market_cap_usd": "127500365.0", 
        "available_supply": "998999942.0", 
        "total_supply": "998999942.0", 
        "max_supply": "1000000000.0", 
        "percent_change_1h": "0.9", 
        "percent_change_24h": "9.09", 
        "percent_change_7d": "0.3", 
        "last_updated": "1523402641"
    }, 
    {
        "id": "maidsafecoin", 
        "name": "MaidSafeCoin", 
        "symbol": "MAID", 
        "rank": "85", 
        "price_usd": "0.277319", 
        "price_btc": "0.00004080", 
        "24h_volume_usd": "1131520.0", 
        "market_cap_usd": "125501382.0", 
        "available_supply": "452552412.0", 
        "total_supply": "452552412.0", 
        "max_supply": null, 
        "percent_change_1h": "-1.17", 
        "percent_change_24h": "6.1", 
        "percent_change_7d": "2.25", 
        "last_updated": "1523402643"
    }, 
    {
        "id": "chainlink", 
        "name": "ChainLink", 
        "symbol": "LINK", 
        "rank": "86", 
        "price_usd": "0.355517", 
        "price_btc": "0.00005231", 
        "24h_volume_usd": "9457570.0", 
        "market_cap_usd": "124430950.0", 
        "available_supply": "350000000.0", 
        "total_supply": "1000000000.0", 
        "max_supply": null, 
        "percent_change_1h": "0.07", 
        "percent_change_24h": "14.89", 
        "percent_change_7d": "20.81", 
        "last_updated": "1523402656"
    }, 
    {
        "id": "byteball", 
        "name": "Byteball Bytes", 
        "symbol": "GBYTE", 
        "rank": "87", 
        "price_usd": "192.004", 
        "price_btc": "0.0282494", 
        "24h_volume_usd": "345110.0", 
        "market_cap_usd": "123885215.0", 
        "available_supply": "645222.0", 
        "total_supply": "1000000.0", 
        "max_supply": null, 
        "percent_change_1h": "-0.3", 
        "percent_change_24h": "5.01", 
        "percent_change_7d": "2.77", 
        "last_updated": "1523402649"
    }, 
    {
        "id": "salt", 
        "name": "SALT", 
        "symbol": "SALT", 
        "rank": "88", 
        "price_usd": "2.15151", 
        "price_btc": "0.00031655", 
        "24h_volume_usd": "13100400.0", 
        "market_cap_usd": "121271422.0", 
        "available_supply": "56365726.0", 
        "total_supply": "120000000.0", 
        "max_supply": null, 
        "percent_change_1h": "-1.52", 
        "percent_change_24h": "6.18", 
        "percent_change_7d": "-2.46", 
        "last_updated": "1523402655"
    }, 
    {
        "id": "nucleus-vision", 
        "name": "Nucleus Vision", 
        "symbol": "NCASH", 
        "rank": "89", 
        "price_usd": "0.0292214", 
        "price_btc": "0.00000430", 
        "24h_volume_usd": "19581600.0", 
        "market_cap_usd": "117253650.0", 
        "available_supply": "4012595236.0", 
        "total_supply": "10000000000.0", 
        "max_supply": null, 
        "percent_change_1h": "-1.34", 
        "percent_change_24h": "6.73", 
        "percent_change_7d": "5.08", 
        "last_updated": "1523402662"
    }, 
    {
        "id": "storm", 
        "name": "Storm", 
        "symbol": "STORM", 
        "rank": "90", 
        "price_usd": "0.0285422", 
        "price_btc": "0.00000420", 
        "24h_volume_usd": "16261500.0", 
        "market_cap_usd": "116704861.0", 
        "available_supply": "4088853037.0", 
        "total_supply": "10000000000.0", 
        "max_supply": null, 
        "percent_change_1h": "-1.26", 
        "percent_change_24h": "0.51", 
        "percent_change_7d": "-11.72", 
        "last_updated": "1523402659"
    }, 
    {
        "id": "power-ledger", 
        "name": "Power Ledger", 
        "symbol": "POWR", 
        "rank": "91", 
        "price_usd": "0.30883", 
        "price_btc": "0.00004544", 
        "24h_volume_usd": "6465770.0", 
        "market_cap_usd": "112393412.0", 
        "available_supply": "363932947.0", 
        "total_supply": "1000000000.0", 
        "max_supply": null, 
        "percent_change_1h": "-1.2", 
        "percent_change_24h": "3.61", 
        "percent_change_7d": "-11.72", 
        "last_updated": "1523402657"
    }, 
    {
        "id": "particl", 
        "name": "Particl", 
        "symbol": "PART", 
        "rank": "92", 
        "price_usd": "12.4095", 
        "price_btc": "0.0018258", 
        "24h_volume_usd": "2126620.0", 
        "market_cap_usd": "110830517.0", 
        "available_supply": "8931103.0", 
        "total_supply": "8931103.0", 
        "max_supply": null, 
        "percent_change_1h": "0.73", 
        "percent_change_24h": "0.33", 
        "percent_change_7d": "17.29", 
        "last_updated": "1523402653"
    }, 
    {
        "id": "bancor", 
        "name": "Bancor", 
        "symbol": "BNT", 
        "rank": "93", 
        "price_usd": "2.42136", 
        "price_btc": "0.00035625", 
        "24h_volume_usd": "5079930.0", 
        "market_cap_usd": "109063489.0", 
        "available_supply": "45042244.0", 
        "total_supply": "74716805.0", 
        "max_supply": null, 
        "percent_change_1h": "-0.6", 
        "percent_change_24h": "5.21", 
        "percent_change_7d": "3.55", 
        "last_updated": "1523402652"
    }, 
    {
        "id": "wax", 
        "name": "WAX", 
        "symbol": "WAX", 
        "rank": "94", 
        "price_usd": "0.174644", 
        "price_btc": "0.00002570", 
        "24h_volume_usd": "3826630.0", 
        "market_cap_usd": "108106538.0", 
        "available_supply": "619010888.0", 
        "total_supply": "1850000000.0", 
        "max_supply": null, 
        "percent_change_1h": "-0.69", 
        "percent_change_24h": "6.9", 
        "percent_change_7d": "3.29", 
        "last_updated": "1523402659"
    }, 
    {
        "id": "request-network", 
        "name": "Request Network", 
        "symbol": "REQ", 
        "rank": "95", 
        "price_usd": "0.157747", 
        "price_btc": "0.00002321", 
        "24h_volume_usd": "3025860.0", 
        "market_cap_usd": "104580154.0", 
        "available_supply": "662961287.0", 
        "total_supply": "999999783.0", 
        "max_supply": null, 
        "percent_change_1h": "-0.92", 
        "percent_change_24h": "1.24", 
        "percent_change_7d": "-5.37", 
        "last_updated": "1523402656"
    }, 
    {
        "id": "enigma-project", 
        "name": "Enigma", 
        "symbol": "ENG", 
        "rank": "96", 
        "price_usd": "1.3952", 
        "price_btc": "0.00020527", 
        "24h_volume_usd": "5578230.0", 
        "market_cap_usd": "104411426.0", 
        "available_supply": "74836171.0", 
        "total_supply": "150000000.0", 
        "max_supply": null, 
        "percent_change_1h": "-1.19", 
        "percent_change_24h": "3.04", 
        "percent_change_7d": "-7.95", 
        "last_updated": "1523402656"
    }, 
    {
        "id": "dent", 
        "name": "Dent", 
        "symbol": "DENT", 
        "rank": "97", 
        "price_usd": "0.00972405", 
        "price_btc": "0.00000143", 
        "24h_volume_usd": "822280.0", 
        "market_cap_usd": "103218466.0", 
        "available_supply": "10614760961.0", 
        "total_supply": "100000000000", 
        "max_supply": null, 
        "percent_change_1h": "-0.95", 
        "percent_change_24h": "-0.83", 
        "percent_change_7d": "-15.13", 
        "last_updated": "1523402654"
    }, 
    {
        "id": "neblio", 
        "name": "Neblio", 
        "symbol": "NEBL", 
        "rank": "98", 
        "price_usd": "7.78422", 
        "price_btc": "0.00114529", 
        "24h_volume_usd": "9069730.0", 
        "market_cap_usd": "101113605.0", 
        "available_supply": "12989562.0", 
        "total_supply": "13746484.0", 
        "max_supply": null, 
        "percent_change_1h": "-2.04", 
        "percent_change_24h": "4.4", 
        "percent_change_7d": "-3.03", 
        "last_updated": "1523402655"
    }, 
    {
        "id": "storj", 
        "name": "Storj", 
        "symbol": "STORJ", 
        "rank": "99", 
        "price_usd": "0.748209", 
        "price_btc": "0.00011008", 
        "24h_volume_usd": "10694400.0", 
        "market_cap_usd": "99830154.0", 
        "available_supply": "133425493.0", 
        "total_supply": "424999998.0", 
        "max_supply": null, 
        "percent_change_1h": "-0.98", 
        "percent_change_24h": "3.28", 
        "percent_change_7d": "-10.64", 
        "last_updated": "1523402652"
    }, 
    {
        "id": "dentacoin", 
        "name": "Dentacoin", 
        "symbol": "DCN", 
        "rank": "100", 
        "price_usd": "0.000304233", 
        "price_btc": "0.00000004", 
        "24h_volume_usd": "84518.1", 
        "market_cap_usd": "98944668.0", 
        "available_supply": "325226613094", 
        "total_supply": "1963173416169", 
        "max_supply": "8000000000000", 
        "percent_change_1h": "-0.98", 
        "percent_change_24h": "3.51", 
        "percent_change_7d": "-5.44", 
        "last_updated": "1523402654"
    }
]