[
    {
        "id": "bitcoin", 
        "name": "Bitcoin", 
        "symbol": "BTC", 
        "rank": "1", 
        "price_usd": "6849.81", 
        "price_btc": "1.0", 
        "24h_volume_usd": "4278140000.0", 
        "market_cap_usd": "116233740909", 
        "available_supply": "16968900.0", 
        "total_supply": "16968900.0", 
        "max_supply": "21000000.0", 
        "percent_change_1h": "0.47", 
        "percent_change_24h": "1.26", 
        "percent_change_7d": "-7.75", 
        "last_updated": "1523406869"
    }, 
    {
        "id": "ethereum", 
        "name": "Ethereum", 
        "symbol": "ETH", 
        "rank": "2", 
        "price_usd": "416.695", 
        "price_btc": "0.0609507", 
        "24h_volume_usd": "1209910000.0", 
        "market_cap_usd": "41145356535.0", 
        "available_supply": "98742141.0", 
        "total_supply": "98742141.0", 
        "max_supply": null, 
        "percent_change_1h": "1.16", 
        "percent_change_24h": "4.77", 
        "percent_change_7d": "1.31", 
        "last_updated": "1523406854"
    }, 
    {
        "id": "ripple", 
        "name": "Ripple", 
        "symbol": "XRP", 
        "rank": "3", 
        "price_usd": "0.49246", 
        "price_btc": "0.00007203", 
        "24h_volume_usd": "154169000.0", 
        "market_cap_usd": "19252487626.0", 
        "available_supply": "39094520623.0", 
        "total_supply": "99992405149.0", 
        "max_supply": "100000000000", 
        "percent_change_1h": "0.38", 
        "percent_change_24h": "0.65", 
        "percent_change_7d": "-9.8", 
        "last_updated": "1523406841"
    }, 
    {
        "id": "bitcoin-cash", 
        "name": "Bitcoin Cash", 
        "symbol": "BCH", 
        "rank": "4", 
        "price_usd": "652.246", 
        "price_btc": "0.0954051", 
        "24h_volume_usd": "224480000.0", 
        "market_cap_usd": "11131540053.0", 
        "available_supply": "17066475.0", 
        "total_supply": "17066475.0", 
        "max_supply": "21000000.0", 
        "percent_change_1h": "0.64", 
        "percent_change_24h": "2.57", 
        "percent_change_7d": "-7.38", 
        "last_updated": "1523406852"
    }, 
    {
        "id": "litecoin", 
        "name": "Litecoin", 
        "symbol": "LTC", 
        "rank": "5", 
        "price_usd": "114.501", 
        "price_btc": "0.0167483", 
        "24h_volume_usd": "199627000.0", 
        "market_cap_usd": "6415177610.0", 
        "available_supply": "56027263.0", 
        "total_supply": "56027263.0", 
        "max_supply": "84000000.0", 
        "percent_change_1h": "0.47", 
        "percent_change_24h": "-0.38", 
        "percent_change_7d": "-13.5", 
        "last_updated": "1523406841"
    }, 
    {
        "id": "eos", 
        "name": "EOS", 
        "symbol": "EOS", 
        "rank": "6", 
        "price_usd": "5.99662", 
        "price_btc": "0.00087714", 
        "24h_volume_usd": "224405000.0", 
        "market_cap_usd": "4705503992.0", 
        "available_supply": "784692709.0", 
        "total_supply": "900000000.0", 
        "max_supply": "1000000000.0", 
        "percent_change_1h": "0.29", 
        "percent_change_24h": "2.34", 
        "percent_change_7d": "-1.13", 
        "last_updated": "1523406851"
    }, 
    {
        "id": "cardano", 
        "name": "Cardano", 
        "symbol": "ADA", 
        "rank": "7", 
        "price_usd": "0.156341", 
        "price_btc": "0.00002287", 
        "24h_volume_usd": "55212800.0", 
        "market_cap_usd": "4053464135.0", 
        "available_supply": "25927070538.0", 
        "total_supply": "31112483745.0", 
        "max_supply": "45000000000.0", 
        "percent_change_1h": "0.43", 
        "percent_change_24h": "2.97", 
        "percent_change_7d": "-8.43", 
        "last_updated": "1523406854"
    }, 
    {
        "id": "stellar", 
        "name": "Stellar", 
        "symbol": "XLM", 
        "rank": "8", 
        "price_usd": "0.199161", 
        "price_btc": "0.00002913", 
        "24h_volume_usd": "27137200.0", 
        "market_cap_usd": "3694684758.0", 
        "available_supply": "18551246269.0", 
        "total_supply": "103847435165", 
        "max_supply": null, 
        "percent_change_1h": "0.29", 
        "percent_change_24h": "1.06", 
        "percent_change_7d": "-14.31", 
        "last_updated": "1523406844"
    }, 
    {
        "id": "neo", 
        "name": "NEO", 
        "symbol": "NEO", 
        "rank": "9", 
        "price_usd": "52.6598", 
        "price_btc": "0.00770264", 
        "24h_volume_usd": "87593000.0", 
        "market_cap_usd": "3422887000.0", 
        "available_supply": "65000000.0", 
        "total_supply": "100000000.0", 
        "max_supply": "100000000.0", 
        "percent_change_1h": "1.03", 
        "percent_change_24h": "1.24", 
        "percent_change_7d": "-0.11", 
        "last_updated": "1523406848"
    }, 
    {
        "id": "iota", 
        "name": "IOTA", 
        "symbol": "MIOTA", 
        "rank": "10", 
        "price_usd": "1.0102", 
        "price_btc": "0.00014776", 
        "24h_volume_usd": "21012100.0", 
        "market_cap_usd": "2807881492.0", 
        "available_supply": "2779530283.0", 
        "total_supply": "2779530283.0", 
        "max_supply": "2779530283.0", 
        "percent_change_1h": "0.64", 
        "percent_change_24h": "2.4", 
        "percent_change_7d": "-7.22", 
        "last_updated": "1523406851"
    }, 
    {
        "id": "monero", 
        "name": "Monero", 
        "symbol": "XMR", 
        "rank": "11", 
        "price_usd": "165.713", 
        "price_btc": "0.0242391", 
        "24h_volume_usd": "31165600.0", 
        "market_cap_usd": "2637527561.0", 
        "available_supply": "15916238.0", 
        "total_supply": "15916238.0", 
        "max_supply": null, 
        "percent_change_1h": "0.23", 
        "percent_change_24h": "-0.46", 
        "percent_change_7d": "-11.85", 
        "last_updated": "1523406842"
    }, 
    {
        "id": "tron", 
        "name": "TRON", 
        "symbol": "TRX", 
        "rank": "12", 
        "price_usd": "0.0368748", 
        "price_btc": "0.00000539", 
        "24h_volume_usd": "303041000.0", 
        "market_cap_usd": "2424448467.0", 
        "available_supply": "65748111645.0", 
        "total_supply": "100000000000", 
        "max_supply": null, 
        "percent_change_1h": "0.2", 
        "percent_change_24h": "3.71", 
        "percent_change_7d": "7.28", 
        "last_updated": "1523406854"
    }, 
    {
        "id": "dash", 
        "name": "Dash", 
        "symbol": "DASH", 
        "rank": "13", 
        "price_usd": "299.425", 
        "price_btc": "0.0437974", 
        "24h_volume_usd": "71052500.0", 
        "market_cap_usd": "2396291173.0", 
        "available_supply": "8002976.0", 
        "total_supply": "8002976.0", 
        "max_supply": "18900000.0", 
        "percent_change_1h": "0.68", 
        "percent_change_24h": "0.52", 
        "percent_change_7d": "-11.24", 
        "last_updated": "1523406842"
    }, 
    {
        "id": "tether", 
        "name": "Tether", 
        "symbol": "USDT", 
        "rank": "14", 
        "price_usd": "0.996808", 
        "price_btc": "0.0001458", 
        "24h_volume_usd": "1253960000.0", 
        "market_cap_usd": "2279840260.0", 
        "available_supply": "2287140814.0", 
        "total_supply": "2580109970.0", 
        "max_supply": null, 
        "percent_change_1h": "-0.19", 
        "percent_change_24h": "-0.2", 
        "percent_change_7d": "-0.47", 
        "last_updated": "1523406845"
    }, 
    {
        "id": "nem", 
        "name": "NEM", 
        "symbol": "XEM", 
        "rank": "15", 
        "price_usd": "0.235925", 
        "price_btc": "0.00003451", 
        "24h_volume_usd": "12766600.0", 
        "market_cap_usd": "2123325000.0", 
        "available_supply": "8999999999.0", 
        "total_supply": "8999999999.0", 
        "max_supply": null, 
        "percent_change_1h": "0.75", 
        "percent_change_24h": "3.07", 
        "percent_change_7d": "-6.82", 
        "last_updated": "1523406844"
    }, 
    {
        "id": "vechain", 
        "name": "VeChain", 
        "symbol": "VEN", 
        "rank": "16", 
        "price_usd": "2.76169", 
        "price_btc": "0.00040396", 
        "24h_volume_usd": "67291900.0", 
        "market_cap_usd": "1449253456.0", 
        "available_supply": "524770505.0", 
        "total_supply": "873378637.0", 
        "max_supply": null, 
        "percent_change_1h": "2.91", 
        "percent_change_24h": "8.24", 
        "percent_change_7d": "-3.07", 
        "last_updated": "1523406853"
    }, 
    {
        "id": "binance-coin", 
        "name": "Binance Coin", 
        "symbol": "BNB", 
        "rank": "17", 
        "price_usd": "12.0196", 
        "price_btc": "0.00175812", 
        "24h_volume_usd": "87928700.0", 
        "market_cap_usd": "1397417977.0", 
        "available_supply": "116261604.0", 
        "total_supply": "197192382.0", 
        "max_supply": null, 
        "percent_change_1h": "0.73", 
        "percent_change_24h": "1.3", 
        "percent_change_7d": "-8.74", 
        "last_updated": "1523406852"
    }, 
    {
        "id": "ethereum-classic", 
        "name": "Ethereum Classic", 
        "symbol": "ETC", 
        "rank": "18", 
        "price_usd": "13.6645", 
        "price_btc": "0.00199873", 
        "24h_volume_usd": "73390900.0", 
        "market_cap_usd": "1381355018.0", 
        "available_supply": "101090784.0", 
        "total_supply": "101090784.0", 
        "max_supply": null, 
        "percent_change_1h": "0.39", 
        "percent_change_24h": "0.64", 
        "percent_change_7d": "-8.65", 
        "last_updated": "1523406847"
    }, 
    {
        "id": "verge", 
        "name": "Verge", 
        "symbol": "XVG", 
        "rank": "19", 
        "price_usd": "0.0848433", 
        "price_btc": "0.00001241", 
        "24h_volume_usd": "445730000.0", 
        "market_cap_usd": "1260774686.0", 
        "available_supply": "14860038286.0", 
        "total_supply": "14860038286.0", 
        "max_supply": "16555000000.0", 
        "percent_change_1h": "-0.15", 
        "percent_change_24h": "10.18", 
        "percent_change_7d": "23.63", 
        "last_updated": "1523406843"
    }, 
    {
        "id": "qtum", 
        "name": "Qtum", 
        "symbol": "QTUM", 
        "rank": "20", 
        "price_usd": "13.5712", 
        "price_btc": "0.00198508", 
        "24h_volume_usd": "89762100.0", 
        "market_cap_usd": "1201237668.0", 
        "available_supply": "88513740.0", 
        "total_supply": "100513740.0", 
        "max_supply": null, 
        "percent_change_1h": "0.9", 
        "percent_change_24h": "1.22", 
        "percent_change_7d": "-9.26", 
        "last_updated": "1523406850"
    }, 
    {
        "id": "ontology", 
        "name": "Ontology", 
        "symbol": "ONT", 
        "rank": "21", 
        "price_usd": "4.54833", 
        "price_btc": "0.00066529", 
        "24h_volume_usd": "164109000.0", 
        "market_cap_usd": "1097222987.0", 
        "available_supply": "241236451.0", 
        "total_supply": "1000000000.0", 
        "max_supply": null, 
        "percent_change_1h": "-2.16", 
        "percent_change_24h": "25.62", 
        "percent_change_7d": "97.37", 
        "last_updated": "1523406861"
    }, 
    {
        "id": "omisego", 
        "name": "OmiseGO", 
        "symbol": "OMG", 
        "rank": "22", 
        "price_usd": "9.27348", 
        "price_btc": "0.00135645", 
        "24h_volume_usd": "27739200.0", 
        "market_cap_usd": "946289563.0", 
        "available_supply": "102042552.0", 
        "total_supply": "140245398.0", 
        "max_supply": null, 
        "percent_change_1h": "0.67", 
        "percent_change_24h": "2.23", 
        "percent_change_7d": "-1.34", 
        "last_updated": "1523406852"
    }, 
    {
        "id": "lisk", 
        "name": "Lisk", 
        "symbol": "LSK", 
        "rank": "23", 
        "price_usd": "8.53697", 
        "price_btc": "0.00124872", 
        "24h_volume_usd": "14272600.0", 
        "market_cap_usd": "885462990.0", 
        "available_supply": "103720991.0", 
        "total_supply": "119971508.0", 
        "max_supply": null, 
        "percent_change_1h": "0.77", 
        "percent_change_24h": "-0.4", 
        "percent_change_7d": "-11.25", 
        "last_updated": "1523406847"
    }, 
    {
        "id": "icon", 
        "name": "ICON", 
        "symbol": "ICX", 
        "rank": "24", 
        "price_usd": "2.11142", 
        "price_btc": "0.00030884", 
        "24h_volume_usd": "45799900.0", 
        "market_cap_usd": "817206654.0", 
        "available_supply": "387041258.0", 
        "total_supply": "400228750.0", 
        "max_supply": null, 
        "percent_change_1h": "0.19", 
        "percent_change_24h": "5.36", 
        "percent_change_7d": "-6.66", 
        "last_updated": "1523406855"
    }, 
    {
        "id": "bitcoin-gold", 
        "name": "Bitcoin Gold", 
        "symbol": "BTG", 
        "rank": "25", 
        "price_usd": "40.8933", 
        "price_btc": "0.00598153", 
        "24h_volume_usd": "7602020.0", 
        "market_cap_usd": "692553536.0", 
        "available_supply": "16935624.0", 
        "total_supply": "17035624.0", 
        "max_supply": "21000000.0", 
        "percent_change_1h": "0.46", 
        "percent_change_24h": "-0.43", 
        "percent_change_7d": "-11.63", 
        "last_updated": "1523406855"
    }, 
    {
        "id": "zcash", 
        "name": "Zcash", 
        "symbol": "ZEC", 
        "rank": "26", 
        "price_usd": "180.865", 
        "price_btc": "0.0264554", 
        "24h_volume_usd": "33457900.0", 
        "market_cap_usd": "664510444.0", 
        "available_supply": "3674069.0", 
        "total_supply": "3674069.0", 
        "max_supply": null, 
        "percent_change_1h": "1.05", 
        "percent_change_24h": "1.92", 
        "percent_change_7d": "-11.31", 
        "last_updated": "1523406848"
    }, 
    {
        "id": "nano", 
        "name": "Nano", 
        "symbol": "NANO", 
        "rank": "27", 
        "price_usd": "4.8564", 
        "price_btc": "0.00071035", 
        "24h_volume_usd": "6720000.0", 
        "market_cap_usd": "647106992.0", 
        "available_supply": "133248289.0", 
        "total_supply": "133248289.0", 
        "max_supply": "133248290.0", 
        "percent_change_1h": "0.76", 
        "percent_change_24h": "0.47", 
        "percent_change_7d": "-18.37", 
        "last_updated": "1523406849"
    }, 
    {
        "id": "bytom", 
        "name": "Bytom", 
        "symbol": "BTM", 
        "rank": "28", 
        "price_usd": "0.605432", 
        "price_btc": "0.00008856", 
        "24h_volume_usd": "24717900.0", 
        "market_cap_usd": "597561384.0", 
        "available_supply": "987000000.0", 
        "total_supply": "1407000000.0", 
        "max_supply": null, 
        "percent_change_1h": "2.8", 
        "percent_change_24h": "15.36", 
        "percent_change_7d": "24.41", 
        "last_updated": "1523406852"
    }, 
    {
        "id": "wanchain", 
        "name": "Wanchain", 
        "symbol": "WAN", 
        "rank": "29", 
        "price_usd": "4.50532", 
        "price_btc": "0.000659", 
        "24h_volume_usd": "29094100.0", 
        "market_cap_usd": "478250948.0", 
        "available_supply": "106152493.0", 
        "total_supply": "210000000.0", 
        "max_supply": null, 
        "percent_change_1h": "1.41", 
        "percent_change_24h": "22.29", 
        "percent_change_7d": "31.17", 
        "last_updated": "1523406862"
    }, 
    {
        "id": "steem", 
        "name": "Steem", 
        "symbol": "STEEM", 
        "rank": "30", 
        "price_usd": "1.83458", 
        "price_btc": "0.00026835", 
        "24h_volume_usd": "2100010.0", 
        "market_cap_usd": "469934738.0", 
        "available_supply": "256153854.0", 
        "total_supply": "273127948.0", 
        "max_supply": null, 
        "percent_change_1h": "0.11", 
        "percent_change_24h": "0.95", 
        "percent_change_7d": "-10.19", 
        "last_updated": "1523406846"
    }, 
    {
        "id": "bytecoin-bcn", 
        "name": "Bytecoin", 
        "symbol": "BCN", 
        "rank": "31", 
        "price_usd": "0.00238773", 
        "price_btc": "0.00000035", 
        "24h_volume_usd": "4499910.0", 
        "market_cap_usd": "438938676.0", 
        "available_supply": "183830950665", 
        "total_supply": "183830950665", 
        "max_supply": "184470000000", 
        "percent_change_1h": "3.56", 
        "percent_change_24h": "12.21", 
        "percent_change_7d": "3.44", 
        "last_updated": "1523406843"
    }, 
    {
        "id": "populous", 
        "name": "Populous", 
        "symbol": "PPT", 
        "rank": "32", 
        "price_usd": "11.7205", 
        "price_btc": "0.00171437", 
        "24h_volume_usd": "1200920.0", 
        "market_cap_usd": "433705697.0", 
        "available_supply": "37004027.0", 
        "total_supply": "53252246.0", 
        "max_supply": "53252246.0", 
        "percent_change_1h": "0.1", 
        "percent_change_24h": "0.83", 
        "percent_change_7d": "-10.29", 
        "last_updated": "1523406851"
    }, 
    {
        "id": "digixdao", 
        "name": "DigixDAO", 
        "symbol": "DGD", 
        "rank": "33", 
        "price_usd": "207.42", 
        "price_btc": "0.0303397", 
        "24h_volume_usd": "10789100.0", 
        "market_cap_usd": "414840000.0", 
        "available_supply": "2000000.0", 
        "total_supply": "2000000.0", 
        "max_supply": null, 
        "percent_change_1h": "-0.5", 
        "percent_change_24h": "-0.39", 
        "percent_change_7d": "-11.34", 
        "last_updated": "1523406846"
    }, 
    {
        "id": "siacoin", 
        "name": "Siacoin", 
        "symbol": "SC", 
        "rank": "34", 
        "price_usd": "0.0115189", 
        "price_btc": "0.00000168", 
        "24h_volume_usd": "8837680.0", 
        "market_cap_usd": "388196388.0", 
        "available_supply": "33700821044.0", 
        "total_supply": "33700821044.0", 
        "max_supply": null, 
        "percent_change_1h": "0.67", 
        "percent_change_24h": "6.37", 
        "percent_change_7d": "-3.39", 
        "last_updated": "1523406846"
    }, 
    {
        "id": "bitcoin-diamond", 
        "name": "Bitcoin Diamond", 
        "symbol": "BCD", 
        "rank": "35", 
        "price_usd": "2.4985", 
        "price_btc": "0.00036546", 
        "24h_volume_usd": "1667630.0", 
        "market_cap_usd": "382345455.0", 
        "available_supply": "153030000.0", 
        "total_supply": "156030000.0", 
        "max_supply": "210000000.0", 
        "percent_change_1h": "-0.13", 
        "percent_change_24h": "4.17", 
        "percent_change_7d": "11.72", 
        "last_updated": "1523406857"
    }, 
    {
        "id": "stratis", 
        "name": "Stratis", 
        "symbol": "STRAT", 
        "rank": "36", 
        "price_usd": "3.78226", 
        "price_btc": "0.00055324", 
        "24h_volume_usd": "6103210.0", 
        "market_cap_usd": "373731878.0", 
        "available_supply": "98811789.0", 
        "total_supply": "98811789.0", 
        "max_supply": null, 
        "percent_change_1h": "1.84", 
        "percent_change_24h": "6.18", 
        "percent_change_7d": "-4.85", 
        "last_updated": "1523406847"
    }, 
    {
        "id": "bitshares", 
        "name": "BitShares", 
        "symbol": "BTS", 
        "rank": "37", 
        "price_usd": "0.142153", 
        "price_btc": "0.00002079", 
        "24h_volume_usd": "6378560.0", 
        "market_cap_usd": "371690292.0", 
        "available_supply": "2614720000.0", 
        "total_supply": "2614720000.0", 
        "max_supply": "3600570502.0", 
        "percent_change_1h": "-0.21", 
        "percent_change_24h": "2.7", 
        "percent_change_7d": "-5.27", 
        "last_updated": "1523406842"
    }, 
    {
        "id": "decred", 
        "name": "Decred", 
        "symbol": "DCR", 
        "rank": "38", 
        "price_usd": "51.0901", 
        "price_btc": "0.00747303", 
        "24h_volume_usd": "18460700.0", 
        "market_cap_usd": "362888976.0", 
        "available_supply": "7102922.0", 
        "total_supply": "7522922.0", 
        "max_supply": "21000000.0", 
        "percent_change_1h": "0.62", 
        "percent_change_24h": "5.9", 
        "percent_change_7d": "9.72", 
        "last_updated": "1523406846"
    }, 
    {
        "id": "waves", 
        "name": "Waves", 
        "symbol": "WAVES", 
        "rank": "39", 
        "price_usd": "3.61965", 
        "price_btc": "0.00052945", 
        "24h_volume_usd": "16469000.0", 
        "market_cap_usd": "361965000.0", 
        "available_supply": "100000000.0", 
        "total_supply": "100000000.0", 
        "max_supply": null, 
        "percent_change_1h": "0.32", 
        "percent_change_24h": "4.4", 
        "percent_change_7d": "-9.54", 
        "last_updated": "1523406847"
    }, 
    {
        "id": "rchain", 
        "name": "RChain", 
        "symbol": "RHOC", 
        "rank": "40", 
        "price_usd": "0.996844", 
        "price_btc": "0.00014581", 
        "24h_volume_usd": "1873360.0", 
        "market_cap_usd": "358484506.0", 
        "available_supply": "359619465.0", 
        "total_supply": "870663574.0", 
        "max_supply": "1000000000.0", 
        "percent_change_1h": "-1.76", 
        "percent_change_24h": "3.34", 
        "percent_change_7d": "0.9", 
        "last_updated": "1523406854"
    }, 
    {
        "id": "maker", 
        "name": "Maker", 
        "symbol": "MKR", 
        "rank": "41", 
        "price_usd": "560.24", 
        "price_btc": "0.0819472", 
        "24h_volume_usd": "245440.0", 
        "market_cap_usd": "346355926.0", 
        "available_supply": "618228.0", 
        "total_supply": "1000000.0", 
        "max_supply": null, 
        "percent_change_1h": "-0.66", 
        "percent_change_24h": "5.89", 
        "percent_change_7d": "6.94", 
        "last_updated": "1523406848"
    }, 
    {
        "id": "dogecoin", 
        "name": "Dogecoin", 
        "symbol": "DOGE", 
        "rank": "42", 
        "price_usd": "0.00301747", 
        "price_btc": "0.00000044", 
        "24h_volume_usd": "10197900.0", 
        "market_cap_usd": "343876815.0", 
        "available_supply": "113961966538", 
        "total_supply": "113961966538", 
        "max_supply": null, 
        "percent_change_1h": "-0.21", 
        "percent_change_24h": "9.55", 
        "percent_change_7d": "1.56", 
        "last_updated": "1523406841"
    }, 
    {
        "id": "aeternity", 
        "name": "Aeternity", 
        "symbol": "AE", 
        "rank": "43", 
        "price_usd": "1.36225", 
        "price_btc": "0.00019926", 
        "24h_volume_usd": "3897960.0", 
        "market_cap_usd": "317432138.0", 
        "available_supply": "233020472.0", 
        "total_supply": "273685830.0", 
        "max_supply": null, 
        "percent_change_1h": "0.81", 
        "percent_change_24h": "3.47", 
        "percent_change_7d": "-8.81", 
        "last_updated": "1523406851"
    }, 
    {
        "id": "status", 
        "name": "Status", 
        "symbol": "SNT", 
        "rank": "44", 
        "price_usd": "0.0896652", 
        "price_btc": "0.00001312", 
        "24h_volume_usd": "18280100.0", 
        "market_cap_usd": "311181623.0", 
        "available_supply": "3470483788.0", 
        "total_supply": "6804870174.0", 
        "max_supply": null, 
        "percent_change_1h": "0.73", 
        "percent_change_24h": "2.18", 
        "percent_change_7d": "-13.48", 
        "last_updated": "1523406851"
    }, 
    {
        "id": "0x", 
        "name": "0x", 
        "symbol": "ZRX", 
        "rank": "45", 
        "price_usd": "0.56165", 
        "price_btc": "0.00008215", 
        "24h_volume_usd": "4558400.0", 
        "market_cap_usd": "293585037.0", 
        "available_supply": "522718841.0", 
        "total_supply": "1000000000.0", 
        "max_supply": null, 
        "percent_change_1h": "0.44", 
        "percent_change_24h": "3.94", 
        "percent_change_7d": "-5.31", 
        "last_updated": "1523406853"
    }, 
    {
        "id": "zilliqa", 
        "name": "Zilliqa", 
        "symbol": "ZIL", 
        "rank": "46", 
        "price_usd": "0.0401491", 
        "price_btc": "0.00000587", 
        "24h_volume_usd": "14825400.0", 
        "market_cap_usd": "286987300.0", 
        "available_supply": "7148038186.0", 
        "total_supply": "12600000000.0", 
        "max_supply": null, 
        "percent_change_1h": "0.41", 
        "percent_change_24h": "3.1", 
        "percent_change_7d": "-11.33", 
        "last_updated": "1523406860"
    }, 
    {
        "id": "komodo", 
        "name": "Komodo", 
        "symbol": "KMD", 
        "rank": "47", 
        "price_usd": "2.64618", 
        "price_btc": "0.00038706", 
        "24h_volume_usd": "2377110.0", 
        "market_cap_usd": "275305388.0", 
        "available_supply": "104038798.0", 
        "total_supply": "104038798.0", 
        "max_supply": null, 
        "percent_change_1h": "0.73", 
        "percent_change_24h": "5.39", 
        "percent_change_7d": "-8.77", 
        "last_updated": "1523406849"
    }, 
    {
        "id": "augur", 
        "name": "Augur", 
        "symbol": "REP", 
        "rank": "48", 
        "price_usd": "24.8075", 
        "price_btc": "0.00362863", 
        "24h_volume_usd": "2233740.0", 
        "market_cap_usd": "272882500.0", 
        "available_supply": "11000000.0", 
        "total_supply": "11000000.0", 
        "max_supply": null, 
        "percent_change_1h": "0.73", 
        "percent_change_24h": "1.6", 
        "percent_change_7d": "-7.52", 
        "last_updated": "1523406846"
    }, 
    {
        "id": "ardor", 
        "name": "Ardor", 
        "symbol": "ARDR", 
        "rank": "49", 
        "price_usd": "0.253301", 
        "price_btc": "0.00003705", 
        "24h_volume_usd": "2371250.0", 
        "market_cap_usd": "253047571.0", 
        "available_supply": "998999495.0", 
        "total_supply": "998999495.0", 
        "max_supply": "998999495.0", 
        "percent_change_1h": "0.2", 
        "percent_change_24h": "3.89", 
        "percent_change_7d": "-15.89", 
        "last_updated": "1523406847"
    }, 
    {
        "id": "iostoken", 
        "name": "IOStoken", 
        "symbol": "IOST", 
        "rank": "50", 
        "price_usd": "0.0291778", 
        "price_btc": "0.00000427", 
        "24h_volume_usd": "45924400.0", 
        "market_cap_usd": "245093520.0", 
        "available_supply": "8400000000.0", 
        "total_supply": "21000000000.0", 
        "max_supply": null, 
        "percent_change_1h": "0.88", 
        "percent_change_24h": "-2.41", 
        "percent_change_7d": "11.52", 
        "last_updated": "1523406859"
    }, 
    {
        "id": "aion", 
        "name": "Aion", 
        "symbol": "AION", 
        "rank": "51", 
        "price_usd": "2.08019", 
        "price_btc": "0.00030427", 
        "24h_volume_usd": "10926100.0", 
        "market_cap_usd": "239887242.0", 
        "available_supply": "115319871.0", 
        "total_supply": "465934587.0", 
        "max_supply": null, 
        "percent_change_1h": "-2.05", 
        "percent_change_24h": "0.14", 
        "percent_change_7d": "-5.09", 
        "last_updated": "1523406855"
    }, 
    {
        "id": "loopring", 
        "name": "Loopring", 
        "symbol": "LRC", 
        "rank": "52", 
        "price_usd": "0.415271", 
        "price_btc": "0.00006074", 
        "24h_volume_usd": "4753230.0", 
        "market_cap_usd": "237565760.0", 
        "available_supply": "572074043.0", 
        "total_supply": "1374956262.0", 
        "max_supply": null, 
        "percent_change_1h": "-0.71", 
        "percent_change_24h": "1.85", 
        "percent_change_7d": "4.34", 
        "last_updated": "1523406853"
    }, 
    {
        "id": "golem-network-tokens", 
        "name": "Golem", 
        "symbol": "GNT", 
        "rank": "53", 
        "price_usd": "0.279824", 
        "price_btc": "0.00004093", 
        "24h_volume_usd": "41070800.0", 
        "market_cap_usd": "233446530.0", 
        "available_supply": "834262000.0", 
        "total_supply": "1000000000.0", 
        "max_supply": null, 
        "percent_change_1h": "0.75", 
        "percent_change_24h": "13.96", 
        "percent_change_7d": "29.17", 
        "last_updated": "1523406848"
    }, 
    {
        "id": "kucoin-shares", 
        "name": "KuCoin Shares", 
        "symbol": "KCS", 
        "rank": "54", 
        "price_usd": "2.47993", 
        "price_btc": "0.00036274", 
        "24h_volume_usd": "292787.0", 
        "market_cap_usd": "225780455.0", 
        "available_supply": "91043076.0", 
        "total_supply": "181043076.0", 
        "max_supply": null, 
        "percent_change_1h": "0.99", 
        "percent_change_24h": "5.2", 
        "percent_change_7d": "1.24", 
        "last_updated": "1523406855"
    }, 
    {
        "id": "ark", 
        "name": "Ark", 
        "symbol": "ARK", 
        "rank": "55", 
        "price_usd": "2.20058", 
        "price_btc": "0.00032188", 
        "24h_volume_usd": "1977250.0", 
        "market_cap_usd": "224055979.0", 
        "available_supply": "101816784.0", 
        "total_supply": "133066784.0", 
        "max_supply": null, 
        "percent_change_1h": "0.91", 
        "percent_change_24h": "6.17", 
        "percent_change_7d": "-5.64", 
        "last_updated": "1523406850"
    }, 
    {
        "id": "hshare", 
        "name": "Hshare", 
        "symbol": "HSR", 
        "rank": "56", 
        "price_usd": "5.17515", 
        "price_btc": "0.00075698", 
        "24h_volume_usd": "13942800.0", 
        "market_cap_usd": "221740957.0", 
        "available_supply": "42847252.0", 
        "total_supply": "42847252.0", 
        "max_supply": "84000000.0", 
        "percent_change_1h": "-0.36", 
        "percent_change_24h": "-0.37", 
        "percent_change_7d": "-9.49", 
        "last_updated": "1523406853"
    }, 
    {
        "id": "cryptonex", 
        "name": "Cryptonex", 
        "symbol": "CNX", 
        "rank": "57", 
        "price_usd": "4.83708", 
        "price_btc": "0.00070753", 
        "24h_volume_usd": "1261810.0", 
        "market_cap_usd": "218670726.0", 
        "available_supply": "45207176.0", 
        "total_supply": "106644801.0", 
        "max_supply": "210000000.0", 
        "percent_change_1h": "2.42", 
        "percent_change_24h": "2.43", 
        "percent_change_7d": "-5.2", 
        "last_updated": "1523406855"
    }, 
    {
        "id": "pivx", 
        "name": "PIVX", 
        "symbol": "PIVX", 
        "rank": "58", 
        "price_usd": "3.88739", 
        "price_btc": "0.00056861", 
        "24h_volume_usd": "1454680.0", 
        "market_cap_usd": "217502116.0", 
        "available_supply": "55950680.0", 
        "total_supply": "55950680.0", 
        "max_supply": null, 
        "percent_change_1h": "0.19", 
        "percent_change_24h": "0.34", 
        "percent_change_7d": "-6.31", 
        "last_updated": "1523406846"
    }, 
    {
        "id": "waltonchain", 
        "name": "Waltonchain", 
        "symbol": "WTC", 
        "rank": "59", 
        "price_usd": "8.73543", 
        "price_btc": "0.00127775", 
        "24h_volume_usd": "1885690.0", 
        "market_cap_usd": "217496291.0", 
        "available_supply": "24898178.0", 
        "total_supply": "70000000.0", 
        "max_supply": "100000000.0", 
        "percent_change_1h": "1.63", 
        "percent_change_24h": "4.26", 
        "percent_change_7d": "-16.72", 
        "last_updated": "1523406853"
    }, 
    {
        "id": "aelf", 
        "name": "aelf", 
        "symbol": "ELF", 
        "rank": "60", 
        "price_usd": "0.80346", 
        "price_btc": "0.00011752", 
        "24h_volume_usd": "88459100.0", 
        "market_cap_usd": "200865000.0", 
        "available_supply": "250000000.0", 
        "total_supply": "280000000.0", 
        "max_supply": "1000000000.0", 
        "percent_change_1h": "0.61", 
        "percent_change_24h": "36.55", 
        "percent_change_7d": "41.51", 
        "last_updated": "1523406858"
    }, 
    {
        "id": "digibyte", 
        "name": "DigiByte", 
        "symbol": "DGB", 
        "rank": "61", 
        "price_usd": "0.0198559", 
        "price_btc": "0.00000290", 
        "24h_volume_usd": "3059630.0", 
        "market_cap_usd": "200494588.0", 
        "available_supply": "10097481758.0", 
        "total_supply": "10097481758.0", 
        "max_supply": "21000000000.0", 
        "percent_change_1h": "-1.09", 
        "percent_change_24h": "8.76", 
        "percent_change_7d": "-1.47", 
        "last_updated": "1523406841"
    }, 
    {
        "id": "basic-attention-token", 
        "name": "Basic Attention Token", 
        "symbol": "BAT", 
        "rank": "62", 
        "price_usd": "0.199722", 
        "price_btc": "0.00002921", 
        "24h_volume_usd": "5181540.0", 
        "market_cap_usd": "199722000.0", 
        "available_supply": "1000000000.0", 
        "total_supply": "1500000000.0", 
        "max_supply": null, 
        "percent_change_1h": "1.84", 
        "percent_change_24h": "6.8", 
        "percent_change_7d": "-5.13", 
        "last_updated": "1523406851"
    }, 
    {
        "id": "centrality", 
        "name": "Centrality", 
        "symbol": "CENNZ", 
        "rank": "63", 
        "price_usd": "0.296025", 
        "price_btc": "0.00004330", 
        "24h_volume_usd": "109799.0", 
        "market_cap_usd": "195073736.0", 
        "available_supply": "658977236.0", 
        "total_supply": "1200000000.0", 
        "max_supply": null, 
        "percent_change_1h": "-0.15", 
        "percent_change_24h": "3.68", 
        "percent_change_7d": "-16.23", 
        "last_updated": "1523406861"
    }, 
    {
        "id": "monacoin", 
        "name": "MonaCoin", 
        "symbol": "MONA", 
        "rank": "64", 
        "price_usd": "3.27255", 
        "price_btc": "0.00047868", 
        "24h_volume_usd": "872834.0", 
        "market_cap_usd": "192051642.0", 
        "available_supply": "58685625.0", 
        "total_supply": "58685625.0", 
        "max_supply": null, 
        "percent_change_1h": "0.48", 
        "percent_change_24h": "1.05", 
        "percent_change_7d": "-7.63", 
        "last_updated": "1523406842"
    }, 
    {
        "id": "veritaseum", 
        "name": "Veritaseum", 
        "symbol": "VERI", 
        "rank": "65", 
        "price_usd": "91.1671", 
        "price_btc": "0.0133352", 
        "24h_volume_usd": "342812.0", 
        "market_cap_usd": "185675058.0", 
        "available_supply": "2036645.0", 
        "total_supply": "100000000.0", 
        "max_supply": null, 
        "percent_change_1h": "1.7", 
        "percent_change_24h": "-0.63", 
        "percent_change_7d": "-25.39", 
        "last_updated": "1523406851"
    }, 
    {
        "id": "qash", 
        "name": "QASH", 
        "symbol": "QASH", 
        "rank": "66", 
        "price_usd": "0.528094", 
        "price_btc": "0.00007725", 
        "24h_volume_usd": "3706130.0", 
        "market_cap_usd": "184832900.0", 
        "available_supply": "350000000.0", 
        "total_supply": "1000000000.0", 
        "max_supply": null, 
        "percent_change_1h": "0.1", 
        "percent_change_24h": "-0.27", 
        "percent_change_7d": "-14.86", 
        "last_updated": "1523406857"
    }, 
    {
        "id": "factom", 
        "name": "Factom", 
        "symbol": "FCT", 
        "rank": "67", 
        "price_usd": "20.4718", 
        "price_btc": "0.00299445", 
        "24h_volume_usd": "478963.0", 
        "market_cap_usd": "179027979.0", 
        "available_supply": "8745102.0", 
        "total_supply": "8745102.0", 
        "max_supply": null, 
        "percent_change_1h": "1.03", 
        "percent_change_24h": "3.97", 
        "percent_change_7d": "-4.68", 
        "last_updated": "1523406845"
    }, 
    {
        "id": "dragonchain", 
        "name": "Dragonchain", 
        "symbol": "DRGN", 
        "rank": "68", 
        "price_usd": "0.711599", 
        "price_btc": "0.00010409", 
        "24h_volume_usd": "1208520.0", 
        "market_cap_usd": "169660814.0", 
        "available_supply": "238421940.0", 
        "total_supply": "433494437.0", 
        "max_supply": null, 
        "percent_change_1h": "-0.7", 
        "percent_change_24h": "0.17", 
        "percent_change_7d": "-3.31", 
        "last_updated": "1523406857"
    }, 
    {
        "id": "elastos", 
        "name": "Elastos", 
        "symbol": "ELA", 
        "rank": "69", 
        "price_usd": "33.3422", 
        "price_btc": "0.00487702", 
        "24h_volume_usd": "13244400.0", 
        "market_cap_usd": "165543189.0", 
        "available_supply": "4964975.0", 
        "total_supply": "33379033.0", 
        "max_supply": null, 
        "percent_change_1h": "-0.06", 
        "percent_change_24h": "1.82", 
        "percent_change_7d": "20.93", 
        "last_updated": "1523406861"
    }, 
    {
        "id": "nebulas-token", 
        "name": "Nebulas", 
        "symbol": "NAS", 
        "rank": "70", 
        "price_usd": "4.57196", 
        "price_btc": "0.00066875", 
        "24h_volume_usd": "7950450.0", 
        "market_cap_usd": "162304580.0", 
        "available_supply": "35500000.0", 
        "total_supply": "100000000.0", 
        "max_supply": "100000000.0", 
        "percent_change_1h": "-0.34", 
        "percent_change_24h": "3.61", 
        "percent_change_7d": "-6.18", 
        "last_updated": "1523406853"
    }, 
    {
        "id": "gas", 
        "name": "Gas", 
        "symbol": "GAS", 
        "rank": "71", 
        "price_usd": "15.4105", 
        "price_btc": "0.00225412", 
        "24h_volume_usd": "4145220.0", 
        "market_cap_usd": "155057679.0", 
        "available_supply": "10061820.0", 
        "total_supply": "16914970.0", 
        "max_supply": "100000000.0", 
        "percent_change_1h": "0.12", 
        "percent_change_24h": "2.31", 
        "percent_change_7d": "-9.02", 
        "last_updated": "1523406851"
    }, 
    {
        "id": "substratum", 
        "name": "Substratum", 
        "symbol": "SUB", 
        "rank": "72", 
        "price_usd": "0.398789", 
        "price_btc": "0.00005833", 
        "24h_volume_usd": "5207590.0", 
        "market_cap_usd": "152744562.0", 
        "available_supply": "383021000.0", 
        "total_supply": "472000000.0", 
        "max_supply": null, 
        "percent_change_1h": "0.41", 
        "percent_change_24h": "5.15", 
        "percent_change_7d": "6.56", 
        "last_updated": "1523406854"
    }, 
    {
        "id": "ethos", 
        "name": "Ethos", 
        "symbol": "ETHOS", 
        "rank": "73", 
        "price_usd": "1.98359", 
        "price_btc": "0.00029014", 
        "24h_volume_usd": "3405550.0", 
        "market_cap_usd": "151540146.0", 
        "available_supply": "76396909.0", 
        "total_supply": "222295208.0", 
        "max_supply": null, 
        "percent_change_1h": "0.56", 
        "percent_change_24h": "2.4", 
        "percent_change_7d": "-8.98", 
        "last_updated": "1523406852"
    }, 
    {
        "id": "gxchain", 
        "name": "GXChain", 
        "symbol": "GXS", 
        "rank": "74", 
        "price_usd": "2.49018", 
        "price_btc": "0.00036424", 
        "24h_volume_usd": "13152500.0", 
        "market_cap_usd": "149410800.0", 
        "available_supply": "60000000.0", 
        "total_supply": "100000000.0", 
        "max_supply": "100000000.0", 
        "percent_change_1h": "0.61", 
        "percent_change_24h": "2.88", 
        "percent_change_7d": "-9.26", 
        "last_updated": "1523406851"
    }, 
    {
        "id": "syscoin", 
        "name": "Syscoin", 
        "symbol": "SYS", 
        "rank": "75", 
        "price_usd": "0.276232", 
        "price_btc": "0.00004040", 
        "24h_volume_usd": "1535910.0", 
        "market_cap_usd": "147013090.0", 
        "available_supply": "532208759.0", 
        "total_supply": "532208759.0", 
        "max_supply": "888000000.0", 
        "percent_change_1h": "-0.38", 
        "percent_change_24h": "2.42", 
        "percent_change_7d": "-8.17", 
        "last_updated": "1523406843"
    }, 
    {
        "id": "revain", 
        "name": "Revain", 
        "symbol": "R", 
        "rank": "76", 
        "price_usd": "0.780027", 
        "price_btc": "0.0001141", 
        "24h_volume_usd": "2936440.0", 
        "market_cap_usd": "143875980.0", 
        "available_supply": "184450000.0", 
        "total_supply": "484450000.0", 
        "max_supply": "484450000.0", 
        "percent_change_1h": "0.45", 
        "percent_change_24h": "0.65", 
        "percent_change_7d": "-4.25", 
        "last_updated": "1523406855"
    }, 
    {
        "id": "electroneum", 
        "name": "Electroneum", 
        "symbol": "ETN", 
        "rank": "77", 
        "price_usd": "0.0211929", 
        "price_btc": "0.00000310", 
        "24h_volume_usd": "703574.0", 
        "market_cap_usd": "141467595.0", 
        "available_supply": "6675235354.0", 
        "total_supply": "6675235354.0", 
        "max_supply": "21000000000.0", 
        "percent_change_1h": "0.17", 
        "percent_change_24h": "-0.41", 
        "percent_change_7d": "-5.41", 
        "last_updated": "1523406856"
    }, 
    {
        "id": "kyber-network", 
        "name": "Kyber Network", 
        "symbol": "KNC", 
        "rank": "78", 
        "price_usd": "1.04721", 
        "price_btc": "0.00015318", 
        "24h_volume_usd": "8580850.0", 
        "market_cap_usd": "140465102.0", 
        "available_supply": "134132697.0", 
        "total_supply": "215625349.0", 
        "max_supply": null, 
        "percent_change_1h": "0.98", 
        "percent_change_24h": "6.0", 
        "percent_change_7d": "1.24", 
        "last_updated": "1523406854"
    }, 
    {
        "id": "funfair", 
        "name": "FunFair", 
        "symbol": "FUN", 
        "rank": "79", 
        "price_usd": "0.0295312", 
        "price_btc": "0.00000432", 
        "24h_volume_usd": "687300.0", 
        "market_cap_usd": "139489831.0", 
        "available_supply": "4723473189.0", 
        "total_supply": "10999873621.0", 
        "max_supply": null, 
        "percent_change_1h": "0.71", 
        "percent_change_24h": "2.34", 
        "percent_change_7d": "-8.36", 
        "last_updated": "1523406851"
    }, 
    {
        "id": "skycoin", 
        "name": "Skycoin", 
        "symbol": "SKY", 
        "rank": "80", 
        "price_usd": "17.4764", 
        "price_btc": "0.0025563", 
        "24h_volume_usd": "7239790.0", 
        "market_cap_usd": "136092589.0", 
        "available_supply": "7787221.0", 
        "total_supply": "25000000.0", 
        "max_supply": "100000000.0", 
        "percent_change_1h": "-1.22", 
        "percent_change_24h": "12.43", 
        "percent_change_7d": "28.26", 
        "last_updated": "1523406850"
    }, 
    {
        "id": "reddcoin", 
        "name": "ReddCoin", 
        "symbol": "RDD", 
        "rank": "81", 
        "price_usd": "0.00459337", 
        "price_btc": "0.00000067", 
        "24h_volume_usd": "6434420.0", 
        "market_cap_usd": "132329079.0", 
        "available_supply": "28808713174.0", 
        "total_supply": "28808713174.0", 
        "max_supply": null, 
        "percent_change_1h": "-0.54", 
        "percent_change_24h": "15.06", 
        "percent_change_7d": "0.69", 
        "last_updated": "1523406841"
    }, 
    {
        "id": "zcoin", 
        "name": "ZCoin", 
        "symbol": "XZC", 
        "rank": "82", 
        "price_usd": "28.6974", 
        "price_btc": "0.00419761", 
        "24h_volume_usd": "936701.0", 
        "market_cap_usd": "129190989.0", 
        "available_supply": "4501836.0", 
        "total_supply": "4501836.0", 
        "max_supply": "21400000.0", 
        "percent_change_1h": "0.85", 
        "percent_change_24h": "2.64", 
        "percent_change_7d": "-7.77", 
        "last_updated": "1523406848"
    }, 
    {
        "id": "maidsafecoin", 
        "name": "MaidSafeCoin", 
        "symbol": "MAID", 
        "rank": "83", 
        "price_usd": "0.282196", 
        "price_btc": "0.00004128", 
        "24h_volume_usd": "1085740.0", 
        "market_cap_usd": "127708480.0", 
        "available_supply": "452552412.0", 
        "total_supply": "452552412.0", 
        "max_supply": null, 
        "percent_change_1h": "1.96", 
        "percent_change_24h": "7.03", 
        "percent_change_7d": "4.1", 
        "last_updated": "1523406842"
    }, 
    {
        "id": "nxt", 
        "name": "Nxt", 
        "symbol": "NXT", 
        "rank": "84", 
        "price_usd": "0.127229", 
        "price_btc": "0.00001861", 
        "24h_volume_usd": "5620980.0", 
        "market_cap_usd": "127101764.0", 
        "available_supply": "998999942.0", 
        "total_supply": "998999942.0", 
        "max_supply": "1000000000.0", 
        "percent_change_1h": "-0.03", 
        "percent_change_24h": "8.79", 
        "percent_change_7d": "-0.02", 
        "last_updated": "1523406841"
    }, 
    {
        "id": "chainlink", 
        "name": "ChainLink", 
        "symbol": "LINK", 
        "rank": "85", 
        "price_usd": "0.360032", 
        "price_btc": "0.00005266", 
        "24h_volume_usd": "9412180.0", 
        "market_cap_usd": "126011200.0", 
        "available_supply": "350000000.0", 
        "total_supply": "1000000000.0", 
        "max_supply": null, 
        "percent_change_1h": "1.3", 
        "percent_change_24h": "14.4", 
        "percent_change_7d": "22.1", 
        "last_updated": "1523406853"
    }, 
    {
        "id": "mixin", 
        "name": "Mixin", 
        "symbol": "XIN", 
        "rank": "86", 
        "price_usd": "309.645", 
        "price_btc": "0.0452922", 
        "24h_volume_usd": "1135820.0", 
        "market_cap_usd": "125764270.0", 
        "available_supply": "406156.0", 
        "total_supply": "1000000.0", 
        "max_supply": null, 
        "percent_change_1h": "-1.3", 
        "percent_change_24h": "-14.57", 
        "percent_change_7d": "34.03", 
        "last_updated": "1523406859"
    }, 
    {
        "id": "byteball", 
        "name": "Byteball Bytes", 
        "symbol": "GBYTE", 
        "rank": "87", 
        "price_usd": "193.24", 
        "price_btc": "0.0282655", 
        "24h_volume_usd": "343718.0", 
        "market_cap_usd": "124682710.0", 
        "available_supply": "645222.0", 
        "total_supply": "1000000.0", 
        "max_supply": null, 
        "percent_change_1h": "-0.51", 
        "percent_change_24h": "5.52", 
        "percent_change_7d": "3.24", 
        "last_updated": "1523406848"
    }, 
    {
        "id": "salt", 
        "name": "SALT", 
        "symbol": "SALT", 
        "rank": "88", 
        "price_usd": "2.17284", 
        "price_btc": "0.00031782", 
        "24h_volume_usd": "13209100.0", 
        "market_cap_usd": "122473703.0", 
        "available_supply": "56365726.0", 
        "total_supply": "120000000.0", 
        "max_supply": null, 
        "percent_change_1h": "0.73", 
        "percent_change_24h": "4.77", 
        "percent_change_7d": "-1.49", 
        "last_updated": "1523406854"
    }, 
    {
        "id": "nucleus-vision", 
        "name": "Nucleus Vision", 
        "symbol": "NCASH", 
        "rank": "89", 
        "price_usd": "0.0296067", 
        "price_btc": "0.00000433", 
        "24h_volume_usd": "19935700.0", 
        "market_cap_usd": "118799703.0", 
        "available_supply": "4012595236.0", 
        "total_supply": "10000000000.0", 
        "max_supply": null, 
        "percent_change_1h": "0.89", 
        "percent_change_24h": "7.75", 
        "percent_change_7d": "6.24", 
        "last_updated": "1523406861"
    }, 
    {
        "id": "storm", 
        "name": "Storm", 
        "symbol": "STORM", 
        "rank": "90", 
        "price_usd": "0.0286169", 
        "price_btc": "0.00000419", 
        "24h_volume_usd": "15566100.0", 
        "market_cap_usd": "117010298.0", 
        "available_supply": "4088853037.0", 
        "total_supply": "10000000000.0", 
        "max_supply": null, 
        "percent_change_1h": "0.06", 
        "percent_change_24h": "1.21", 
        "percent_change_7d": "-11.27", 
        "last_updated": "1523406858"
    }, 
    {
        "id": "power-ledger", 
        "name": "Power Ledger", 
        "symbol": "POWR", 
        "rank": "91", 
        "price_usd": "0.309519", 
        "price_btc": "0.00004527", 
        "24h_volume_usd": "6594690.0", 
        "market_cap_usd": "112644162.0", 
        "available_supply": "363932947.0", 
        "total_supply": "1000000000.0", 
        "max_supply": null, 
        "percent_change_1h": "0.26", 
        "percent_change_24h": "3.51", 
        "percent_change_7d": "-11.83", 
        "last_updated": "1523406856"
    }, 
    {
        "id": "particl", 
        "name": "Particl", 
        "symbol": "PART", 
        "rank": "92", 
        "price_usd": "12.4455", 
        "price_btc": "0.00182043", 
        "24h_volume_usd": "2170230.0", 
        "market_cap_usd": "111152037.0", 
        "available_supply": "8931103.0", 
        "total_supply": "8931103.0", 
        "max_supply": null, 
        "percent_change_1h": "-0.26", 
        "percent_change_24h": "3.34", 
        "percent_change_7d": "17.66", 
        "last_updated": "1523406852"
    }, 
    {
        "id": "bancor", 
        "name": "Bancor", 
        "symbol": "BNT", 
        "rank": "93", 
        "price_usd": "2.44134", 
        "price_btc": "0.0003571", 
        "24h_volume_usd": "5143190.0", 
        "market_cap_usd": "109949350.0", 
        "available_supply": "45036476.0", 
        "total_supply": "74711036.0", 
        "max_supply": null, 
        "percent_change_1h": "0.71", 
        "percent_change_24h": "5.82", 
        "percent_change_7d": "4.42", 
        "last_updated": "1523406851"
    }, 
    {
        "id": "wax", 
        "name": "WAX", 
        "symbol": "WAX", 
        "rank": "94", 
        "price_usd": "0.174833", 
        "price_btc": "0.00002557", 
        "24h_volume_usd": "3966960.0", 
        "market_cap_usd": "108223183.0", 
        "available_supply": "619008898.0", 
        "total_supply": "1850000000.0", 
        "max_supply": null, 
        "percent_change_1h": "-0.4", 
        "percent_change_24h": "7.11", 
        "percent_change_7d": "4.2", 
        "last_updated": "1523406858"
    }, 
    {
        "id": "enigma-project", 
        "name": "Enigma", 
        "symbol": "ENG", 
        "rank": "95", 
        "price_usd": "1.44542", 
        "price_btc": "0.00021142", 
        "24h_volume_usd": "6005700.0", 
        "market_cap_usd": "108169698.0", 
        "available_supply": "74836171.0", 
        "total_supply": "150000000.0", 
        "max_supply": null, 
        "percent_change_1h": "2.74", 
        "percent_change_24h": "6.66", 
        "percent_change_7d": "-4.1", 
        "last_updated": "1523406855"
    }, 
    {
        "id": "request-network", 
        "name": "Request Network", 
        "symbol": "REQ", 
        "rank": "96", 
        "price_usd": "0.159326", 
        "price_btc": "0.00002330", 
        "24h_volume_usd": "3055930.0", 
        "market_cap_usd": "105626970.0", 
        "available_supply": "662961287.0", 
        "total_supply": "999999783.0", 
        "max_supply": null, 
        "percent_change_1h": "1.01", 
        "percent_change_24h": "1.88", 
        "percent_change_7d": "-4.32", 
        "last_updated": "1523406855"
    }, 
    {
        "id": "dent", 
        "name": "Dent", 
        "symbol": "DENT", 
        "rank": "97", 
        "price_usd": "0.00972515", 
        "price_btc": "0.00000142", 
        "24h_volume_usd": "823702.0", 
        "market_cap_usd": "103230143.0", 
        "available_supply": "10614760961.0", 
        "total_supply": "100000000000", 
        "max_supply": null, 
        "percent_change_1h": "-0.01", 
        "percent_change_24h": "-1.29", 
        "percent_change_7d": "-15.25", 
        "last_updated": "1523406853"
    }, 
    {
        "id": "neblio", 
        "name": "Neblio", 
        "symbol": "NEBL", 
        "rank": "98", 
        "price_usd": "7.93981", 
        "price_btc": "0.00116137", 
        "24h_volume_usd": "9285960.0", 
        "market_cap_usd": "103135557.0", 
        "available_supply": "12989676.0", 
        "total_supply": "13746611.0", 
        "max_supply": null, 
        "percent_change_1h": "1.43", 
        "percent_change_24h": "6.08", 
        "percent_change_7d": "-0.83", 
        "last_updated": "1523406854"
    }, 
    {
        "id": "storj", 
        "name": "Storj", 
        "symbol": "STORJ", 
        "rank": "99", 
        "price_usd": "0.748559", 
        "price_btc": "0.00010949", 
        "24h_volume_usd": "8531990.0", 
        "market_cap_usd": "99876853.0", 
        "available_supply": "133425493.0", 
        "total_supply": "424999998.0", 
        "max_supply": null, 
        "percent_change_1h": "0.17", 
        "percent_change_24h": "1.9", 
        "percent_change_7d": "-10.79", 
        "last_updated": "1523406851"
    }, 
    {
        "id": "dentacoin", 
        "name": "Dentacoin", 
        "symbol": "DCN", 
        "rank": "100", 
        "price_usd": "0.000304762", 
        "price_btc": "0.00000004", 
        "24h_volume_usd": "83810.5", 
        "market_cap_usd": "99116713.0", 
        "available_supply": "325226613094", 
        "total_supply": "1963173416169", 
        "max_supply": "8000000000000", 
        "percent_change_1h": "0.29", 
        "percent_change_24h": "2.12", 
        "percent_change_7d": "-5.51", 
        "last_updated": "1523406852"
    }
]