[
    {
        "id": "bitcoin", 
        "name": "Bitcoin", 
        "symbol": "BTC", 
        "rank": "1", 
        "price_usd": "6849.81", 
        "price_btc": "1.0", 
        "24h_volume_usd": "4278140000.0", 
        "market_cap_usd": "116233740909", 
        "available_supply": "16968900.0", 
        "total_supply": "16968900.0", 
        "max_supply": "21000000.0", 
        "percent_change_1h": "0.47", 
        "percent_change_24h": "1.26", 
        "percent_change_7d": "-7.75", 
        "last_updated": "1523406869"
    }, 
    {
        "id": "ethereum", 
        "name": "Ethereum", 
        "symbol": "ETH", 
        "rank": "2", 
        "price_usd": "416.695", 
        "price_btc": "0.0609507", 
        "24h_volume_usd": "1209910000.0", 
        "market_cap_usd": "41145356535.0", 
        "available_supply": "98742141.0", 
        "total_supply": "98742141.0", 
        "max_supply": null, 
        "percent_change_1h": "1.16", 
        "percent_change_24h": "4.77", 
        "percent_change_7d": "1.31", 
        "last_updated": "1523406854"
    }, 
    {
        "id": "ripple", 
        "name": "Ripple", 
        "symbol": "XRP", 
        "rank": "3", 
        "price_usd": "0.492868", 
        "price_btc": "0.00007209", 
        "24h_volume_usd": "154246000.0", 
        "market_cap_usd": "19268438190.0", 
        "available_supply": "39094520623.0", 
        "total_supply": "99992405149.0", 
        "max_supply": "100000000000", 
        "percent_change_1h": "0.43", 
        "percent_change_24h": "0.74", 
        "percent_change_7d": "-9.73", 
        "last_updated": "1523407141"
    }, 
    {
        "id": "bitcoin-cash", 
        "name": "Bitcoin Cash", 
        "symbol": "BCH", 
        "rank": "4", 
        "price_usd": "652.246", 
        "price_btc": "0.0954051", 
        "24h_volume_usd": "224480000.0", 
        "market_cap_usd": "11131540053.0", 
        "available_supply": "17066475.0", 
        "total_supply": "17066475.0", 
        "max_supply": "21000000.0", 
        "percent_change_1h": "0.64", 
        "percent_change_24h": "2.57", 
        "percent_change_7d": "-7.38", 
        "last_updated": "1523406852"
    }, 
    {
        "id": "litecoin", 
        "name": "Litecoin", 
        "symbol": "LTC", 
        "rank": "5", 
        "price_usd": "114.541", 
        "price_btc": "0.0167536", 
        "24h_volume_usd": "199662000.0", 
        "market_cap_usd": "6417433018.0", 
        "available_supply": "56027388.0", 
        "total_supply": "56027388.0", 
        "max_supply": "84000000.0", 
        "percent_change_1h": "0.45", 
        "percent_change_24h": "-0.35", 
        "percent_change_7d": "-13.46", 
        "last_updated": "1523407141"
    }, 
    {
        "id": "eos", 
        "name": "EOS", 
        "symbol": "EOS", 
        "rank": "6", 
        "price_usd": "5.99513", 
        "price_btc": "0.00087689", 
        "24h_volume_usd": "224501000.0", 
        "market_cap_usd": "4704338678.0", 
        "available_supply": "784693356.0", 
        "total_supply": "900000000.0", 
        "max_supply": "1000000000.0", 
        "percent_change_1h": "0.13", 
        "percent_change_24h": "2.3", 
        "percent_change_7d": "-1.15", 
        "last_updated": "1523407151"
    }, 
    {
        "id": "cardano", 
        "name": "Cardano", 
        "symbol": "ADA", 
        "rank": "7", 
        "price_usd": "0.15641", 
        "price_btc": "0.00002288", 
        "24h_volume_usd": "55492800.0", 
        "market_cap_usd": "4055253103.0", 
        "available_supply": "25927070538.0", 
        "total_supply": "31112483745.0", 
        "max_supply": "45000000000.0", 
        "percent_change_1h": "0.44", 
        "percent_change_24h": "3.01", 
        "percent_change_7d": "-8.4", 
        "last_updated": "1523407154"
    }, 
    {
        "id": "stellar", 
        "name": "Stellar", 
        "symbol": "XLM", 
        "rank": "8", 
        "price_usd": "0.199342", 
        "price_btc": "0.00002916", 
        "24h_volume_usd": "27116500.0", 
        "market_cap_usd": "3698042534.0", 
        "available_supply": "18551246269.0", 
        "total_supply": "103847435165", 
        "max_supply": null, 
        "percent_change_1h": "0.37", 
        "percent_change_24h": "1.13", 
        "percent_change_7d": "-14.23", 
        "last_updated": "1523407143"
    }, 
    {
        "id": "neo", 
        "name": "NEO", 
        "symbol": "NEO", 
        "rank": "9", 
        "price_usd": "52.6458", 
        "price_btc": "0.00770035", 
        "24h_volume_usd": "87389700.0", 
        "market_cap_usd": "3421977000.0", 
        "available_supply": "65000000.0", 
        "total_supply": "100000000.0", 
        "max_supply": "100000000.0", 
        "percent_change_1h": "1.0", 
        "percent_change_24h": "1.24", 
        "percent_change_7d": "-0.14", 
        "last_updated": "1523407147"
    }, 
    {
        "id": "iota", 
        "name": "IOTA", 
        "symbol": "MIOTA", 
        "rank": "10", 
        "price_usd": "1.01066", 
        "price_btc": "0.00014783", 
        "24h_volume_usd": "20954000.0", 
        "market_cap_usd": "2809160076.0", 
        "available_supply": "2779530283.0", 
        "total_supply": "2779530283.0", 
        "max_supply": "2779530283.0", 
        "percent_change_1h": "0.64", 
        "percent_change_24h": "2.42", 
        "percent_change_7d": "-7.17", 
        "last_updated": "1523407151"
    }, 
    {
        "id": "monero", 
        "name": "Monero", 
        "symbol": "XMR", 
        "rank": "11", 
        "price_usd": "165.478", 
        "price_btc": "0.024204", 
        "24h_volume_usd": "31197100.0", 
        "market_cap_usd": "2633796030.0", 
        "available_supply": "15916291.0", 
        "total_supply": "15916291.0", 
        "max_supply": null, 
        "percent_change_1h": "0.06", 
        "percent_change_24h": "-0.6", 
        "percent_change_7d": "-11.97", 
        "last_updated": "1523407143"
    }, 
    {
        "id": "tron", 
        "name": "TRON", 
        "symbol": "TRX", 
        "rank": "12", 
        "price_usd": "0.0368748", 
        "price_btc": "0.00000539", 
        "24h_volume_usd": "303041000.0", 
        "market_cap_usd": "2424448467.0", 
        "available_supply": "65748111645.0", 
        "total_supply": "100000000000", 
        "max_supply": null, 
        "percent_change_1h": "0.2", 
        "percent_change_24h": "3.71", 
        "percent_change_7d": "7.28", 
        "last_updated": "1523406854"
    }, 
    {
        "id": "dash", 
        "name": "Dash", 
        "symbol": "DASH", 
        "rank": "13", 
        "price_usd": "299.391", 
        "price_btc": "0.043791", 
        "24h_volume_usd": "71074400.0", 
        "market_cap_usd": "2396029089.0", 
        "available_supply": "8003010.0", 
        "total_supply": "8003010.0", 
        "max_supply": "18900000.0", 
        "percent_change_1h": "0.62", 
        "percent_change_24h": "0.49", 
        "percent_change_7d": "-11.24", 
        "last_updated": "1523407142"
    }, 
    {
        "id": "tether", 
        "name": "Tether", 
        "symbol": "USDT", 
        "rank": "14", 
        "price_usd": "0.997451", 
        "price_btc": "0.00014589", 
        "24h_volume_usd": "1255040000.0", 
        "market_cap_usd": "2281310892.0", 
        "available_supply": "2287140814.0", 
        "total_supply": "2580109970.0", 
        "max_supply": null, 
        "percent_change_1h": "-0.1", 
        "percent_change_24h": "-0.14", 
        "percent_change_7d": "-0.41", 
        "last_updated": "1523407146"
    }, 
    {
        "id": "nem", 
        "name": "NEM", 
        "symbol": "XEM", 
        "rank": "15", 
        "price_usd": "0.235619", 
        "price_btc": "0.00003446", 
        "24h_volume_usd": "12774400.0", 
        "market_cap_usd": "2120571000.0", 
        "available_supply": "8999999999.0", 
        "total_supply": "8999999999.0", 
        "max_supply": null, 
        "percent_change_1h": "0.55", 
        "percent_change_24h": "2.92", 
        "percent_change_7d": "-6.95", 
        "last_updated": "1523407144"
    }, 
    {
        "id": "vechain", 
        "name": "VeChain", 
        "symbol": "VEN", 
        "rank": "16", 
        "price_usd": "2.76886", 
        "price_btc": "0.00040499", 
        "24h_volume_usd": "67487500.0", 
        "market_cap_usd": "1453016061.0", 
        "available_supply": "524770505.0", 
        "total_supply": "873378637.0", 
        "max_supply": null, 
        "percent_change_1h": "3.13", 
        "percent_change_24h": "8.53", 
        "percent_change_7d": "-2.82", 
        "last_updated": "1523407152"
    }, 
    {
        "id": "binance-coin", 
        "name": "Binance Coin", 
        "symbol": "BNB", 
        "rank": "17", 
        "price_usd": "11.9766", 
        "price_btc": "0.00175178", 
        "24h_volume_usd": "88210400.0", 
        "market_cap_usd": "1392418728.0", 
        "available_supply": "116261604.0", 
        "total_supply": "197192382.0", 
        "max_supply": null, 
        "percent_change_1h": "0.28", 
        "percent_change_24h": "0.89", 
        "percent_change_7d": "-9.03", 
        "last_updated": "1523407153"
    }, 
    {
        "id": "ethereum-classic", 
        "name": "Ethereum Classic", 
        "symbol": "ETC", 
        "rank": "18", 
        "price_usd": "13.6574", 
        "price_btc": "0.00199762", 
        "24h_volume_usd": "73353900.0", 
        "market_cap_usd": "1380641535.0", 
        "available_supply": "101091096.0", 
        "total_supply": "101091096.0", 
        "max_supply": null, 
        "percent_change_1h": "0.24", 
        "percent_change_24h": "0.59", 
        "percent_change_7d": "-8.69", 
        "last_updated": "1523407147"
    }, 
    {
        "id": "verge", 
        "name": "Verge", 
        "symbol": "XVG", 
        "rank": "19", 
        "price_usd": "0.0848979", 
        "price_btc": "0.00001242", 
        "24h_volume_usd": "445181000.0", 
        "market_cap_usd": "1261591209.0", 
        "available_supply": "14860099125.0", 
        "total_supply": "14860099125.0", 
        "max_supply": "16555000000.0", 
        "percent_change_1h": "0.11", 
        "percent_change_24h": "10.08", 
        "percent_change_7d": "23.73", 
        "last_updated": "1523407143"
    }, 
    {
        "id": "qtum", 
        "name": "Qtum", 
        "symbol": "QTUM", 
        "rank": "20", 
        "price_usd": "13.5178", 
        "price_btc": "0.00197721", 
        "24h_volume_usd": "89326800.0", 
        "market_cap_usd": "1196511575.0", 
        "available_supply": "88513780.0", 
        "total_supply": "100513780.0", 
        "max_supply": null, 
        "percent_change_1h": "0.47", 
        "percent_change_24h": "0.82", 
        "percent_change_7d": "-9.61", 
        "last_updated": "1523407150"
    }, 
    {
        "id": "ontology", 
        "name": "Ontology", 
        "symbol": "ONT", 
        "rank": "21", 
        "price_usd": "4.54833", 
        "price_btc": "0.00066529", 
        "24h_volume_usd": "164109000.0", 
        "market_cap_usd": "1097222987.0", 
        "available_supply": "241236451.0", 
        "total_supply": "1000000000.0", 
        "max_supply": null, 
        "percent_change_1h": "-2.16", 
        "percent_change_24h": "25.62", 
        "percent_change_7d": "97.37", 
        "last_updated": "1523406861"
    }, 
    {
        "id": "omisego", 
        "name": "OmiseGO", 
        "symbol": "OMG", 
        "rank": "22", 
        "price_usd": "9.2691", 
        "price_btc": "0.00135576", 
        "24h_volume_usd": "27836000.0", 
        "market_cap_usd": "945842617.0", 
        "available_supply": "102042552.0", 
        "total_supply": "140245398.0", 
        "max_supply": null, 
        "percent_change_1h": "0.61", 
        "percent_change_24h": "2.15", 
        "percent_change_7d": "-1.36", 
        "last_updated": "1523407152"
    }, 
    {
        "id": "lisk", 
        "name": "Lisk", 
        "symbol": "LSK", 
        "rank": "23", 
        "price_usd": "8.53012", 
        "price_btc": "0.00124768", 
        "24h_volume_usd": "14262400.0", 
        "market_cap_usd": "884756561.0", 
        "available_supply": "103721467.0", 
        "total_supply": "119971984.0", 
        "max_supply": null, 
        "percent_change_1h": "0.61", 
        "percent_change_24h": "-0.49", 
        "percent_change_7d": "-11.34", 
        "last_updated": "1523407147"
    }, 
    {
        "id": "icon", 
        "name": "ICON", 
        "symbol": "ICX", 
        "rank": "24", 
        "price_usd": "2.11142", 
        "price_btc": "0.00030884", 
        "24h_volume_usd": "45799900.0", 
        "market_cap_usd": "817206654.0", 
        "available_supply": "387041258.0", 
        "total_supply": "400228750.0", 
        "max_supply": null, 
        "percent_change_1h": "0.19", 
        "percent_change_24h": "5.36", 
        "percent_change_7d": "-6.66", 
        "last_updated": "1523406855"
    }, 
    {
        "id": "bitcoin-gold", 
        "name": "Bitcoin Gold", 
        "symbol": "BTG", 
        "rank": "25", 
        "price_usd": "40.8933", 
        "price_btc": "0.00598153", 
        "24h_volume_usd": "7602020.0", 
        "market_cap_usd": "692553536.0", 
        "available_supply": "16935624.0", 
        "total_supply": "17035624.0", 
        "max_supply": "21000000.0", 
        "percent_change_1h": "0.46", 
        "percent_change_24h": "-0.43", 
        "percent_change_7d": "-11.63", 
        "last_updated": "1523406855"
    }, 
    {
        "id": "zcash", 
        "name": "Zcash", 
        "symbol": "ZEC", 
        "rank": "26", 
        "price_usd": "180.614", 
        "price_btc": "0.0264178", 
        "24h_volume_usd": "33453300.0", 
        "market_cap_usd": "663606315.0", 
        "available_supply": "3674169.0", 
        "total_supply": "3674169.0", 
        "max_supply": null, 
        "percent_change_1h": "0.85", 
        "percent_change_24h": "1.75", 
        "percent_change_7d": "-11.41", 
        "last_updated": "1523407148"
    }, 
    {
        "id": "nano", 
        "name": "Nano", 
        "symbol": "NANO", 
        "rank": "27", 
        "price_usd": "4.86638", 
        "price_btc": "0.00071179", 
        "24h_volume_usd": "6726010.0", 
        "market_cap_usd": "648436810.0", 
        "available_supply": "133248289.0", 
        "total_supply": "133248289.0", 
        "max_supply": "133248290.0", 
        "percent_change_1h": "0.91", 
        "percent_change_24h": "0.65", 
        "percent_change_7d": "-18.21", 
        "last_updated": "1523407149"
    }, 
    {
        "id": "bytom", 
        "name": "Bytom", 
        "symbol": "BTM", 
        "rank": "28", 
        "price_usd": "0.603709", 
        "price_btc": "0.00008830", 
        "24h_volume_usd": "24881400.0", 
        "market_cap_usd": "595860783.0", 
        "available_supply": "987000000.0", 
        "total_supply": "1407000000.0", 
        "max_supply": null, 
        "percent_change_1h": "2.39", 
        "percent_change_24h": "15.05", 
        "percent_change_7d": "24.05", 
        "last_updated": "1523407152"
    }, 
    {
        "id": "wanchain", 
        "name": "Wanchain", 
        "symbol": "WAN", 
        "rank": "29", 
        "price_usd": "4.50532", 
        "price_btc": "0.000659", 
        "24h_volume_usd": "29094100.0", 
        "market_cap_usd": "478250948.0", 
        "available_supply": "106152493.0", 
        "total_supply": "210000000.0", 
        "max_supply": null, 
        "percent_change_1h": "1.41", 
        "percent_change_24h": "22.29", 
        "percent_change_7d": "31.17", 
        "last_updated": "1523406862"
    }, 
    {
        "id": "steem", 
        "name": "Steem", 
        "symbol": "STEEM", 
        "rank": "30", 
        "price_usd": "1.83915", 
        "price_btc": "0.00026901", 
        "24h_volume_usd": "2090190.0", 
        "market_cap_usd": "471107061.0", 
        "available_supply": "256154779.0", 
        "total_supply": "273128873.0", 
        "max_supply": null, 
        "percent_change_1h": "0.23", 
        "percent_change_24h": "1.2", 
        "percent_change_7d": "-9.96", 
        "last_updated": "1523407146"
    }, 
    {
        "id": "bytecoin-bcn", 
        "name": "Bytecoin", 
        "symbol": "BCN", 
        "rank": "31", 
        "price_usd": "0.00238742", 
        "price_btc": "0.00000035", 
        "24h_volume_usd": "4500650.0", 
        "market_cap_usd": "438881740.0", 
        "available_supply": "183830972517", 
        "total_supply": "183830972517", 
        "max_supply": "184470000000", 
        "percent_change_1h": "3.55", 
        "percent_change_24h": "12.19", 
        "percent_change_7d": "3.43", 
        "last_updated": "1523407142"
    }, 
    {
        "id": "populous", 
        "name": "Populous", 
        "symbol": "PPT", 
        "rank": "32", 
        "price_usd": "11.7456", 
        "price_btc": "0.001718", 
        "24h_volume_usd": "1200370.0", 
        "market_cap_usd": "434634498.0", 
        "available_supply": "37004027.0", 
        "total_supply": "53252246.0", 
        "max_supply": "53252246.0", 
        "percent_change_1h": "0.37", 
        "percent_change_24h": "1.02", 
        "percent_change_7d": "-10.02", 
        "last_updated": "1523407152"
    }, 
    {
        "id": "digixdao", 
        "name": "DigixDAO", 
        "symbol": "DGD", 
        "rank": "33", 
        "price_usd": "207.134", 
        "price_btc": "0.0302969", 
        "24h_volume_usd": "10794600.0", 
        "market_cap_usd": "414268000.0", 
        "available_supply": "2000000.0", 
        "total_supply": "2000000.0", 
        "max_supply": null, 
        "percent_change_1h": "-0.72", 
        "percent_change_24h": "-0.54", 
        "percent_change_7d": "-11.45", 
        "last_updated": "1523407146"
    }, 
    {
        "id": "siacoin", 
        "name": "Siacoin", 
        "symbol": "SC", 
        "rank": "34", 
        "price_usd": "0.0115206", 
        "price_btc": "0.00000169", 
        "24h_volume_usd": "8867540.0", 
        "market_cap_usd": "388257143.0", 
        "available_supply": "33701121699.0", 
        "total_supply": "33701121699.0", 
        "max_supply": null, 
        "percent_change_1h": "0.69", 
        "percent_change_24h": "6.36", 
        "percent_change_7d": "-3.36", 
        "last_updated": "1523407145"
    }, 
    {
        "id": "bitcoin-diamond", 
        "name": "Bitcoin Diamond", 
        "symbol": "BCD", 
        "rank": "35", 
        "price_usd": "2.4985", 
        "price_btc": "0.00036546", 
        "24h_volume_usd": "1667630.0", 
        "market_cap_usd": "382345455.0", 
        "available_supply": "153030000.0", 
        "total_supply": "156030000.0", 
        "max_supply": "210000000.0", 
        "percent_change_1h": "-0.13", 
        "percent_change_24h": "4.17", 
        "percent_change_7d": "11.72", 
        "last_updated": "1523406857"
    }, 
    {
        "id": "stratis", 
        "name": "Stratis", 
        "symbol": "STRAT", 
        "rank": "36", 
        "price_usd": "3.77702", 
        "price_btc": "0.00055245", 
        "24h_volume_usd": "6154220.0", 
        "market_cap_usd": "373214157.0", 
        "available_supply": "98811803.0", 
        "total_supply": "98811803.0", 
        "max_supply": null, 
        "percent_change_1h": "1.63", 
        "percent_change_24h": "6.02", 
        "percent_change_7d": "-4.97", 
        "last_updated": "1523407147"
    }, 
    {
        "id": "bitshares", 
        "name": "BitShares", 
        "symbol": "BTS", 
        "rank": "37", 
        "price_usd": "0.142094", 
        "price_btc": "0.00002078", 
        "24h_volume_usd": "6374020.0", 
        "market_cap_usd": "371536024.0", 
        "available_supply": "2614720000.0", 
        "total_supply": "2614720000.0", 
        "max_supply": "3600570502.0", 
        "percent_change_1h": "-0.34", 
        "percent_change_24h": "2.6", 
        "percent_change_7d": "-5.28", 
        "last_updated": "1523407142"
    }, 
    {
        "id": "decred", 
        "name": "Decred", 
        "symbol": "DCR", 
        "rank": "38", 
        "price_usd": "51.1943", 
        "price_btc": "0.00748803", 
        "24h_volume_usd": "18460600.0", 
        "market_cap_usd": "363636836.0", 
        "available_supply": "7103073.0", 
        "total_supply": "7523073.0", 
        "max_supply": "21000000.0", 
        "percent_change_1h": "0.84", 
        "percent_change_24h": "6.1", 
        "percent_change_7d": "9.94", 
        "last_updated": "1523407145"
    }, 
    {
        "id": "waves", 
        "name": "Waves", 
        "symbol": "WAVES", 
        "rank": "39", 
        "price_usd": "3.6198", 
        "price_btc": "0.00052946", 
        "24h_volume_usd": "16507600.0", 
        "market_cap_usd": "361980000.0", 
        "available_supply": "100000000.0", 
        "total_supply": "100000000.0", 
        "max_supply": null, 
        "percent_change_1h": "0.31", 
        "percent_change_24h": "4.38", 
        "percent_change_7d": "-9.52", 
        "last_updated": "1523407147"
    }, 
    {
        "id": "rchain", 
        "name": "RChain", 
        "symbol": "RHOC", 
        "rank": "40", 
        "price_usd": "0.997614", 
        "price_btc": "0.00014592", 
        "24h_volume_usd": "1871340.0", 
        "market_cap_usd": "358761413.0", 
        "available_supply": "359619465.0", 
        "total_supply": "870663574.0", 
        "max_supply": "1000000000.0", 
        "percent_change_1h": "-2.27", 
        "percent_change_24h": "3.41", 
        "percent_change_7d": "0.97", 
        "last_updated": "1523407154"
    }, 
    {
        "id": "maker", 
        "name": "Maker", 
        "symbol": "MKR", 
        "rank": "41", 
        "price_usd": "560.325", 
        "price_btc": "0.0819571", 
        "24h_volume_usd": "245505.0", 
        "market_cap_usd": "346408475.0", 
        "available_supply": "618228.0", 
        "total_supply": "1000000.0", 
        "max_supply": null, 
        "percent_change_1h": "-0.59", 
        "percent_change_24h": "5.88", 
        "percent_change_7d": "6.93", 
        "last_updated": "1523407148"
    }, 
    {
        "id": "dogecoin", 
        "name": "Dogecoin", 
        "symbol": "DOGE", 
        "rank": "42", 
        "price_usd": "0.00301747", 
        "price_btc": "0.00000044", 
        "24h_volume_usd": "10197900.0", 
        "market_cap_usd": "343876815.0", 
        "available_supply": "113961966538", 
        "total_supply": "113961966538", 
        "max_supply": null, 
        "percent_change_1h": "-0.21", 
        "percent_change_24h": "9.55", 
        "percent_change_7d": "1.56", 
        "last_updated": "1523406841"
    }, 
    {
        "id": "aeternity", 
        "name": "Aeternity", 
        "symbol": "AE", 
        "rank": "43", 
        "price_usd": "1.3622", 
        "price_btc": "0.00019924", 
        "24h_volume_usd": "3904450.0", 
        "market_cap_usd": "317420487.0", 
        "available_supply": "233020472.0", 
        "total_supply": "273685830.0", 
        "max_supply": null, 
        "percent_change_1h": "0.81", 
        "percent_change_24h": "3.45", 
        "percent_change_7d": "-8.8", 
        "last_updated": "1523407150"
    }, 
    {
        "id": "status", 
        "name": "Status", 
        "symbol": "SNT", 
        "rank": "44", 
        "price_usd": "0.0895693", 
        "price_btc": "0.00001310", 
        "24h_volume_usd": "18309600.0", 
        "market_cap_usd": "310848804.0", 
        "available_supply": "3470483788.0", 
        "total_supply": "6804870174.0", 
        "max_supply": null, 
        "percent_change_1h": "0.56", 
        "percent_change_24h": "2.09", 
        "percent_change_7d": "-13.57", 
        "last_updated": "1523407151"
    }, 
    {
        "id": "0x", 
        "name": "0x", 
        "symbol": "ZRX", 
        "rank": "45", 
        "price_usd": "0.56165", 
        "price_btc": "0.00008215", 
        "24h_volume_usd": "4558400.0", 
        "market_cap_usd": "293585037.0", 
        "available_supply": "522718841.0", 
        "total_supply": "1000000000.0", 
        "max_supply": null, 
        "percent_change_1h": "0.44", 
        "percent_change_24h": "3.94", 
        "percent_change_7d": "-5.31", 
        "last_updated": "1523406853"
    }, 
    {
        "id": "zilliqa", 
        "name": "Zilliqa", 
        "symbol": "ZIL", 
        "rank": "46", 
        "price_usd": "0.0401491", 
        "price_btc": "0.00000587", 
        "24h_volume_usd": "14825400.0", 
        "market_cap_usd": "286987300.0", 
        "available_supply": "7148038186.0", 
        "total_supply": "12600000000.0", 
        "max_supply": null, 
        "percent_change_1h": "0.41", 
        "percent_change_24h": "3.1", 
        "percent_change_7d": "-11.33", 
        "last_updated": "1523406860"
    }, 
    {
        "id": "komodo", 
        "name": "Komodo", 
        "symbol": "KMD", 
        "rank": "47", 
        "price_usd": "2.64566", 
        "price_btc": "0.00038697", 
        "24h_volume_usd": "2362610.0", 
        "market_cap_usd": "275251287.0", 
        "available_supply": "104038798.0", 
        "total_supply": "104038798.0", 
        "max_supply": null, 
        "percent_change_1h": "0.96", 
        "percent_change_24h": "5.33", 
        "percent_change_7d": "-8.78", 
        "last_updated": "1523407149"
    }, 
    {
        "id": "augur", 
        "name": "Augur", 
        "symbol": "REP", 
        "rank": "48", 
        "price_usd": "24.8064", 
        "price_btc": "0.00362836", 
        "24h_volume_usd": "2212000.0", 
        "market_cap_usd": "272870400.0", 
        "available_supply": "11000000.0", 
        "total_supply": "11000000.0", 
        "max_supply": null, 
        "percent_change_1h": "0.73", 
        "percent_change_24h": "1.59", 
        "percent_change_7d": "-7.52", 
        "last_updated": "1523407145"
    }, 
    {
        "id": "ardor", 
        "name": "Ardor", 
        "symbol": "ARDR", 
        "rank": "49", 
        "price_usd": "0.253271", 
        "price_btc": "0.00003705", 
        "24h_volume_usd": "2362980.0", 
        "market_cap_usd": "253017601.0", 
        "available_supply": "998999495.0", 
        "total_supply": "998999495.0", 
        "max_supply": "998999495.0", 
        "percent_change_1h": "0.19", 
        "percent_change_24h": "3.85", 
        "percent_change_7d": "-15.98", 
        "last_updated": "1523407146"
    }, 
    {
        "id": "iostoken", 
        "name": "IOStoken", 
        "symbol": "IOST", 
        "rank": "50", 
        "price_usd": "0.0291778", 
        "price_btc": "0.00000427", 
        "24h_volume_usd": "45924400.0", 
        "market_cap_usd": "245093520.0", 
        "available_supply": "8400000000.0", 
        "total_supply": "21000000000.0", 
        "max_supply": null, 
        "percent_change_1h": "0.88", 
        "percent_change_24h": "-2.41", 
        "percent_change_7d": "11.52", 
        "last_updated": "1523406859"
    }, 
    {
        "id": "aion", 
        "name": "Aion", 
        "symbol": "AION", 
        "rank": "51", 
        "price_usd": "2.08019", 
        "price_btc": "0.00030427", 
        "24h_volume_usd": "10926100.0", 
        "market_cap_usd": "239887242.0", 
        "available_supply": "115319871.0", 
        "total_supply": "465934587.0", 
        "max_supply": null, 
        "percent_change_1h": "-2.05", 
        "percent_change_24h": "0.14", 
        "percent_change_7d": "-5.09", 
        "last_updated": "1523406855"
    }, 
    {
        "id": "loopring", 
        "name": "Loopring", 
        "symbol": "LRC", 
        "rank": "52", 
        "price_usd": "0.415632", 
        "price_btc": "0.00006079", 
        "24h_volume_usd": "4759840.0", 
        "market_cap_usd": "237772279.0", 
        "available_supply": "572074043.0", 
        "total_supply": "1374956262.0", 
        "max_supply": null, 
        "percent_change_1h": "-0.65", 
        "percent_change_24h": "1.95", 
        "percent_change_7d": "4.42", 
        "last_updated": "1523407153"
    }, 
    {
        "id": "golem-network-tokens", 
        "name": "Golem", 
        "symbol": "GNT", 
        "rank": "53", 
        "price_usd": "0.28086", 
        "price_btc": "0.00004108", 
        "24h_volume_usd": "39829200.0", 
        "market_cap_usd": "234310825.0", 
        "available_supply": "834262000.0", 
        "total_supply": "1000000000.0", 
        "max_supply": null, 
        "percent_change_1h": "1.29", 
        "percent_change_24h": "14.14", 
        "percent_change_7d": "29.67", 
        "last_updated": "1523407148"
    }, 
    {
        "id": "kucoin-shares", 
        "name": "KuCoin Shares", 
        "symbol": "KCS", 
        "rank": "54", 
        "price_usd": "2.47993", 
        "price_btc": "0.00036274", 
        "24h_volume_usd": "292787.0", 
        "market_cap_usd": "225780455.0", 
        "available_supply": "91043076.0", 
        "total_supply": "181043076.0", 
        "max_supply": null, 
        "percent_change_1h": "0.99", 
        "percent_change_24h": "5.2", 
        "percent_change_7d": "1.24", 
        "last_updated": "1523406855"
    }, 
    {
        "id": "ark", 
        "name": "Ark", 
        "symbol": "ARK", 
        "rank": "55", 
        "price_usd": "2.1936", 
        "price_btc": "0.00032085", 
        "24h_volume_usd": "1985370.0", 
        "market_cap_usd": "223345951.0", 
        "available_supply": "101817082.0", 
        "total_supply": "133067082.0", 
        "max_supply": null, 
        "percent_change_1h": "0.49", 
        "percent_change_24h": "5.8", 
        "percent_change_7d": "-5.95", 
        "last_updated": "1523407149"
    }, 
    {
        "id": "hshare", 
        "name": "Hshare", 
        "symbol": "HSR", 
        "rank": "56", 
        "price_usd": "5.19247", 
        "price_btc": "0.00075949", 
        "24h_volume_usd": "13949600.0", 
        "market_cap_usd": "222483359.0", 
        "available_supply": "42847308.0", 
        "total_supply": "42847308.0", 
        "max_supply": "84000000.0", 
        "percent_change_1h": "-0.01", 
        "percent_change_24h": "-0.06", 
        "percent_change_7d": "-9.17", 
        "last_updated": "1523407152"
    }, 
    {
        "id": "cryptonex", 
        "name": "Cryptonex", 
        "symbol": "CNX", 
        "rank": "57", 
        "price_usd": "4.83708", 
        "price_btc": "0.00070753", 
        "24h_volume_usd": "1261810.0", 
        "market_cap_usd": "218670726.0", 
        "available_supply": "45207176.0", 
        "total_supply": "106644801.0", 
        "max_supply": "210000000.0", 
        "percent_change_1h": "2.42", 
        "percent_change_24h": "2.43", 
        "percent_change_7d": "-5.2", 
        "last_updated": "1523406855"
    }, 
    {
        "id": "pivx", 
        "name": "PIVX", 
        "symbol": "PIVX", 
        "rank": "58", 
        "price_usd": "3.88251", 
        "price_btc": "0.00056788", 
        "24h_volume_usd": "1456770.0", 
        "market_cap_usd": "217229424.0", 
        "available_supply": "55950770.0", 
        "total_supply": "55950770.0", 
        "max_supply": null, 
        "percent_change_1h": "0.02", 
        "percent_change_24h": "0.23", 
        "percent_change_7d": "-6.43", 
        "last_updated": "1523407146"
    }, 
    {
        "id": "waltonchain", 
        "name": "Waltonchain", 
        "symbol": "WTC", 
        "rank": "59", 
        "price_usd": "8.66835", 
        "price_btc": "0.00126789", 
        "24h_volume_usd": "1887280.0", 
        "market_cap_usd": "215826121.0", 
        "available_supply": "24898178.0", 
        "total_supply": "70000000.0", 
        "max_supply": "100000000.0", 
        "percent_change_1h": "0.72", 
        "percent_change_24h": "3.43", 
        "percent_change_7d": "-17.37", 
        "last_updated": "1523407154"
    }, 
    {
        "id": "digibyte", 
        "name": "DigiByte", 
        "symbol": "DGB", 
        "rank": "60", 
        "price_usd": "0.0199493", 
        "price_btc": "0.00000292", 
        "24h_volume_usd": "3071850.0", 
        "market_cap_usd": "201439044.0", 
        "available_supply": "10097549498.0", 
        "total_supply": "10097549498.0", 
        "max_supply": "21000000000.0", 
        "percent_change_1h": "-0.64", 
        "percent_change_24h": "9.23", 
        "percent_change_7d": "-1.0", 
        "last_updated": "1523407141"
    }, 
    {
        "id": "aelf", 
        "name": "aelf", 
        "symbol": "ELF", 
        "rank": "61", 
        "price_usd": "0.80346", 
        "price_btc": "0.00011752", 
        "24h_volume_usd": "88459100.0", 
        "market_cap_usd": "200865000.0", 
        "available_supply": "250000000.0", 
        "total_supply": "280000000.0", 
        "max_supply": "1000000000.0", 
        "percent_change_1h": "0.61", 
        "percent_change_24h": "36.55", 
        "percent_change_7d": "41.51", 
        "last_updated": "1523406858"
    }, 
    {
        "id": "basic-attention-token", 
        "name": "Basic Attention Token", 
        "symbol": "BAT", 
        "rank": "62", 
        "price_usd": "0.199576", 
        "price_btc": "0.00002919", 
        "24h_volume_usd": "5189070.0", 
        "market_cap_usd": "199576000.0", 
        "available_supply": "1000000000.0", 
        "total_supply": "1500000000.0", 
        "max_supply": null, 
        "percent_change_1h": "1.77", 
        "percent_change_24h": "6.71", 
        "percent_change_7d": "-5.2", 
        "last_updated": "1523407150"
    }, 
    {
        "id": "centrality", 
        "name": "Centrality", 
        "symbol": "CENNZ", 
        "rank": "63", 
        "price_usd": "0.296025", 
        "price_btc": "0.00004330", 
        "24h_volume_usd": "109799.0", 
        "market_cap_usd": "195073736.0", 
        "available_supply": "658977236.0", 
        "total_supply": "1200000000.0", 
        "max_supply": null, 
        "percent_change_1h": "-0.15", 
        "percent_change_24h": "3.68", 
        "percent_change_7d": "-16.23", 
        "last_updated": "1523406861"
    }, 
    {
        "id": "monacoin", 
        "name": "MonaCoin", 
        "symbol": "MONA", 
        "rank": "64", 
        "price_usd": "3.27198", 
        "price_btc": "0.00047858", 
        "24h_volume_usd": "870838.0", 
        "market_cap_usd": "192019991.0", 
        "available_supply": "58686175.0", 
        "total_supply": "58686175.0", 
        "max_supply": null, 
        "percent_change_1h": "0.43", 
        "percent_change_24h": "1.0", 
        "percent_change_7d": "-7.63", 
        "last_updated": "1523407142"
    }, 
    {
        "id": "veritaseum", 
        "name": "Veritaseum", 
        "symbol": "VERI", 
        "rank": "65", 
        "price_usd": "91.1796", 
        "price_btc": "0.0133366", 
        "24h_volume_usd": "342779.0", 
        "market_cap_usd": "185700517.0", 
        "available_supply": "2036645.0", 
        "total_supply": "100000000.0", 
        "max_supply": null, 
        "percent_change_1h": "2.09", 
        "percent_change_24h": "-0.71", 
        "percent_change_7d": "-25.39", 
        "last_updated": "1523407150"
    }, 
    {
        "id": "qash", 
        "name": "QASH", 
        "symbol": "QASH", 
        "rank": "66", 
        "price_usd": "0.528094", 
        "price_btc": "0.00007725", 
        "24h_volume_usd": "3706130.0", 
        "market_cap_usd": "184832900.0", 
        "available_supply": "350000000.0", 
        "total_supply": "1000000000.0", 
        "max_supply": null, 
        "percent_change_1h": "0.1", 
        "percent_change_24h": "-0.27", 
        "percent_change_7d": "-14.86", 
        "last_updated": "1523406857"
    }, 
    {
        "id": "factom", 
        "name": "Factom", 
        "symbol": "FCT", 
        "rank": "67", 
        "price_usd": "20.4692", 
        "price_btc": "0.00299398", 
        "24h_volume_usd": "478820.0", 
        "market_cap_usd": "179005242.0", 
        "available_supply": "8745102.0", 
        "total_supply": "8745102.0", 
        "max_supply": null, 
        "percent_change_1h": "0.93", 
        "percent_change_24h": "3.96", 
        "percent_change_7d": "-4.68", 
        "last_updated": "1523407144"
    }, 
    {
        "id": "dragonchain", 
        "name": "Dragonchain", 
        "symbol": "DRGN", 
        "rank": "68", 
        "price_usd": "0.711599", 
        "price_btc": "0.00010409", 
        "24h_volume_usd": "1208520.0", 
        "market_cap_usd": "169660814.0", 
        "available_supply": "238421940.0", 
        "total_supply": "433494437.0", 
        "max_supply": null, 
        "percent_change_1h": "-0.7", 
        "percent_change_24h": "0.17", 
        "percent_change_7d": "-3.31", 
        "last_updated": "1523406857"
    }, 
    {
        "id": "elastos", 
        "name": "Elastos", 
        "symbol": "ELA", 
        "rank": "69", 
        "price_usd": "33.3422", 
        "price_btc": "0.00487702", 
        "24h_volume_usd": "13244400.0", 
        "market_cap_usd": "165543189.0", 
        "available_supply": "4964975.0", 
        "total_supply": "33379033.0", 
        "max_supply": null, 
        "percent_change_1h": "-0.06", 
        "percent_change_24h": "1.82", 
        "percent_change_7d": "20.93", 
        "last_updated": "1523406861"
    }, 
    {
        "id": "nebulas-token", 
        "name": "Nebulas", 
        "symbol": "NAS", 
        "rank": "70", 
        "price_usd": "4.58307", 
        "price_btc": "0.00067035", 
        "24h_volume_usd": "7958650.0", 
        "market_cap_usd": "162698985.0", 
        "available_supply": "35500000.0", 
        "total_supply": "100000000.0", 
        "max_supply": "100000000.0", 
        "percent_change_1h": "-0.03", 
        "percent_change_24h": "3.86", 
        "percent_change_7d": "-5.93", 
        "last_updated": "1523407153"
    }, 
    {
        "id": "gas", 
        "name": "Gas", 
        "symbol": "GAS", 
        "rank": "71", 
        "price_usd": "15.3984", 
        "price_btc": "0.00225227", 
        "24h_volume_usd": "4135700.0", 
        "market_cap_usd": "154936560.0", 
        "available_supply": "10061861.0", 
        "total_supply": "16915355.0", 
        "max_supply": "100000000.0", 
        "percent_change_1h": "-0.07", 
        "percent_change_24h": "2.13", 
        "percent_change_7d": "-9.06", 
        "last_updated": "1523407151"
    }, 
    {
        "id": "substratum", 
        "name": "Substratum", 
        "symbol": "SUB", 
        "rank": "72", 
        "price_usd": "0.39952", 
        "price_btc": "0.00005844", 
        "24h_volume_usd": "5216490.0", 
        "market_cap_usd": "153024550.0", 
        "available_supply": "383021000.0", 
        "total_supply": "472000000.0", 
        "max_supply": null, 
        "percent_change_1h": "0.48", 
        "percent_change_24h": "5.33", 
        "percent_change_7d": "6.76", 
        "last_updated": "1523407153"
    }, 
    {
        "id": "ethos", 
        "name": "Ethos", 
        "symbol": "ETHOS", 
        "rank": "73", 
        "price_usd": "1.98757", 
        "price_btc": "0.00029072", 
        "24h_volume_usd": "3437270.0", 
        "market_cap_usd": "151844205.0", 
        "available_supply": "76396909.0", 
        "total_supply": "222295208.0", 
        "max_supply": null, 
        "percent_change_1h": "0.7", 
        "percent_change_24h": "2.59", 
        "percent_change_7d": "-8.79", 
        "last_updated": "1523407151"
    }, 
    {
        "id": "gxchain", 
        "name": "GXChain", 
        "symbol": "GXS", 
        "rank": "74", 
        "price_usd": "2.48926", 
        "price_btc": "0.0003641", 
        "24h_volume_usd": "13172300.0", 
        "market_cap_usd": "149355600.0", 
        "available_supply": "60000000.0", 
        "total_supply": "100000000.0", 
        "max_supply": "100000000.0", 
        "percent_change_1h": "0.44", 
        "percent_change_24h": "2.82", 
        "percent_change_7d": "-9.28", 
        "last_updated": "1523407151"
    }, 
    {
        "id": "syscoin", 
        "name": "Syscoin", 
        "symbol": "SYS", 
        "rank": "75", 
        "price_usd": "0.277184", 
        "price_btc": "0.00004054", 
        "24h_volume_usd": "1530320.0", 
        "market_cap_usd": "147519822.0", 
        "available_supply": "532209008.0", 
        "total_supply": "532209008.0", 
        "max_supply": "888000000.0", 
        "percent_change_1h": "-0.07", 
        "percent_change_24h": "2.77", 
        "percent_change_7d": "-7.84", 
        "last_updated": "1523407143"
    }, 
    {
        "id": "revain", 
        "name": "Revain", 
        "symbol": "R", 
        "rank": "76", 
        "price_usd": "0.780027", 
        "price_btc": "0.0001141", 
        "24h_volume_usd": "2936440.0", 
        "market_cap_usd": "143875980.0", 
        "available_supply": "184450000.0", 
        "total_supply": "484450000.0", 
        "max_supply": "484450000.0", 
        "percent_change_1h": "0.45", 
        "percent_change_24h": "0.65", 
        "percent_change_7d": "-4.25", 
        "last_updated": "1523406855"
    }, 
    {
        "id": "electroneum", 
        "name": "Electroneum", 
        "symbol": "ETN", 
        "rank": "77", 
        "price_usd": "0.0211929", 
        "price_btc": "0.00000310", 
        "24h_volume_usd": "703574.0", 
        "market_cap_usd": "141467595.0", 
        "available_supply": "6675235354.0", 
        "total_supply": "6675235354.0", 
        "max_supply": "21000000000.0", 
        "percent_change_1h": "0.17", 
        "percent_change_24h": "-0.41", 
        "percent_change_7d": "-5.41", 
        "last_updated": "1523406856"
    }, 
    {
        "id": "kyber-network", 
        "name": "Kyber Network", 
        "symbol": "KNC", 
        "rank": "78", 
        "price_usd": "1.04862", 
        "price_btc": "0.00015338", 
        "24h_volume_usd": "8584660.0", 
        "market_cap_usd": "140654229.0", 
        "available_supply": "134132697.0", 
        "total_supply": "215625349.0", 
        "max_supply": null, 
        "percent_change_1h": "1.11", 
        "percent_change_24h": "6.15", 
        "percent_change_7d": "1.37", 
        "last_updated": "1523407153"
    }, 
    {
        "id": "funfair", 
        "name": "FunFair", 
        "symbol": "FUN", 
        "rank": "79", 
        "price_usd": "0.0295927", 
        "price_btc": "0.00000433", 
        "24h_volume_usd": "688538.0", 
        "market_cap_usd": "139780325.0", 
        "available_supply": "4723473189.0", 
        "total_supply": "10999873621.0", 
        "max_supply": null, 
        "percent_change_1h": "0.94", 
        "percent_change_24h": "2.53", 
        "percent_change_7d": "-8.14", 
        "last_updated": "1523407151"
    }, 
    {
        "id": "skycoin", 
        "name": "Skycoin", 
        "symbol": "SKY", 
        "rank": "80", 
        "price_usd": "17.4777", 
        "price_btc": "0.00255642", 
        "24h_volume_usd": "7240640.0", 
        "market_cap_usd": "136102712.0", 
        "available_supply": "7787221.0", 
        "total_supply": "25000000.0", 
        "max_supply": "100000000.0", 
        "percent_change_1h": "-1.11", 
        "percent_change_24h": "12.49", 
        "percent_change_7d": "28.27", 
        "last_updated": "1523407150"
    }, 
    {
        "id": "reddcoin", 
        "name": "ReddCoin", 
        "symbol": "RDD", 
        "rank": "81", 
        "price_usd": "0.00462302", 
        "price_btc": "0.00000068", 
        "24h_volume_usd": "6516360.0", 
        "market_cap_usd": "133183257.0", 
        "available_supply": "28808713174.0", 
        "total_supply": "28808713174.0", 
        "max_supply": null, 
        "percent_change_1h": "-0.45", 
        "percent_change_24h": "15.81", 
        "percent_change_7d": "1.35", 
        "last_updated": "1523407141"
    }, 
    {
        "id": "zcoin", 
        "name": "ZCoin", 
        "symbol": "XZC", 
        "rank": "82", 
        "price_usd": "28.6809", 
        "price_btc": "0.00419508", 
        "24h_volume_usd": "931998.0", 
        "market_cap_usd": "129123882.0", 
        "available_supply": "4502086.0", 
        "total_supply": "4502086.0", 
        "max_supply": "21400000.0", 
        "percent_change_1h": "0.71", 
        "percent_change_24h": "2.58", 
        "percent_change_7d": "-7.82", 
        "last_updated": "1523407147"
    }, 
    {
        "id": "maidsafecoin", 
        "name": "MaidSafeCoin", 
        "symbol": "MAID", 
        "rank": "83", 
        "price_usd": "0.282272", 
        "price_btc": "0.00004129", 
        "24h_volume_usd": "1081780.0", 
        "market_cap_usd": "127742874.0", 
        "available_supply": "452552412.0", 
        "total_supply": "452552412.0", 
        "max_supply": null, 
        "percent_change_1h": "1.96", 
        "percent_change_24h": "7.02", 
        "percent_change_7d": "4.12", 
        "last_updated": "1523407142"
    }, 
    {
        "id": "nxt", 
        "name": "Nxt", 
        "symbol": "NXT", 
        "rank": "84", 
        "price_usd": "0.126717", 
        "price_btc": "0.00001853", 
        "24h_volume_usd": "5614320.0", 
        "market_cap_usd": "126590276.0", 
        "available_supply": "998999942.0", 
        "total_supply": "998999942.0", 
        "max_supply": "1000000000.0", 
        "percent_change_1h": "-0.46", 
        "percent_change_24h": "8.35", 
        "percent_change_7d": "-0.42", 
        "last_updated": "1523407141"
    }, 
    {
        "id": "chainlink", 
        "name": "ChainLink", 
        "symbol": "LINK", 
        "rank": "85", 
        "price_usd": "0.359485", 
        "price_btc": "0.00005258", 
        "24h_volume_usd": "9414210.0", 
        "market_cap_usd": "125819750.0", 
        "available_supply": "350000000.0", 
        "total_supply": "1000000000.0", 
        "max_supply": null, 
        "percent_change_1h": "1.1", 
        "percent_change_24h": "14.1", 
        "percent_change_7d": "21.9", 
        "last_updated": "1523407153"
    }, 
    {
        "id": "mixin", 
        "name": "Mixin", 
        "symbol": "XIN", 
        "rank": "86", 
        "price_usd": "309.645", 
        "price_btc": "0.0452922", 
        "24h_volume_usd": "1135820.0", 
        "market_cap_usd": "125764270.0", 
        "available_supply": "406156.0", 
        "total_supply": "1000000.0", 
        "max_supply": null, 
        "percent_change_1h": "-1.3", 
        "percent_change_24h": "-14.57", 
        "percent_change_7d": "34.03", 
        "last_updated": "1523406859"
    }, 
    {
        "id": "byteball", 
        "name": "Byteball Bytes", 
        "symbol": "GBYTE", 
        "rank": "87", 
        "price_usd": "193.246", 
        "price_btc": "0.0282655", 
        "24h_volume_usd": "343729.0", 
        "market_cap_usd": "124686581.0", 
        "available_supply": "645222.0", 
        "total_supply": "1000000.0", 
        "max_supply": null, 
        "percent_change_1h": "-0.73", 
        "percent_change_24h": "5.54", 
        "percent_change_7d": "3.22", 
        "last_updated": "1523407149"
    }, 
    {
        "id": "salt", 
        "name": "SALT", 
        "symbol": "SALT", 
        "rank": "88", 
        "price_usd": "2.17761", 
        "price_btc": "0.00031851", 
        "24h_volume_usd": "13040300.0", 
        "market_cap_usd": "122742568.0", 
        "available_supply": "56365726.0", 
        "total_supply": "120000000.0", 
        "max_supply": null, 
        "percent_change_1h": "0.85", 
        "percent_change_24h": "4.89", 
        "percent_change_7d": "-1.28", 
        "last_updated": "1523407154"
    }, 
    {
        "id": "nucleus-vision", 
        "name": "Nucleus Vision", 
        "symbol": "NCASH", 
        "rank": "89", 
        "price_usd": "0.0296067", 
        "price_btc": "0.00000433", 
        "24h_volume_usd": "19935700.0", 
        "market_cap_usd": "118799703.0", 
        "available_supply": "4012595236.0", 
        "total_supply": "10000000000.0", 
        "max_supply": null, 
        "percent_change_1h": "0.89", 
        "percent_change_24h": "7.75", 
        "percent_change_7d": "6.24", 
        "last_updated": "1523406861"
    }, 
    {
        "id": "storm", 
        "name": "Storm", 
        "symbol": "STORM", 
        "rank": "90", 
        "price_usd": "0.0286169", 
        "price_btc": "0.00000419", 
        "24h_volume_usd": "15566100.0", 
        "market_cap_usd": "117010298.0", 
        "available_supply": "4088853037.0", 
        "total_supply": "10000000000.0", 
        "max_supply": null, 
        "percent_change_1h": "0.06", 
        "percent_change_24h": "1.21", 
        "percent_change_7d": "-11.27", 
        "last_updated": "1523406858"
    }, 
    {
        "id": "power-ledger", 
        "name": "Power Ledger", 
        "symbol": "POWR", 
        "rank": "91", 
        "price_usd": "0.309519", 
        "price_btc": "0.00004527", 
        "24h_volume_usd": "6594690.0", 
        "market_cap_usd": "112644162.0", 
        "available_supply": "363932947.0", 
        "total_supply": "1000000000.0", 
        "max_supply": null, 
        "percent_change_1h": "0.26", 
        "percent_change_24h": "3.51", 
        "percent_change_7d": "-11.83", 
        "last_updated": "1523406856"
    }, 
    {
        "id": "particl", 
        "name": "Particl", 
        "symbol": "PART", 
        "rank": "92", 
        "price_usd": "12.3955", 
        "price_btc": "0.00181305", 
        "24h_volume_usd": "2151740.0", 
        "market_cap_usd": "110705482.0", 
        "available_supply": "8931103.0", 
        "total_supply": "8931103.0", 
        "max_supply": null, 
        "percent_change_1h": "-0.78", 
        "percent_change_24h": "3.02", 
        "percent_change_7d": "17.18", 
        "last_updated": "1523407151"
    }, 
    {
        "id": "bancor", 
        "name": "Bancor", 
        "symbol": "BNT", 
        "rank": "93", 
        "price_usd": "2.44163", 
        "price_btc": "0.00035713", 
        "24h_volume_usd": "5152980.0", 
        "market_cap_usd": "109962411.0", 
        "available_supply": "45036476.0", 
        "total_supply": "74711036.0", 
        "max_supply": null, 
        "percent_change_1h": "0.65", 
        "percent_change_24h": "5.81", 
        "percent_change_7d": "4.44", 
        "last_updated": "1523407151"
    }, 
    {
        "id": "wax", 
        "name": "WAX", 
        "symbol": "WAX", 
        "rank": "94", 
        "price_usd": "0.174833", 
        "price_btc": "0.00002557", 
        "24h_volume_usd": "3966960.0", 
        "market_cap_usd": "108223183.0", 
        "available_supply": "619008898.0", 
        "total_supply": "1850000000.0", 
        "max_supply": null, 
        "percent_change_1h": "-0.4", 
        "percent_change_24h": "7.11", 
        "percent_change_7d": "4.2", 
        "last_updated": "1523406858"
    }, 
    {
        "id": "enigma-project", 
        "name": "Enigma", 
        "symbol": "ENG", 
        "rank": "95", 
        "price_usd": "1.44542", 
        "price_btc": "0.00021142", 
        "24h_volume_usd": "6005700.0", 
        "market_cap_usd": "108169698.0", 
        "available_supply": "74836171.0", 
        "total_supply": "150000000.0", 
        "max_supply": null, 
        "percent_change_1h": "2.74", 
        "percent_change_24h": "6.66", 
        "percent_change_7d": "-4.1", 
        "last_updated": "1523406855"
    }, 
    {
        "id": "request-network", 
        "name": "Request Network", 
        "symbol": "REQ", 
        "rank": "96", 
        "price_usd": "0.159326", 
        "price_btc": "0.00002330", 
        "24h_volume_usd": "3055930.0", 
        "market_cap_usd": "105626970.0", 
        "available_supply": "662961287.0", 
        "total_supply": "999999783.0", 
        "max_supply": null, 
        "percent_change_1h": "1.01", 
        "percent_change_24h": "1.88", 
        "percent_change_7d": "-4.32", 
        "last_updated": "1523406855"
    }, 
    {
        "id": "neblio", 
        "name": "Neblio", 
        "symbol": "NEBL", 
        "rank": "97", 
        "price_usd": "7.94423", 
        "price_btc": "0.00116198", 
        "24h_volume_usd": "9273640.0", 
        "market_cap_usd": "103193180.0", 
        "available_supply": "12989702.0", 
        "total_supply": "13746637.0", 
        "max_supply": null, 
        "percent_change_1h": "1.45", 
        "percent_change_24h": "6.1", 
        "percent_change_7d": "-0.76", 
        "last_updated": "1523407153"
    }, 
    {
        "id": "dent", 
        "name": "Dent", 
        "symbol": "DENT", 
        "rank": "98", 
        "price_usd": "0.00962324", 
        "price_btc": "0.00000141", 
        "24h_volume_usd": "845050.0", 
        "market_cap_usd": "102148392.0", 
        "available_supply": "10614760961.0", 
        "total_supply": "100000000000", 
        "max_supply": null, 
        "percent_change_1h": "-1.06", 
        "percent_change_24h": "-2.32", 
        "percent_change_7d": "-16.14", 
        "last_updated": "1523407153"
    }, 
    {
        "id": "dentacoin", 
        "name": "Dentacoin", 
        "symbol": "DCN", 
        "rank": "99", 
        "price_usd": "0.000307751", 
        "price_btc": "0.00000005", 
        "24h_volume_usd": "83860.2", 
        "market_cap_usd": "100088815.0", 
        "available_supply": "325226613094", 
        "total_supply": "1963173416169", 
        "max_supply": "8000000000000", 
        "percent_change_1h": "1.53", 
        "percent_change_24h": "2.99", 
        "percent_change_7d": "-4.66", 
        "last_updated": "1523407153"
    }, 
    {
        "id": "storj", 
        "name": "Storj", 
        "symbol": "STORJ", 
        "rank": "100", 
        "price_usd": "0.748035", 
        "price_btc": "0.00010941", 
        "24h_volume_usd": "8501250.0", 
        "market_cap_usd": "99806938.0", 
        "available_supply": "133425493.0", 
        "total_supply": "424999998.0", 
        "max_supply": null, 
        "percent_change_1h": "0.1", 
        "percent_change_24h": "1.67", 
        "percent_change_7d": "-10.9", 
        "last_updated": "1523407151"
    }
]