[
    {
        "id": "bitcoin", 
        "name": "Bitcoin", 
        "symbol": "BTC", 
        "rank": "1", 
        "price_usd": "6852.25", 
        "price_btc": "1.0", 
        "24h_volume_usd": "4279800000.0", 
        "market_cap_usd": "116275145025", 
        "available_supply": "16968900.0", 
        "total_supply": "16968900.0", 
        "max_supply": "21000000.0", 
        "percent_change_1h": "0.42", 
        "percent_change_24h": "1.27", 
        "percent_change_7d": "-7.7", 
        "last_updated": "1523407468"
    }, 
    {
        "id": "ethereum", 
        "name": "Ethereum", 
        "symbol": "ETH", 
        "rank": "2", 
        "price_usd": "417.655", 
        "price_btc": "0.0610726", 
        "24h_volume_usd": "1217440000.0", 
        "market_cap_usd": "41240285211.0", 
        "available_supply": "98742467.0", 
        "total_supply": "98742467.0", 
        "max_supply": null, 
        "percent_change_1h": "1.18", 
        "percent_change_24h": "4.97", 
        "percent_change_7d": "1.56", 
        "last_updated": "1523407454"
    }, 
    {
        "id": "ripple", 
        "name": "Ripple", 
        "symbol": "XRP", 
        "rank": "3", 
        "price_usd": "0.493183", 
        "price_btc": "0.00007212", 
        "24h_volume_usd": "154518000.0", 
        "market_cap_usd": "19280752964.0", 
        "available_supply": "39094520623.0", 
        "total_supply": "99992405149.0", 
        "max_supply": "100000000000", 
        "percent_change_1h": "0.43", 
        "percent_change_24h": "0.81", 
        "percent_change_7d": "-9.68", 
        "last_updated": "1523407441"
    }, 
    {
        "id": "bitcoin-cash", 
        "name": "Bitcoin Cash", 
        "symbol": "BCH", 
        "rank": "4", 
        "price_usd": "653.151", 
        "price_btc": "0.0955086", 
        "24h_volume_usd": "225466000.0", 
        "market_cap_usd": "11147017870.0", 
        "available_supply": "17066525.0", 
        "total_supply": "17066525.0", 
        "max_supply": "21000000.0", 
        "percent_change_1h": "0.67", 
        "percent_change_24h": "2.66", 
        "percent_change_7d": "-7.22", 
        "last_updated": "1523407452"
    }, 
    {
        "id": "litecoin", 
        "name": "Litecoin", 
        "symbol": "LTC", 
        "rank": "5", 
        "price_usd": "114.638", 
        "price_btc": "0.0167632", 
        "24h_volume_usd": "200618000.0", 
        "market_cap_usd": "6422867675.0", 
        "available_supply": "56027388.0", 
        "total_supply": "56027388.0", 
        "max_supply": "84000000.0", 
        "percent_change_1h": "0.46", 
        "percent_change_24h": "-0.26", 
        "percent_change_7d": "-13.36", 
        "last_updated": "1523407441"
    }, 
    {
        "id": "eos", 
        "name": "EOS", 
        "symbol": "EOS", 
        "rank": "6", 
        "price_usd": "6.00421", 
        "price_btc": "0.00087798", 
        "24h_volume_usd": "225128000.0", 
        "market_cap_usd": "4711463694.0", 
        "available_supply": "784693356.0", 
        "total_supply": "900000000.0", 
        "max_supply": "1000000000.0", 
        "percent_change_1h": "0.23", 
        "percent_change_24h": "2.45", 
        "percent_change_7d": "-0.99", 
        "last_updated": "1523407451"
    }, 
    {
        "id": "cardano", 
        "name": "Cardano", 
        "symbol": "ADA", 
        "rank": "7", 
        "price_usd": "0.156568", 
        "price_btc": "0.00002289", 
        "24h_volume_usd": "55558200.0", 
        "market_cap_usd": "4059349580.0", 
        "available_supply": "25927070538.0", 
        "total_supply": "31112483745.0", 
        "max_supply": "45000000000.0", 
        "percent_change_1h": "0.33", 
        "percent_change_24h": "3.17", 
        "percent_change_7d": "-8.34", 
        "last_updated": "1523407455"
    }, 
    {
        "id": "stellar", 
        "name": "Stellar", 
        "symbol": "XLM", 
        "rank": "8", 
        "price_usd": "0.199282", 
        "price_btc": "0.00002914", 
        "24h_volume_usd": "27182200.0", 
        "market_cap_usd": "3696929459.0", 
        "available_supply": "18551246269.0", 
        "total_supply": "103847435165", 
        "max_supply": null, 
        "percent_change_1h": "0.22", 
        "percent_change_24h": "1.09", 
        "percent_change_7d": "-14.25", 
        "last_updated": "1523407444"
    }, 
    {
        "id": "neo", 
        "name": "NEO", 
        "symbol": "NEO", 
        "rank": "9", 
        "price_usd": "52.8225", 
        "price_btc": "0.0077241", 
        "24h_volume_usd": "87728200.0", 
        "market_cap_usd": "3433462500.0", 
        "available_supply": "65000000.0", 
        "total_supply": "100000000.0", 
        "max_supply": "100000000.0", 
        "percent_change_1h": "1.01", 
        "percent_change_24h": "1.62", 
        "percent_change_7d": "0.23", 
        "last_updated": "1523407447"
    }, 
    {
        "id": "iota", 
        "name": "IOTA", 
        "symbol": "MIOTA", 
        "rank": "10", 
        "price_usd": "1.01191", 
        "price_btc": "0.00014797", 
        "24h_volume_usd": "21136000.0", 
        "market_cap_usd": "2812634489.0", 
        "available_supply": "2779530283.0", 
        "total_supply": "2779530283.0", 
        "max_supply": "2779530283.0", 
        "percent_change_1h": "0.74", 
        "percent_change_24h": "2.52", 
        "percent_change_7d": "-7.04", 
        "last_updated": "1523407450"
    }, 
    {
        "id": "monero", 
        "name": "Monero", 
        "symbol": "XMR", 
        "rank": "11", 
        "price_usd": "165.57", 
        "price_btc": "0.0242108", 
        "24h_volume_usd": "31239100.0", 
        "market_cap_usd": "2635260329.0", 
        "available_supply": "15916291.0", 
        "total_supply": "15916291.0", 
        "max_supply": null, 
        "percent_change_1h": "0.05", 
        "percent_change_24h": "-0.54", 
        "percent_change_7d": "-11.92", 
        "last_updated": "1523407443"
    }, 
    {
        "id": "tron", 
        "name": "TRON", 
        "symbol": "TRX", 
        "rank": "12", 
        "price_usd": "0.0369048", 
        "price_btc": "0.00000540", 
        "24h_volume_usd": "303067000.0", 
        "market_cap_usd": "2426420911.0", 
        "available_supply": "65748111645.0", 
        "total_supply": "100000000000", 
        "max_supply": null, 
        "percent_change_1h": "0.06", 
        "percent_change_24h": "3.83", 
        "percent_change_7d": "7.42", 
        "last_updated": "1523407454"
    }, 
    {
        "id": "dash", 
        "name": "Dash", 
        "symbol": "DASH", 
        "rank": "13", 
        "price_usd": "299.32", 
        "price_btc": "0.0437689", 
        "24h_volume_usd": "71108600.0", 
        "market_cap_usd": "2395460875.0", 
        "available_supply": "8003010.0", 
        "total_supply": "8003010.0", 
        "max_supply": "18900000.0", 
        "percent_change_1h": "0.49", 
        "percent_change_24h": "0.45", 
        "percent_change_7d": "-11.25", 
        "last_updated": "1523407441"
    }, 
    {
        "id": "tether", 
        "name": "Tether", 
        "symbol": "USDT", 
        "rank": "14", 
        "price_usd": "0.995639", 
        "price_btc": "0.00014559", 
        "24h_volume_usd": "1260370000.0", 
        "market_cap_usd": "2277166592.0", 
        "available_supply": "2287140814.0", 
        "total_supply": "2580109970.0", 
        "max_supply": null, 
        "percent_change_1h": "-0.26", 
        "percent_change_24h": "-0.33", 
        "percent_change_7d": "-0.59", 
        "last_updated": "1523407445"
    }, 
    {
        "id": "nem", 
        "name": "NEM", 
        "symbol": "XEM", 
        "rank": "15", 
        "price_usd": "0.235538", 
        "price_btc": "0.00003444", 
        "24h_volume_usd": "12779800.0", 
        "market_cap_usd": "2119842000.0", 
        "available_supply": "8999999999.0", 
        "total_supply": "8999999999.0", 
        "max_supply": null, 
        "percent_change_1h": "0.43", 
        "percent_change_24h": "2.86", 
        "percent_change_7d": "-6.99", 
        "last_updated": "1523407444"
    }, 
    {
        "id": "vechain", 
        "name": "VeChain", 
        "symbol": "VEN", 
        "rank": "16", 
        "price_usd": "2.77391", 
        "price_btc": "0.00040562", 
        "24h_volume_usd": "67830000.0", 
        "market_cap_usd": "1455666152.0", 
        "available_supply": "524770505.0", 
        "total_supply": "873378637.0", 
        "max_supply": null, 
        "percent_change_1h": "3.31", 
        "percent_change_24h": "8.74", 
        "percent_change_7d": "-2.6", 
        "last_updated": "1523407453"
    }, 
    {
        "id": "binance-coin", 
        "name": "Binance Coin", 
        "symbol": "BNB", 
        "rank": "17", 
        "price_usd": "11.9886", 
        "price_btc": "0.00175306", 
        "24h_volume_usd": "88137800.0", 
        "market_cap_usd": "1393813867.0", 
        "available_supply": "116261604.0", 
        "total_supply": "197192382.0", 
        "max_supply": null, 
        "percent_change_1h": "0.33", 
        "percent_change_24h": "0.95", 
        "percent_change_7d": "-8.9", 
        "last_updated": "1523407452"
    }, 
    {
        "id": "ethereum-classic", 
        "name": "Ethereum Classic", 
        "symbol": "ETC", 
        "rank": "18", 
        "price_usd": "13.6683", 
        "price_btc": "0.00199868", 
        "24h_volume_usd": "73407700.0", 
        "market_cap_usd": "1381743427.0", 
        "available_supply": "101091096.0", 
        "total_supply": "101091096.0", 
        "max_supply": null, 
        "percent_change_1h": "0.22", 
        "percent_change_24h": "0.66", 
        "percent_change_7d": "-8.59", 
        "last_updated": "1523407448"
    }, 
    {
        "id": "verge", 
        "name": "Verge", 
        "symbol": "XVG", 
        "rank": "19", 
        "price_usd": "0.0845643", 
        "price_btc": "0.00001237", 
        "24h_volume_usd": "444792000.0", 
        "market_cap_usd": "1256633880.0", 
        "available_supply": "14860099125.0", 
        "total_supply": "14860099125.0", 
        "max_supply": "16555000000.0", 
        "percent_change_1h": "-0.03", 
        "percent_change_24h": "9.54", 
        "percent_change_7d": "23.26", 
        "last_updated": "1523407443"
    }, 
    {
        "id": "qtum", 
        "name": "Qtum", 
        "symbol": "QTUM", 
        "rank": "20", 
        "price_usd": "13.5048", 
        "price_btc": "0.00197477", 
        "24h_volume_usd": "89065100.0", 
        "market_cap_usd": "1195360896.0", 
        "available_supply": "88513780.0", 
        "total_supply": "100513780.0", 
        "max_supply": null, 
        "percent_change_1h": "0.37", 
        "percent_change_24h": "0.74", 
        "percent_change_7d": "-9.67", 
        "last_updated": "1523407451"
    }, 
    {
        "id": "ontology", 
        "name": "Ontology", 
        "symbol": "ONT", 
        "rank": "21", 
        "price_usd": "4.53733", 
        "price_btc": "0.00066348", 
        "24h_volume_usd": "164582000.0", 
        "market_cap_usd": "1094569386.0", 
        "available_supply": "241236451.0", 
        "total_supply": "1000000000.0", 
        "max_supply": null, 
        "percent_change_1h": "-2.15", 
        "percent_change_24h": "24.92", 
        "percent_change_7d": "96.82", 
        "last_updated": "1523407461"
    }, 
    {
        "id": "omisego", 
        "name": "OmiseGO", 
        "symbol": "OMG", 
        "rank": "22", 
        "price_usd": "9.27843", 
        "price_btc": "0.00135676", 
        "24h_volume_usd": "27974000.0", 
        "market_cap_usd": "946794674.0", 
        "available_supply": "102042552.0", 
        "total_supply": "140245398.0", 
        "max_supply": null, 
        "percent_change_1h": "0.64", 
        "percent_change_24h": "2.23", 
        "percent_change_7d": "-1.24", 
        "last_updated": "1523407451"
    }, 
    {
        "id": "lisk", 
        "name": "Lisk", 
        "symbol": "LSK", 
        "rank": "23", 
        "price_usd": "8.52444", 
        "price_btc": "0.00124651", 
        "24h_volume_usd": "14209600.0", 
        "market_cap_usd": "884167423.0", 
        "available_supply": "103721467.0", 
        "total_supply": "119971984.0", 
        "max_supply": null, 
        "percent_change_1h": "0.33", 
        "percent_change_24h": "-0.57", 
        "percent_change_7d": "-11.41", 
        "last_updated": "1523407447"
    }, 
    {
        "id": "icon", 
        "name": "ICON", 
        "symbol": "ICX", 
        "rank": "24", 
        "price_usd": "2.11774", 
        "price_btc": "0.00030967", 
        "24h_volume_usd": "45874500.0", 
        "market_cap_usd": "819652755.0", 
        "available_supply": "387041258.0", 
        "total_supply": "400228750.0", 
        "max_supply": null, 
        "percent_change_1h": "0.48", 
        "percent_change_24h": "5.68", 
        "percent_change_7d": "-6.38", 
        "last_updated": "1523407455"
    }, 
    {
        "id": "bitcoin-gold", 
        "name": "Bitcoin Gold", 
        "symbol": "BTG", 
        "rank": "25", 
        "price_usd": "40.9837", 
        "price_btc": "0.00599295", 
        "24h_volume_usd": "7613410.0", 
        "market_cap_usd": "694084516.0", 
        "available_supply": "16935624.0", 
        "total_supply": "17035624.0", 
        "max_supply": "21000000.0", 
        "percent_change_1h": "0.53", 
        "percent_change_24h": "-0.23", 
        "percent_change_7d": "-11.39", 
        "last_updated": "1523407455"
    }, 
    {
        "id": "zcash", 
        "name": "Zcash", 
        "symbol": "ZEC", 
        "rank": "26", 
        "price_usd": "180.635", 
        "price_btc": "0.0264137", 
        "24h_volume_usd": "33524300.0", 
        "market_cap_usd": "663683472.0", 
        "available_supply": "3674169.0", 
        "total_supply": "3674169.0", 
        "max_supply": null, 
        "percent_change_1h": "0.78", 
        "percent_change_24h": "1.74", 
        "percent_change_7d": "-11.38", 
        "last_updated": "1523407448"
    }, 
    {
        "id": "nano", 
        "name": "Nano", 
        "symbol": "NANO", 
        "rank": "27", 
        "price_usd": "4.88673", 
        "price_btc": "0.00071457", 
        "24h_volume_usd": "6765270.0", 
        "market_cap_usd": "651148412.0", 
        "available_supply": "133248289.0", 
        "total_supply": "133248289.0", 
        "max_supply": "133248290.0", 
        "percent_change_1h": "1.22", 
        "percent_change_24h": "1.05", 
        "percent_change_7d": "-17.87", 
        "last_updated": "1523407449"
    }, 
    {
        "id": "bytom", 
        "name": "Bytom", 
        "symbol": "BTM", 
        "rank": "28", 
        "price_usd": "0.604868", 
        "price_btc": "0.00008845", 
        "24h_volume_usd": "25180300.0", 
        "market_cap_usd": "597004716.0", 
        "available_supply": "987000000.0", 
        "total_supply": "1407000000.0", 
        "max_supply": null, 
        "percent_change_1h": "2.04", 
        "percent_change_24h": "15.3", 
        "percent_change_7d": "24.3", 
        "last_updated": "1523407452"
    }, 
    {
        "id": "wanchain", 
        "name": "Wanchain", 
        "symbol": "WAN", 
        "rank": "29", 
        "price_usd": "4.54137", 
        "price_btc": "0.00066407", 
        "24h_volume_usd": "29372400.0", 
        "market_cap_usd": "482077745.0", 
        "available_supply": "106152493.0", 
        "total_supply": "210000000.0", 
        "max_supply": null, 
        "percent_change_1h": "1.94", 
        "percent_change_24h": "23.12", 
        "percent_change_7d": "32.2", 
        "last_updated": "1523407462"
    }, 
    {
        "id": "steem", 
        "name": "Steem", 
        "symbol": "STEEM", 
        "rank": "30", 
        "price_usd": "1.8376", 
        "price_btc": "0.00026871", 
        "24h_volume_usd": "2079720.0", 
        "market_cap_usd": "470710021.0", 
        "available_supply": "256154779.0", 
        "total_supply": "273128873.0", 
        "max_supply": null, 
        "percent_change_1h": "0.02", 
        "percent_change_24h": "1.11", 
        "percent_change_7d": "-10.0", 
        "last_updated": "1523407447"
    }, 
    {
        "id": "bytecoin-bcn", 
        "name": "Bytecoin", 
        "symbol": "BCN", 
        "rank": "31", 
        "price_usd": "0.00238287", 
        "price_btc": "0.00000035", 
        "24h_volume_usd": "4509310.0", 
        "market_cap_usd": "438045309.0", 
        "available_supply": "183830972517", 
        "total_supply": "183830972517", 
        "max_supply": "184470000000", 
        "percent_change_1h": "3.16", 
        "percent_change_24h": "11.93", 
        "percent_change_7d": "3.22", 
        "last_updated": "1523407442"
    }, 
    {
        "id": "populous", 
        "name": "Populous", 
        "symbol": "PPT", 
        "rank": "32", 
        "price_usd": "11.7134", 
        "price_btc": "0.00171282", 
        "24h_volume_usd": "1200720.0", 
        "market_cap_usd": "433442969.0", 
        "available_supply": "37004027.0", 
        "total_supply": "53252246.0", 
        "max_supply": "53252246.0", 
        "percent_change_1h": "0.1", 
        "percent_change_24h": "0.71", 
        "percent_change_7d": "-10.2", 
        "last_updated": "1523407452"
    }, 
    {
        "id": "digixdao", 
        "name": "DigixDAO", 
        "symbol": "DGD", 
        "rank": "33", 
        "price_usd": "207.144", 
        "price_btc": "0.0302901", 
        "24h_volume_usd": "10801400.0", 
        "market_cap_usd": "414288000.0", 
        "available_supply": "2000000.0", 
        "total_supply": "2000000.0", 
        "max_supply": null, 
        "percent_change_1h": "-0.76", 
        "percent_change_24h": "-0.55", 
        "percent_change_7d": "-11.41", 
        "last_updated": "1523407447"
    }, 
    {
        "id": "siacoin", 
        "name": "Siacoin", 
        "symbol": "SC", 
        "rank": "34", 
        "price_usd": "0.011578", 
        "price_btc": "0.00000169", 
        "24h_volume_usd": "8883630.0", 
        "market_cap_usd": "390191587.0", 
        "available_supply": "33701121699.0", 
        "total_supply": "33701121699.0", 
        "max_supply": null, 
        "percent_change_1h": "1.17", 
        "percent_change_24h": "6.84", 
        "percent_change_7d": "-2.84", 
        "last_updated": "1523407446"
    }, 
    {
        "id": "bitcoin-diamond", 
        "name": "Bitcoin Diamond", 
        "symbol": "BCD", 
        "rank": "35", 
        "price_usd": "2.49964", 
        "price_btc": "0.00036552", 
        "24h_volume_usd": "1661670.0", 
        "market_cap_usd": "382520847.0", 
        "available_supply": "153030375.0", 
        "total_supply": "156030375.0", 
        "max_supply": "210000000.0", 
        "percent_change_1h": "-0.07", 
        "percent_change_24h": "4.14", 
        "percent_change_7d": "11.77", 
        "last_updated": "1523407456"
    }, 
    {
        "id": "stratis", 
        "name": "Stratis", 
        "symbol": "STRAT", 
        "rank": "36", 
        "price_usd": "3.776", 
        "price_btc": "0.00055215", 
        "24h_volume_usd": "6167520.0", 
        "market_cap_usd": "373113369.0", 
        "available_supply": "98811803.0", 
        "total_supply": "98811803.0", 
        "max_supply": null, 
        "percent_change_1h": "1.52", 
        "percent_change_24h": "5.97", 
        "percent_change_7d": "-4.99", 
        "last_updated": "1523407447"
    }, 
    {
        "id": "bitshares", 
        "name": "BitShares", 
        "symbol": "BTS", 
        "rank": "37", 
        "price_usd": "0.142398", 
        "price_btc": "0.00002082", 
        "24h_volume_usd": "6391920.0", 
        "market_cap_usd": "372330899.0", 
        "available_supply": "2614720000.0", 
        "total_supply": "2614720000.0", 
        "max_supply": "3600570502.0", 
        "percent_change_1h": "-0.13", 
        "percent_change_24h": "2.8", 
        "percent_change_7d": "-5.04", 
        "last_updated": "1523407442"
    }, 
    {
        "id": "rchain", 
        "name": "RChain", 
        "symbol": "RHOC", 
        "rank": "38", 
        "price_usd": "1.02445", 
        "price_btc": "0.0001498", 
        "24h_volume_usd": "1923580.0", 
        "market_cap_usd": "368412161.0", 
        "available_supply": "359619465.0", 
        "total_supply": "870663574.0", 
        "max_supply": "1000000000.0", 
        "percent_change_1h": "0.23", 
        "percent_change_24h": "6.18", 
        "percent_change_7d": "3.68", 
        "last_updated": "1523407454"
    }, 
    {
        "id": "decred", 
        "name": "Decred", 
        "symbol": "DCR", 
        "rank": "39", 
        "price_usd": "51.3218", 
        "price_btc": "0.00750465", 
        "24h_volume_usd": "18483200.0", 
        "market_cap_usd": "364542478.0", 
        "available_supply": "7103073.0", 
        "total_supply": "7523073.0", 
        "max_supply": "21000000.0", 
        "percent_change_1h": "1.05", 
        "percent_change_24h": "6.35", 
        "percent_change_7d": "10.22", 
        "last_updated": "1523407445"
    }, 
    {
        "id": "waves", 
        "name": "Waves", 
        "symbol": "WAVES", 
        "rank": "40", 
        "price_usd": "3.61935", 
        "price_btc": "0.00052925", 
        "24h_volume_usd": "16539700.0", 
        "market_cap_usd": "361935000.0", 
        "available_supply": "100000000.0", 
        "total_supply": "100000000.0", 
        "max_supply": null, 
        "percent_change_1h": "0.25", 
        "percent_change_24h": "4.35", 
        "percent_change_7d": "-9.51", 
        "last_updated": "1523407447"
    }, 
    {
        "id": "maker", 
        "name": "Maker", 
        "symbol": "MKR", 
        "rank": "41", 
        "price_usd": "560.622", 
        "price_btc": "0.0819783", 
        "24h_volume_usd": "244768.0", 
        "market_cap_usd": "346592089.0", 
        "available_supply": "618228.0", 
        "total_supply": "1000000.0", 
        "max_supply": null, 
        "percent_change_1h": "-0.47", 
        "percent_change_24h": "5.91", 
        "percent_change_7d": "6.97", 
        "last_updated": "1523407448"
    }, 
    {
        "id": "dogecoin", 
        "name": "Dogecoin", 
        "symbol": "DOGE", 
        "rank": "42", 
        "price_usd": "0.00304066", 
        "price_btc": "0.00000044", 
        "24h_volume_usd": "10227900.0", 
        "market_cap_usd": "346519593.0", 
        "available_supply": "113961966538", 
        "total_supply": "113961966538", 
        "max_supply": null, 
        "percent_change_1h": "0.13", 
        "percent_change_24h": "10.4", 
        "percent_change_7d": "2.34", 
        "last_updated": "1523407441"
    }, 
    {
        "id": "aeternity", 
        "name": "Aeternity", 
        "symbol": "AE", 
        "rank": "43", 
        "price_usd": "1.3609", 
        "price_btc": "0.000199", 
        "24h_volume_usd": "3919300.0", 
        "market_cap_usd": "317117560.0", 
        "available_supply": "233020472.0", 
        "total_supply": "273685830.0", 
        "max_supply": null, 
        "percent_change_1h": "0.61", 
        "percent_change_24h": "3.34", 
        "percent_change_7d": "-8.86", 
        "last_updated": "1523407451"
    }, 
    {
        "id": "status", 
        "name": "Status", 
        "symbol": "SNT", 
        "rank": "44", 
        "price_usd": "0.089748", 
        "price_btc": "0.00001312", 
        "24h_volume_usd": "18325800.0", 
        "market_cap_usd": "311468979.0", 
        "available_supply": "3470483788.0", 
        "total_supply": "6804870174.0", 
        "max_supply": null, 
        "percent_change_1h": "0.65", 
        "percent_change_24h": "2.32", 
        "percent_change_7d": "-13.37", 
        "last_updated": "1523407451"
    }, 
    {
        "id": "0x", 
        "name": "0x", 
        "symbol": "ZRX", 
        "rank": "45", 
        "price_usd": "0.561633", 
        "price_btc": "0.00008213", 
        "24h_volume_usd": "4580060.0", 
        "market_cap_usd": "293576151.0", 
        "available_supply": "522718841.0", 
        "total_supply": "1000000000.0", 
        "max_supply": null, 
        "percent_change_1h": "0.37", 
        "percent_change_24h": "3.89", 
        "percent_change_7d": "-5.26", 
        "last_updated": "1523407453"
    }, 
    {
        "id": "zilliqa", 
        "name": "Zilliqa", 
        "symbol": "ZIL", 
        "rank": "46", 
        "price_usd": "0.0404336", 
        "price_btc": "0.00000591", 
        "24h_volume_usd": "14892500.0", 
        "market_cap_usd": "289020917.0", 
        "available_supply": "7148038186.0", 
        "total_supply": "12600000000.0", 
        "max_supply": null, 
        "percent_change_1h": "0.99", 
        "percent_change_24h": "3.85", 
        "percent_change_7d": "-10.69", 
        "last_updated": "1523407460"
    }, 
    {
        "id": "komodo", 
        "name": "Komodo", 
        "symbol": "KMD", 
        "rank": "47", 
        "price_usd": "2.64707", 
        "price_btc": "0.00038708", 
        "24h_volume_usd": "2361890.0", 
        "market_cap_usd": "275397982.0", 
        "available_supply": "104038798.0", 
        "total_supply": "104038798.0", 
        "max_supply": null, 
        "percent_change_1h": "1.21", 
        "percent_change_24h": "5.37", 
        "percent_change_7d": "-8.74", 
        "last_updated": "1523407449"
    }, 
    {
        "id": "augur", 
        "name": "Augur", 
        "symbol": "REP", 
        "rank": "48", 
        "price_usd": "24.8053", 
        "price_btc": "0.00362721", 
        "24h_volume_usd": "2224160.0", 
        "market_cap_usd": "272858300.0", 
        "available_supply": "11000000.0", 
        "total_supply": "11000000.0", 
        "max_supply": null, 
        "percent_change_1h": "0.65", 
        "percent_change_24h": "1.56", 
        "percent_change_7d": "-7.5", 
        "last_updated": "1523407446"
    }, 
    {
        "id": "ardor", 
        "name": "Ardor", 
        "symbol": "ARDR", 
        "rank": "49", 
        "price_usd": "0.253612", 
        "price_btc": "0.00003709", 
        "24h_volume_usd": "2366010.0", 
        "market_cap_usd": "253358260.0", 
        "available_supply": "998999495.0", 
        "total_supply": "998999495.0", 
        "max_supply": "998999495.0", 
        "percent_change_1h": "0.15", 
        "percent_change_24h": "3.9", 
        "percent_change_7d": "-16.01", 
        "last_updated": "1523407447"
    }, 
    {
        "id": "iostoken", 
        "name": "IOStoken", 
        "symbol": "IOST", 
        "rank": "50", 
        "price_usd": "0.0291558", 
        "price_btc": "0.00000426", 
        "24h_volume_usd": "45905600.0", 
        "market_cap_usd": "244908720.0", 
        "available_supply": "8400000000.0", 
        "total_supply": "21000000000.0", 
        "max_supply": null, 
        "percent_change_1h": "0.5", 
        "percent_change_24h": "-2.59", 
        "percent_change_7d": "11.26", 
        "last_updated": "1523407459"
    }, 
    {
        "id": "aion", 
        "name": "Aion", 
        "symbol": "AION", 
        "rank": "51", 
        "price_usd": "2.08144", 
        "price_btc": "0.00030436", 
        "24h_volume_usd": "11005800.0", 
        "market_cap_usd": "240031392.0", 
        "available_supply": "115319871.0", 
        "total_supply": "465934587.0", 
        "max_supply": null, 
        "percent_change_1h": "-2.31", 
        "percent_change_24h": "0.19", 
        "percent_change_7d": "-5.0", 
        "last_updated": "1523407456"
    }, 
    {
        "id": "loopring", 
        "name": "Loopring", 
        "symbol": "LRC", 
        "rank": "52", 
        "price_usd": "0.416651", 
        "price_btc": "0.00006093", 
        "24h_volume_usd": "4773190.0", 
        "market_cap_usd": "238355222.0", 
        "available_supply": "572074043.0", 
        "total_supply": "1374956262.0", 
        "max_supply": null, 
        "percent_change_1h": "-0.39", 
        "percent_change_24h": "2.23", 
        "percent_change_7d": "4.66", 
        "last_updated": "1523407453"
    }, 
    {
        "id": "golem-network-tokens", 
        "name": "Golem", 
        "symbol": "GNT", 
        "rank": "53", 
        "price_usd": "0.282811", 
        "price_btc": "0.00004135", 
        "24h_volume_usd": "39430300.0", 
        "market_cap_usd": "235938470.0", 
        "available_supply": "834262000.0", 
        "total_supply": "1000000000.0", 
        "max_supply": null, 
        "percent_change_1h": "0.75", 
        "percent_change_24h": "14.69", 
        "percent_change_7d": "30.59", 
        "last_updated": "1523407449"
    }, 
    {
        "id": "kucoin-shares", 
        "name": "KuCoin Shares", 
        "symbol": "KCS", 
        "rank": "54", 
        "price_usd": "2.48635", 
        "price_btc": "0.00036357", 
        "24h_volume_usd": "293574.0", 
        "market_cap_usd": "226364952.0", 
        "available_supply": "91043076.0", 
        "total_supply": "181043076.0", 
        "max_supply": null, 
        "percent_change_1h": "1.02", 
        "percent_change_24h": "5.34", 
        "percent_change_7d": "1.52", 
        "last_updated": "1523407455"
    }, 
    {
        "id": "ark", 
        "name": "Ark", 
        "symbol": "ARK", 
        "rank": "55", 
        "price_usd": "2.19825", 
        "price_btc": "0.00032144", 
        "24h_volume_usd": "1988520.0", 
        "market_cap_usd": "223819401.0", 
        "available_supply": "101817082.0", 
        "total_supply": "133067082.0", 
        "max_supply": null, 
        "percent_change_1h": "0.67", 
        "percent_change_24h": "6.01", 
        "percent_change_7d": "-5.74", 
        "last_updated": "1523407449"
    }, 
    {
        "id": "hshare", 
        "name": "Hshare", 
        "symbol": "HSR", 
        "rank": "56", 
        "price_usd": "5.17433", 
        "price_btc": "0.00075663", 
        "24h_volume_usd": "13984700.0", 
        "market_cap_usd": "221706109.0", 
        "available_supply": "42847308.0", 
        "total_supply": "42847308.0", 
        "max_supply": "84000000.0", 
        "percent_change_1h": "-0.36", 
        "percent_change_24h": "-0.41", 
        "percent_change_7d": "-9.45", 
        "last_updated": "1523407453"
    }, 
    {
        "id": "pivx", 
        "name": "PIVX", 
        "symbol": "PIVX", 
        "rank": "57", 
        "price_usd": "3.88178", 
        "price_btc": "0.00056762", 
        "24h_volume_usd": "1442780.0", 
        "market_cap_usd": "217188580.0", 
        "available_supply": "55950770.0", 
        "total_supply": "55950770.0", 
        "max_supply": null, 
        "percent_change_1h": "-0.15", 
        "percent_change_24h": "0.25", 
        "percent_change_7d": "-6.45", 
        "last_updated": "1523407446"
    }, 
    {
        "id": "waltonchain", 
        "name": "Waltonchain", 
        "symbol": "WTC", 
        "rank": "58", 
        "price_usd": "8.72079", 
        "price_btc": "0.00127522", 
        "24h_volume_usd": "1888610.0", 
        "market_cap_usd": "217131782.0", 
        "available_supply": "24898178.0", 
        "total_supply": "70000000.0", 
        "max_supply": "100000000.0", 
        "percent_change_1h": "1.25", 
        "percent_change_24h": "4.02", 
        "percent_change_7d": "-16.87", 
        "last_updated": "1523407453"
    }, 
    {
        "id": "cryptonex", 
        "name": "Cryptonex", 
        "symbol": "CNX", 
        "rank": "59", 
        "price_usd": "4.65713", 
        "price_btc": "0.000681", 
        "24h_volume_usd": "1222380.0", 
        "market_cap_usd": "210535822.0", 
        "available_supply": "45207203.0", 
        "total_supply": "106644829.0", 
        "max_supply": "210000000.0", 
        "percent_change_1h": "-1.73", 
        "percent_change_24h": "-1.39", 
        "percent_change_7d": "-8.73", 
        "last_updated": "1523407454"
    }, 
    {
        "id": "aelf", 
        "name": "aelf", 
        "symbol": "ELF", 
        "rank": "60", 
        "price_usd": "0.814253", 
        "price_btc": "0.00011907", 
        "24h_volume_usd": "88812800.0", 
        "market_cap_usd": "203563250.0", 
        "available_supply": "250000000.0", 
        "total_supply": "280000000.0", 
        "max_supply": "1000000000.0", 
        "percent_change_1h": "1.04", 
        "percent_change_24h": "38.34", 
        "percent_change_7d": "43.44", 
        "last_updated": "1523407458"
    }, 
    {
        "id": "digibyte", 
        "name": "DigiByte", 
        "symbol": "DGB", 
        "rank": "61", 
        "price_usd": "0.019842", 
        "price_btc": "0.00000290", 
        "24h_volume_usd": "3075310.0", 
        "market_cap_usd": "200355577.0", 
        "available_supply": "10097549498.0", 
        "total_supply": "10097549498.0", 
        "max_supply": "21000000000.0", 
        "percent_change_1h": "-1.27", 
        "percent_change_24h": "8.59", 
        "percent_change_7d": "-1.53", 
        "last_updated": "1523407441"
    }, 
    {
        "id": "basic-attention-token", 
        "name": "Basic Attention Token", 
        "symbol": "BAT", 
        "rank": "62", 
        "price_usd": "0.199809", 
        "price_btc": "0.00002922", 
        "24h_volume_usd": "5189590.0", 
        "market_cap_usd": "199809000.0", 
        "available_supply": "1000000000.0", 
        "total_supply": "1500000000.0", 
        "max_supply": null, 
        "percent_change_1h": "1.55", 
        "percent_change_24h": "6.82", 
        "percent_change_7d": "-5.08", 
        "last_updated": "1523407450"
    }, 
    {
        "id": "centrality", 
        "name": "Centrality", 
        "symbol": "CENNZ", 
        "rank": "63", 
        "price_usd": "0.296114", 
        "price_btc": "0.00004330", 
        "24h_volume_usd": "109240.0", 
        "market_cap_usd": "195132385.0", 
        "available_supply": "658977236.0", 
        "total_supply": "1200000000.0", 
        "max_supply": null, 
        "percent_change_1h": "-0.24", 
        "percent_change_24h": "3.41", 
        "percent_change_7d": "-16.64", 
        "last_updated": "1523407461"
    }, 
    {
        "id": "monacoin", 
        "name": "MonaCoin", 
        "symbol": "MONA", 
        "rank": "64", 
        "price_usd": "3.27381", 
        "price_btc": "0.00047872", 
        "24h_volume_usd": "870352.0", 
        "market_cap_usd": "192127386.0", 
        "available_supply": "58686175.0", 
        "total_supply": "58686175.0", 
        "max_supply": null, 
        "percent_change_1h": "0.35", 
        "percent_change_24h": "1.04", 
        "percent_change_7d": "-7.59", 
        "last_updated": "1523407442"
    }, 
    {
        "id": "veritaseum", 
        "name": "Veritaseum", 
        "symbol": "VERI", 
        "rank": "65", 
        "price_usd": "90.9786", 
        "price_btc": "0.0133036", 
        "24h_volume_usd": "343534.0", 
        "market_cap_usd": "185291151.0", 
        "available_supply": "2036645.0", 
        "total_supply": "100000000.0", 
        "max_supply": null, 
        "percent_change_1h": "2.01", 
        "percent_change_24h": "-0.97", 
        "percent_change_7d": "-25.55", 
        "last_updated": "1523407450"
    }, 
    {
        "id": "qash", 
        "name": "QASH", 
        "symbol": "QASH", 
        "rank": "66", 
        "price_usd": "0.529121", 
        "price_btc": "0.00007737", 
        "24h_volume_usd": "3689370.0", 
        "market_cap_usd": "185192350.0", 
        "available_supply": "350000000.0", 
        "total_supply": "1000000000.0", 
        "max_supply": null, 
        "percent_change_1h": "0.13", 
        "percent_change_24h": "-0.08", 
        "percent_change_7d": "-14.68", 
        "last_updated": "1523407457"
    }, 
    {
        "id": "factom", 
        "name": "Factom", 
        "symbol": "FCT", 
        "rank": "67", 
        "price_usd": "20.4888", 
        "price_btc": "0.00299603", 
        "24h_volume_usd": "478918.0", 
        "market_cap_usd": "179176646.0", 
        "available_supply": "8745102.0", 
        "total_supply": "8745102.0", 
        "max_supply": null, 
        "percent_change_1h": "0.99", 
        "percent_change_24h": "4.07", 
        "percent_change_7d": "-4.55", 
        "last_updated": "1523407445"
    }, 
    {
        "id": "dragonchain", 
        "name": "Dragonchain", 
        "symbol": "DRGN", 
        "rank": "68", 
        "price_usd": "0.714607", 
        "price_btc": "0.00010449", 
        "24h_volume_usd": "1214030.0", 
        "market_cap_usd": "170377987.0", 
        "available_supply": "238421940.0", 
        "total_supply": "433494437.0", 
        "max_supply": null, 
        "percent_change_1h": "-0.41", 
        "percent_change_24h": "0.61", 
        "percent_change_7d": "-3.22", 
        "last_updated": "1523407457"
    }, 
    {
        "id": "elastos", 
        "name": "Elastos", 
        "symbol": "ELA", 
        "rank": "69", 
        "price_usd": "33.2497", 
        "price_btc": "0.00486202", 
        "24h_volume_usd": "13348500.0", 
        "market_cap_usd": "165083929.0", 
        "available_supply": "4964975.0", 
        "total_supply": "33379033.0", 
        "max_supply": null, 
        "percent_change_1h": "-0.67", 
        "percent_change_24h": "1.73", 
        "percent_change_7d": "20.59", 
        "last_updated": "1523407460"
    }, 
    {
        "id": "nebulas-token", 
        "name": "Nebulas", 
        "symbol": "NAS", 
        "rank": "70", 
        "price_usd": "4.57466", 
        "price_btc": "0.00066894", 
        "24h_volume_usd": "8252280.0", 
        "market_cap_usd": "162400430.0", 
        "available_supply": "35500000.0", 
        "total_supply": "100000000.0", 
        "max_supply": "100000000.0", 
        "percent_change_1h": "-0.11", 
        "percent_change_24h": "3.67", 
        "percent_change_7d": "-6.08", 
        "last_updated": "1523407453"
    }, 
    {
        "id": "gas", 
        "name": "Gas", 
        "symbol": "GAS", 
        "rank": "71", 
        "price_usd": "15.4374", 
        "price_btc": "0.00225737", 
        "24h_volume_usd": "4142170.0", 
        "market_cap_usd": "155328973.0", 
        "available_supply": "10061861.0", 
        "total_supply": "16915355.0", 
        "max_supply": "100000000.0", 
        "percent_change_1h": "0.09", 
        "percent_change_24h": "2.34", 
        "percent_change_7d": "-8.77", 
        "last_updated": "1523407451"
    }, 
    {
        "id": "substratum", 
        "name": "Substratum", 
        "symbol": "SUB", 
        "rank": "72", 
        "price_usd": "0.399081", 
        "price_btc": "0.00005836", 
        "24h_volume_usd": "5218930.0", 
        "market_cap_usd": "152856404.0", 
        "available_supply": "383021000.0", 
        "total_supply": "472000000.0", 
        "max_supply": null, 
        "percent_change_1h": "0.29", 
        "percent_change_24h": "5.2", 
        "percent_change_7d": "6.67", 
        "last_updated": "1523407454"
    }, 
    {
        "id": "ethos", 
        "name": "Ethos", 
        "symbol": "ETHOS", 
        "rank": "73", 
        "price_usd": "1.98405", 
        "price_btc": "0.00029012", 
        "24h_volume_usd": "3453410.0", 
        "market_cap_usd": "151575288.0", 
        "available_supply": "76396909.0", 
        "total_supply": "222295208.0", 
        "max_supply": null, 
        "percent_change_1h": "0.39", 
        "percent_change_24h": "2.4", 
        "percent_change_7d": "-8.89", 
        "last_updated": "1523407452"
    }, 
    {
        "id": "gxchain", 
        "name": "GXChain", 
        "symbol": "GXS", 
        "rank": "74", 
        "price_usd": "2.49281", 
        "price_btc": "0.00036452", 
        "24h_volume_usd": "13208800.0", 
        "market_cap_usd": "149568600.0", 
        "available_supply": "60000000.0", 
        "total_supply": "100000000.0", 
        "max_supply": "100000000.0", 
        "percent_change_1h": "0.52", 
        "percent_change_24h": "2.94", 
        "percent_change_7d": "-9.14", 
        "last_updated": "1523407451"
    }, 
    {
        "id": "syscoin", 
        "name": "Syscoin", 
        "symbol": "SYS", 
        "rank": "75", 
        "price_usd": "0.277142", 
        "price_btc": "0.00004053", 
        "24h_volume_usd": "1531080.0", 
        "market_cap_usd": "147497469.0", 
        "available_supply": "532209008.0", 
        "total_supply": "532209008.0", 
        "max_supply": "888000000.0", 
        "percent_change_1h": "-0.11", 
        "percent_change_24h": "2.76", 
        "percent_change_7d": "-7.86", 
        "last_updated": "1523407443"
    }, 
    {
        "id": "revain", 
        "name": "Revain", 
        "symbol": "R", 
        "rank": "76", 
        "price_usd": "0.776546", 
        "price_btc": "0.00011355", 
        "24h_volume_usd": "2914290.0", 
        "market_cap_usd": "143233910.0", 
        "available_supply": "184450000.0", 
        "total_supply": "484450000.0", 
        "max_supply": "484450000.0", 
        "percent_change_1h": "-0.08", 
        "percent_change_24h": "0.2", 
        "percent_change_7d": "-4.64", 
        "last_updated": "1523407456"
    }, 
    {
        "id": "electroneum", 
        "name": "Electroneum", 
        "symbol": "ETN", 
        "rank": "77", 
        "price_usd": "0.0211095", 
        "price_btc": "0.00000309", 
        "24h_volume_usd": "708852.0", 
        "market_cap_usd": "140912214.0", 
        "available_supply": "6675298512.0", 
        "total_supply": "6675298512.0", 
        "max_supply": "21000000000.0", 
        "percent_change_1h": "-0.41", 
        "percent_change_24h": "-0.82", 
        "percent_change_7d": "-5.79", 
        "last_updated": "1523407456"
    }, 
    {
        "id": "kyber-network", 
        "name": "Kyber Network", 
        "symbol": "KNC", 
        "rank": "78", 
        "price_usd": "1.04869", 
        "price_btc": "0.00015335", 
        "24h_volume_usd": "8602930.0", 
        "market_cap_usd": "140663618.0", 
        "available_supply": "134132697.0", 
        "total_supply": "215625349.0", 
        "max_supply": null, 
        "percent_change_1h": "1.02", 
        "percent_change_24h": "6.18", 
        "percent_change_7d": "1.4", 
        "last_updated": "1523407454"
    }, 
    {
        "id": "funfair", 
        "name": "FunFair", 
        "symbol": "FUN", 
        "rank": "79", 
        "price_usd": "0.0295655", 
        "price_btc": "0.00000432", 
        "24h_volume_usd": "687612.0", 
        "market_cap_usd": "139651847.0", 
        "available_supply": "4723473189.0", 
        "total_supply": "10999873621.0", 
        "max_supply": null, 
        "percent_change_1h": "0.82", 
        "percent_change_24h": "2.4", 
        "percent_change_7d": "-8.21", 
        "last_updated": "1523407451"
    }, 
    {
        "id": "skycoin", 
        "name": "Skycoin", 
        "symbol": "SKY", 
        "rank": "80", 
        "price_usd": "17.4916", 
        "price_btc": "0.00255775", 
        "24h_volume_usd": "7261910.0", 
        "market_cap_usd": "136210955.0", 
        "available_supply": "7787221.0", 
        "total_supply": "25000000.0", 
        "max_supply": "100000000.0", 
        "percent_change_1h": "-1.0", 
        "percent_change_24h": "12.54", 
        "percent_change_7d": "28.37", 
        "last_updated": "1523407449"
    }, 
    {
        "id": "reddcoin", 
        "name": "ReddCoin", 
        "symbol": "RDD", 
        "rank": "81", 
        "price_usd": "0.00466241", 
        "price_btc": "0.00000068", 
        "24h_volume_usd": "6482180.0", 
        "market_cap_usd": "134318032.0", 
        "available_supply": "28808713174.0", 
        "total_supply": "28808713174.0", 
        "max_supply": null, 
        "percent_change_1h": "0.33", 
        "percent_change_24h": "16.75", 
        "percent_change_7d": "2.23", 
        "last_updated": "1523407441"
    }, 
    {
        "id": "zcoin", 
        "name": "ZCoin", 
        "symbol": "XZC", 
        "rank": "82", 
        "price_usd": "28.7241", 
        "price_btc": "0.00420025", 
        "24h_volume_usd": "931842.0", 
        "market_cap_usd": "129318372.0", 
        "available_supply": "4502086.0", 
        "total_supply": "4502086.0", 
        "max_supply": "21400000.0", 
        "percent_change_1h": "0.75", 
        "percent_change_24h": "2.72", 
        "percent_change_7d": "-7.68", 
        "last_updated": "1523407448"
    }, 
    {
        "id": "maidsafecoin", 
        "name": "MaidSafeCoin", 
        "symbol": "MAID", 
        "rank": "83", 
        "price_usd": "0.281286", 
        "price_btc": "0.00004113", 
        "24h_volume_usd": "1084930.0", 
        "market_cap_usd": "127296658.0", 
        "available_supply": "452552412.0", 
        "total_supply": "452552412.0", 
        "max_supply": null, 
        "percent_change_1h": "1.62", 
        "percent_change_24h": "6.61", 
        "percent_change_7d": "3.76", 
        "last_updated": "1523407442"
    }, 
    {
        "id": "chainlink", 
        "name": "ChainLink", 
        "symbol": "LINK", 
        "rank": "84", 
        "price_usd": "0.360725", 
        "price_btc": "0.00005275", 
        "24h_volume_usd": "9468970.0", 
        "market_cap_usd": "126253750.0", 
        "available_supply": "350000000.0", 
        "total_supply": "1000000000.0", 
        "max_supply": null, 
        "percent_change_1h": "1.43", 
        "percent_change_24h": "14.38", 
        "percent_change_7d": "22.3", 
        "last_updated": "1523407453"
    }, 
    {
        "id": "nxt", 
        "name": "Nxt", 
        "symbol": "NXT", 
        "rank": "85", 
        "price_usd": "0.126124", 
        "price_btc": "0.00001844", 
        "24h_volume_usd": "5632550.0", 
        "market_cap_usd": "125997869.0", 
        "available_supply": "998999942.0", 
        "total_supply": "998999942.0", 
        "max_supply": "1000000000.0", 
        "percent_change_1h": "-0.88", 
        "percent_change_24h": "7.84", 
        "percent_change_7d": "-0.89", 
        "last_updated": "1523407441"
    }, 
    {
        "id": "mixin", 
        "name": "Mixin", 
        "symbol": "XIN", 
        "rank": "86", 
        "price_usd": "309.766", 
        "price_btc": "0.0452963", 
        "24h_volume_usd": "1131780.0", 
        "market_cap_usd": "125813415.0", 
        "available_supply": "406156.0", 
        "total_supply": "1000000.0", 
        "max_supply": null, 
        "percent_change_1h": "-1.74", 
        "percent_change_24h": "-14.78", 
        "percent_change_7d": "34.24", 
        "last_updated": "1523407459"
    }, 
    {
        "id": "byteball", 
        "name": "Byteball Bytes", 
        "symbol": "GBYTE", 
        "rank": "87", 
        "price_usd": "193.304", 
        "price_btc": "0.0282664", 
        "24h_volume_usd": "344158.0", 
        "market_cap_usd": "124724004.0", 
        "available_supply": "645222.0", 
        "total_supply": "1000000.0", 
        "max_supply": null, 
        "percent_change_1h": "-0.95", 
        "percent_change_24h": "5.57", 
        "percent_change_7d": "3.24", 
        "last_updated": "1523407448"
    }, 
    {
        "id": "salt", 
        "name": "SALT", 
        "symbol": "SALT", 
        "rank": "88", 
        "price_usd": "2.17635", 
        "price_btc": "0.00031824", 
        "24h_volume_usd": "12205400.0", 
        "market_cap_usd": "122671547.0", 
        "available_supply": "56365726.0", 
        "total_supply": "120000000.0", 
        "max_supply": null, 
        "percent_change_1h": "0.66", 
        "percent_change_24h": "4.74", 
        "percent_change_7d": "-1.34", 
        "last_updated": "1523407454"
    }, 
    {
        "id": "nucleus-vision", 
        "name": "Nucleus Vision", 
        "symbol": "NCASH", 
        "rank": "89", 
        "price_usd": "0.029744", 
        "price_btc": "0.00000435", 
        "24h_volume_usd": "19984200.0", 
        "market_cap_usd": "119350633.0", 
        "available_supply": "4012595236.0", 
        "total_supply": "10000000000.0", 
        "max_supply": null, 
        "percent_change_1h": "0.97", 
        "percent_change_24h": "8.2", 
        "percent_change_7d": "6.72", 
        "last_updated": "1523407461"
    }, 
    {
        "id": "storm", 
        "name": "Storm", 
        "symbol": "STORM", 
        "rank": "90", 
        "price_usd": "0.0286152", 
        "price_btc": "0.00000418", 
        "24h_volume_usd": "15610700.0", 
        "market_cap_usd": "117003347.0", 
        "available_supply": "4088853037.0", 
        "total_supply": "10000000000.0", 
        "max_supply": null, 
        "percent_change_1h": "-0.04", 
        "percent_change_24h": "1.23", 
        "percent_change_7d": "-11.23", 
        "last_updated": "1523407458"
    }, 
    {
        "id": "power-ledger", 
        "name": "Power Ledger", 
        "symbol": "POWR", 
        "rank": "91", 
        "price_usd": "0.308987", 
        "price_btc": "0.00004518", 
        "24h_volume_usd": "6564430.0", 
        "market_cap_usd": "112450549.0", 
        "available_supply": "363932947.0", 
        "total_supply": "1000000000.0", 
        "max_supply": null, 
        "percent_change_1h": "-0.0", 
        "percent_change_24h": "3.33", 
        "percent_change_7d": "-12.04", 
        "last_updated": "1523407456"
    }, 
    {
        "id": "particl", 
        "name": "Particl", 
        "symbol": "PART", 
        "rank": "92", 
        "price_usd": "12.3827", 
        "price_btc": "0.0018107", 
        "24h_volume_usd": "2130220.0", 
        "market_cap_usd": "110591163.0", 
        "available_supply": "8931103.0", 
        "total_supply": "8931103.0", 
        "max_supply": null, 
        "percent_change_1h": "-0.9", 
        "percent_change_24h": "3.22", 
        "percent_change_7d": "17.08", 
        "last_updated": "1523407452"
    }, 
    {
        "id": "bancor", 
        "name": "Bancor", 
        "symbol": "BNT", 
        "rank": "93", 
        "price_usd": "2.44079", 
        "price_btc": "0.00035691", 
        "24h_volume_usd": "5157630.0", 
        "market_cap_usd": "109924580.0", 
        "available_supply": "45036476.0", 
        "total_supply": "74711036.0", 
        "max_supply": null, 
        "percent_change_1h": "0.56", 
        "percent_change_24h": "5.75", 
        "percent_change_7d": "4.4", 
        "last_updated": "1523407451"
    }, 
    {
        "id": "wax", 
        "name": "WAX", 
        "symbol": "WAX", 
        "rank": "94", 
        "price_usd": "0.176489", 
        "price_btc": "0.00002581", 
        "24h_volume_usd": "3618420.0", 
        "market_cap_usd": "109248261.0", 
        "available_supply": "619008898.0", 
        "total_supply": "1850000000.0", 
        "max_supply": null, 
        "percent_change_1h": "0.31", 
        "percent_change_24h": "8.11", 
        "percent_change_7d": "5.35", 
        "last_updated": "1523407458"
    }, 
    {
        "id": "enigma-project", 
        "name": "Enigma", 
        "symbol": "ENG", 
        "rank": "95", 
        "price_usd": "1.44546", 
        "price_btc": "0.00021137", 
        "24h_volume_usd": "6004180.0", 
        "market_cap_usd": "108172692.0", 
        "available_supply": "74836171.0", 
        "total_supply": "150000000.0", 
        "max_supply": null, 
        "percent_change_1h": "1.89", 
        "percent_change_24h": "6.63", 
        "percent_change_7d": "-4.02", 
        "last_updated": "1523407455"
    }, 
    {
        "id": "request-network", 
        "name": "Request Network", 
        "symbol": "REQ", 
        "rank": "96", 
        "price_usd": "0.159381", 
        "price_btc": "0.00002331", 
        "24h_volume_usd": "3065020.0", 
        "market_cap_usd": "105663433.0", 
        "available_supply": "662961287.0", 
        "total_supply": "999999783.0", 
        "max_supply": null, 
        "percent_change_1h": "0.9", 
        "percent_change_24h": "1.9", 
        "percent_change_7d": "-4.25", 
        "last_updated": "1523407455"
    }, 
    {
        "id": "neblio", 
        "name": "Neblio", 
        "symbol": "NEBL", 
        "rank": "97", 
        "price_usd": "7.94037", 
        "price_btc": "0.0011611", 
        "24h_volume_usd": "9252080.0", 
        "market_cap_usd": "103143040.0", 
        "available_supply": "12989702.0", 
        "total_supply": "13746637.0", 
        "max_supply": null, 
        "percent_change_1h": "1.18", 
        "percent_change_24h": "6.01", 
        "percent_change_7d": "-0.79", 
        "last_updated": "1523407454"
    }, 
    {
        "id": "dent", 
        "name": "Dent", 
        "symbol": "DENT", 
        "rank": "98", 
        "price_usd": "0.00967676", 
        "price_btc": "0.00000142", 
        "24h_volume_usd": "850986.0", 
        "market_cap_usd": "102716494.0", 
        "available_supply": "10614760961.0", 
        "total_supply": "100000000000", 
        "max_supply": null, 
        "percent_change_1h": "-0.37", 
        "percent_change_24h": "-1.79", 
        "percent_change_7d": "-15.69", 
        "last_updated": "1523407453"
    }, 
    {
        "id": "dentacoin", 
        "name": "Dentacoin", 
        "symbol": "DCN", 
        "rank": "99", 
        "price_usd": "0.000307227", 
        "price_btc": "0.00000004", 
        "24h_volume_usd": "83974.5", 
        "market_cap_usd": "99918397.0", 
        "available_supply": "325226613094", 
        "total_supply": "1963173416169", 
        "max_supply": "8000000000000", 
        "percent_change_1h": "1.35", 
        "percent_change_24h": "2.68", 
        "percent_change_7d": "-4.87", 
        "last_updated": "1523407452"
    }, 
    {
        "id": "storj", 
        "name": "Storj", 
        "symbol": "STORJ", 
        "rank": "100", 
        "price_usd": "0.748379", 
        "price_btc": "0.00010943", 
        "24h_volume_usd": "8448330.0", 
        "market_cap_usd": "99852837.0", 
        "available_supply": "133425493.0", 
        "total_supply": "424999998.0", 
        "max_supply": null, 
        "percent_change_1h": "0.26", 
        "percent_change_24h": "1.66", 
        "percent_change_7d": "-10.88", 
        "last_updated": "1523407451"
    }
]