[
    {
        "id": "bitcoin", 
        "name": "Bitcoin", 
        "symbol": "BTC", 
        "rank": "1", 
        "price_usd": "6852.25", 
        "price_btc": "1.0", 
        "24h_volume_usd": "4279800000.0", 
        "market_cap_usd": "116275145025", 
        "available_supply": "16968900.0", 
        "total_supply": "16968900.0", 
        "max_supply": "21000000.0", 
        "percent_change_1h": "0.42", 
        "percent_change_24h": "1.27", 
        "percent_change_7d": "-7.7", 
        "last_updated": "1523407468"
    }, 
    {
        "id": "ethereum", 
        "name": "Ethereum", 
        "symbol": "ETH", 
        "rank": "2", 
        "price_usd": "417.655", 
        "price_btc": "0.0610726", 
        "24h_volume_usd": "1217440000.0", 
        "market_cap_usd": "41240285211.0", 
        "available_supply": "98742467.0", 
        "total_supply": "98742467.0", 
        "max_supply": null, 
        "percent_change_1h": "1.18", 
        "percent_change_24h": "4.97", 
        "percent_change_7d": "1.56", 
        "last_updated": "1523407454"
    }, 
    {
        "id": "ripple", 
        "name": "Ripple", 
        "symbol": "XRP", 
        "rank": "3", 
        "price_usd": "0.493177", 
        "price_btc": "0.00007215", 
        "24h_volume_usd": "154820000.0", 
        "market_cap_usd": "19280518397.0", 
        "available_supply": "39094520623.0", 
        "total_supply": "99992405149.0", 
        "max_supply": "100000000000", 
        "percent_change_1h": "0.3", 
        "percent_change_24h": "0.81", 
        "percent_change_7d": "-9.67", 
        "last_updated": "1523407741"
    }, 
    {
        "id": "bitcoin-cash", 
        "name": "Bitcoin Cash", 
        "symbol": "BCH", 
        "rank": "4", 
        "price_usd": "653.151", 
        "price_btc": "0.0955086", 
        "24h_volume_usd": "225466000.0", 
        "market_cap_usd": "11147017870.0", 
        "available_supply": "17066525.0", 
        "total_supply": "17066525.0", 
        "max_supply": "21000000.0", 
        "percent_change_1h": "0.67", 
        "percent_change_24h": "2.66", 
        "percent_change_7d": "-7.22", 
        "last_updated": "1523407452"
    }, 
    {
        "id": "litecoin", 
        "name": "Litecoin", 
        "symbol": "LTC", 
        "rank": "5", 
        "price_usd": "114.526", 
        "price_btc": "0.0167546", 
        "24h_volume_usd": "200911000.0", 
        "market_cap_usd": "6416592607.0", 
        "available_supply": "56027388.0", 
        "total_supply": "56027388.0", 
        "max_supply": "84000000.0", 
        "percent_change_1h": "0.3", 
        "percent_change_24h": "-0.35", 
        "percent_change_7d": "-13.43", 
        "last_updated": "1523407741"
    }, 
    {
        "id": "eos", 
        "name": "EOS", 
        "symbol": "EOS", 
        "rank": "6", 
        "price_usd": "6.00282", 
        "price_btc": "0.00087819", 
        "24h_volume_usd": "225624000.0", 
        "market_cap_usd": "4710372970.0", 
        "available_supply": "784693356.0", 
        "total_supply": "900000000.0", 
        "max_supply": "1000000000.0", 
        "percent_change_1h": "0.14", 
        "percent_change_24h": "2.43", 
        "percent_change_7d": "-1.01", 
        "last_updated": "1523407751"
    }, 
    {
        "id": "cardano", 
        "name": "Cardano", 
        "symbol": "ADA", 
        "rank": "7", 
        "price_usd": "0.156598", 
        "price_btc": "0.00002291", 
        "24h_volume_usd": "55845600.0", 
        "market_cap_usd": "4060127392.0", 
        "available_supply": "25927070538.0", 
        "total_supply": "31112483745.0", 
        "max_supply": "45000000000.0", 
        "percent_change_1h": "0.28", 
        "percent_change_24h": "3.23", 
        "percent_change_7d": "-8.34", 
        "last_updated": "1523407754"
    }, 
    {
        "id": "stellar", 
        "name": "Stellar", 
        "symbol": "XLM", 
        "rank": "8", 
        "price_usd": "0.199449", 
        "price_btc": "0.00002918", 
        "24h_volume_usd": "27131600.0", 
        "market_cap_usd": "3700027517.0", 
        "available_supply": "18551246269.0", 
        "total_supply": "103847435165", 
        "max_supply": null, 
        "percent_change_1h": "0.2", 
        "percent_change_24h": "1.16", 
        "percent_change_7d": "-14.17", 
        "last_updated": "1523407744"
    }, 
    {
        "id": "neo", 
        "name": "NEO", 
        "symbol": "NEO", 
        "rank": "9", 
        "price_usd": "52.9015", 
        "price_btc": "0.00773925", 
        "24h_volume_usd": "87846600.0", 
        "market_cap_usd": "3438597500.0", 
        "available_supply": "65000000.0", 
        "total_supply": "100000000.0", 
        "max_supply": "100000000.0", 
        "percent_change_1h": "0.83", 
        "percent_change_24h": "1.82", 
        "percent_change_7d": "0.4", 
        "last_updated": "1523407748"
    }, 
    {
        "id": "iota", 
        "name": "IOTA", 
        "symbol": "MIOTA", 
        "rank": "10", 
        "price_usd": "1.00733", 
        "price_btc": "0.00014737", 
        "24h_volume_usd": "21331300.0", 
        "market_cap_usd": "2799904240.0", 
        "available_supply": "2779530283.0", 
        "total_supply": "2779530283.0", 
        "max_supply": "2779530283.0", 
        "percent_change_1h": "0.14", 
        "percent_change_24h": "2.04", 
        "percent_change_7d": "-7.45", 
        "last_updated": "1523407751"
    }, 
    {
        "id": "monero", 
        "name": "Monero", 
        "symbol": "XMR", 
        "rank": "11", 
        "price_usd": "165.525", 
        "price_btc": "0.0242156", 
        "24h_volume_usd": "31378200.0", 
        "market_cap_usd": "2634544096.0", 
        "available_supply": "15916291.0", 
        "total_supply": "15916291.0", 
        "max_supply": null, 
        "percent_change_1h": "0.02", 
        "percent_change_24h": "-0.57", 
        "percent_change_7d": "-11.93", 
        "last_updated": "1523407742"
    }, 
    {
        "id": "tron", 
        "name": "TRON", 
        "symbol": "TRX", 
        "rank": "12", 
        "price_usd": "0.0368582", 
        "price_btc": "0.00000539", 
        "24h_volume_usd": "302542000.0", 
        "market_cap_usd": "2423357049.0", 
        "available_supply": "65748111645.0", 
        "total_supply": "100000000000", 
        "max_supply": null, 
        "percent_change_1h": "-0.11", 
        "percent_change_24h": "3.71", 
        "percent_change_7d": "7.31", 
        "last_updated": "1523407754"
    }, 
    {
        "id": "dash", 
        "name": "Dash", 
        "symbol": "DASH", 
        "rank": "13", 
        "price_usd": "299.308", 
        "price_btc": "0.0437875", 
        "24h_volume_usd": "71095900.0", 
        "market_cap_usd": "2395364839.0", 
        "available_supply": "8003010.0", 
        "total_supply": "8003010.0", 
        "max_supply": "18900000.0", 
        "percent_change_1h": "0.42", 
        "percent_change_24h": "0.43", 
        "percent_change_7d": "-11.24", 
        "last_updated": "1523407741"
    }, 
    {
        "id": "tether", 
        "name": "Tether", 
        "symbol": "USDT", 
        "rank": "14", 
        "price_usd": "0.997613", 
        "price_btc": "0.00014595", 
        "24h_volume_usd": "1262780000.0", 
        "market_cap_usd": "2281681408.0", 
        "available_supply": "2287140814.0", 
        "total_supply": "2580109970.0", 
        "max_supply": null, 
        "percent_change_1h": "-0.02", 
        "percent_change_24h": "-0.12", 
        "percent_change_7d": "-0.39", 
        "last_updated": "1523407747"
    }, 
    {
        "id": "nem", 
        "name": "NEM", 
        "symbol": "XEM", 
        "rank": "15", 
        "price_usd": "0.235277", 
        "price_btc": "0.00003442", 
        "24h_volume_usd": "12785300.0", 
        "market_cap_usd": "2117493000.0", 
        "available_supply": "8999999999.0", 
        "total_supply": "8999999999.0", 
        "max_supply": null, 
        "percent_change_1h": "0.22", 
        "percent_change_24h": "2.73", 
        "percent_change_7d": "-7.1", 
        "last_updated": "1523407745"
    }, 
    {
        "id": "vechain", 
        "name": "VeChain", 
        "symbol": "VEN", 
        "rank": "16", 
        "price_usd": "2.80403", 
        "price_btc": "0.00041022", 
        "24h_volume_usd": "68670400.0", 
        "market_cap_usd": "1471472240.0", 
        "available_supply": "524770505.0", 
        "total_supply": "873378637.0", 
        "max_supply": null, 
        "percent_change_1h": "4.34", 
        "percent_change_24h": "9.94", 
        "percent_change_7d": "-1.52", 
        "last_updated": "1523407753"
    }, 
    {
        "id": "binance-coin", 
        "name": "Binance Coin", 
        "symbol": "BNB", 
        "rank": "17", 
        "price_usd": "11.952", 
        "price_btc": "0.00174853", 
        "24h_volume_usd": "88266200.0", 
        "market_cap_usd": "1389558692.0", 
        "available_supply": "116261604.0", 
        "total_supply": "197192382.0", 
        "max_supply": null, 
        "percent_change_1h": "-0.15", 
        "percent_change_24h": "0.6", 
        "percent_change_7d": "-9.13", 
        "last_updated": "1523407752"
    }, 
    {
        "id": "ethereum-classic", 
        "name": "Ethereum Classic", 
        "symbol": "ETC", 
        "rank": "18", 
        "price_usd": "13.6859", 
        "price_btc": "0.00200218", 
        "24h_volume_usd": "73596900.0", 
        "market_cap_usd": "1383522631.0", 
        "available_supply": "101091096.0", 
        "total_supply": "101091096.0", 
        "max_supply": null, 
        "percent_change_1h": "0.25", 
        "percent_change_24h": "0.79", 
        "percent_change_7d": "-8.46", 
        "last_updated": "1523407748"
    }, 
    {
        "id": "verge", 
        "name": "Verge", 
        "symbol": "XVG", 
        "rank": "19", 
        "price_usd": "0.0841781", 
        "price_btc": "0.00001231", 
        "24h_volume_usd": "443663000.0", 
        "market_cap_usd": "1250894910.0", 
        "available_supply": "14860099125.0", 
        "total_supply": "14860099125.0", 
        "max_supply": "16555000000.0", 
        "percent_change_1h": "-0.08", 
        "percent_change_24h": "8.73", 
        "percent_change_7d": "22.7", 
        "last_updated": "1523407744"
    }, 
    {
        "id": "qtum", 
        "name": "Qtum", 
        "symbol": "QTUM", 
        "rank": "20", 
        "price_usd": "13.5659", 
        "price_btc": "0.00198463", 
        "24h_volume_usd": "89592800.0", 
        "market_cap_usd": "1200769088.0", 
        "available_supply": "88513780.0", 
        "total_supply": "100513780.0", 
        "max_supply": null, 
        "percent_change_1h": "0.82", 
        "percent_change_24h": "1.19", 
        "percent_change_7d": "-9.25", 
        "last_updated": "1523407750"
    }, 
    {
        "id": "ontology", 
        "name": "Ontology", 
        "symbol": "ONT", 
        "rank": "21", 
        "price_usd": "4.53733", 
        "price_btc": "0.00066348", 
        "24h_volume_usd": "164582000.0", 
        "market_cap_usd": "1094569386.0", 
        "available_supply": "241236451.0", 
        "total_supply": "1000000000.0", 
        "max_supply": null, 
        "percent_change_1h": "-2.15", 
        "percent_change_24h": "24.92", 
        "percent_change_7d": "96.82", 
        "last_updated": "1523407461"
    }, 
    {
        "id": "omisego", 
        "name": "OmiseGO", 
        "symbol": "OMG", 
        "rank": "22", 
        "price_usd": "9.30386", 
        "price_btc": "0.00136111", 
        "24h_volume_usd": "28163200.0", 
        "market_cap_usd": "949389616.0", 
        "available_supply": "102042552.0", 
        "total_supply": "140245398.0", 
        "max_supply": null, 
        "percent_change_1h": "0.8", 
        "percent_change_24h": "2.47", 
        "percent_change_7d": "-0.91", 
        "last_updated": "1523407752"
    }, 
    {
        "id": "lisk", 
        "name": "Lisk", 
        "symbol": "LSK", 
        "rank": "23", 
        "price_usd": "8.50897", 
        "price_btc": "0.00124482", 
        "24h_volume_usd": "14259200.0", 
        "market_cap_usd": "882562852.0", 
        "available_supply": "103721467.0", 
        "total_supply": "119971984.0", 
        "max_supply": null, 
        "percent_change_1h": "-0.02", 
        "percent_change_24h": "-0.76", 
        "percent_change_7d": "-11.58", 
        "last_updated": "1523407747"
    }, 
    {
        "id": "icon", 
        "name": "ICON", 
        "symbol": "ICX", 
        "rank": "24", 
        "price_usd": "2.11364", 
        "price_btc": "0.00030922", 
        "24h_volume_usd": "45858100.0", 
        "market_cap_usd": "818065886.0", 
        "available_supply": "387041258.0", 
        "total_supply": "400228750.0", 
        "max_supply": null, 
        "percent_change_1h": "0.24", 
        "percent_change_24h": "5.48", 
        "percent_change_7d": "-6.55", 
        "last_updated": "1523407756"
    }, 
    {
        "id": "bitcoin-gold", 
        "name": "Bitcoin Gold", 
        "symbol": "BTG", 
        "rank": "25", 
        "price_usd": "40.9581", 
        "price_btc": "0.00599198", 
        "24h_volume_usd": "7613790.0", 
        "market_cap_usd": "693650965.0", 
        "available_supply": "16935624.0", 
        "total_supply": "17035624.0", 
        "max_supply": "21000000.0", 
        "percent_change_1h": "0.37", 
        "percent_change_24h": "-0.29", 
        "percent_change_7d": "-11.41", 
        "last_updated": "1523407756"
    }, 
    {
        "id": "zcash", 
        "name": "Zcash", 
        "symbol": "ZEC", 
        "rank": "26", 
        "price_usd": "180.363", 
        "price_btc": "0.0263864", 
        "24h_volume_usd": "33349700.0", 
        "market_cap_usd": "662684098.0", 
        "available_supply": "3674169.0", 
        "total_supply": "3674169.0", 
        "max_supply": null, 
        "percent_change_1h": "0.57", 
        "percent_change_24h": "1.57", 
        "percent_change_7d": "-11.49", 
        "last_updated": "1523407748"
    }, 
    {
        "id": "nano", 
        "name": "Nano", 
        "symbol": "NANO", 
        "rank": "27", 
        "price_usd": "4.84619", 
        "price_btc": "0.00070898", 
        "24h_volume_usd": "6762030.0", 
        "market_cap_usd": "645746527.0", 
        "available_supply": "133248289.0", 
        "total_supply": "133248289.0", 
        "max_supply": "133248290.0", 
        "percent_change_1h": "0.27", 
        "percent_change_24h": "0.2", 
        "percent_change_7d": "-18.56", 
        "last_updated": "1523407749"
    }, 
    {
        "id": "bytom", 
        "name": "Bytom", 
        "symbol": "BTM", 
        "rank": "28", 
        "price_usd": "0.602902", 
        "price_btc": "0.00008820", 
        "24h_volume_usd": "25298800.0", 
        "market_cap_usd": "595064274.0", 
        "available_supply": "987000000.0", 
        "total_supply": "1407000000.0", 
        "max_supply": null, 
        "percent_change_1h": "1.6", 
        "percent_change_24h": "14.96", 
        "percent_change_7d": "23.9", 
        "last_updated": "1523407752"
    }, 
    {
        "id": "wanchain", 
        "name": "Wanchain", 
        "symbol": "WAN", 
        "rank": "29", 
        "price_usd": "4.54137", 
        "price_btc": "0.00066407", 
        "24h_volume_usd": "29372400.0", 
        "market_cap_usd": "482077745.0", 
        "available_supply": "106152493.0", 
        "total_supply": "210000000.0", 
        "max_supply": null, 
        "percent_change_1h": "1.94", 
        "percent_change_24h": "23.12", 
        "percent_change_7d": "32.2", 
        "last_updated": "1523407462"
    }, 
    {
        "id": "steem", 
        "name": "Steem", 
        "symbol": "STEEM", 
        "rank": "30", 
        "price_usd": "1.83752", 
        "price_btc": "0.00026882", 
        "24h_volume_usd": "2087660.0", 
        "market_cap_usd": "470689529.0", 
        "available_supply": "256154779.0", 
        "total_supply": "273128873.0", 
        "max_supply": null, 
        "percent_change_1h": "-0.17", 
        "percent_change_24h": "1.12", 
        "percent_change_7d": "-9.98", 
        "last_updated": "1523407747"
    }, 
    {
        "id": "bytecoin-bcn", 
        "name": "Bytecoin", 
        "symbol": "BCN", 
        "rank": "31", 
        "price_usd": "0.00236986", 
        "price_btc": "0.00000035", 
        "24h_volume_usd": "4514420.0", 
        "market_cap_usd": "435653669.0", 
        "available_supply": "183830972517", 
        "total_supply": "183830972517", 
        "max_supply": "184470000000", 
        "percent_change_1h": "2.24", 
        "percent_change_24h": "11.29", 
        "percent_change_7d": "2.66", 
        "last_updated": "1523407742"
    }, 
    {
        "id": "populous", 
        "name": "Populous", 
        "symbol": "PPT", 
        "rank": "32", 
        "price_usd": "11.7535", 
        "price_btc": "0.00171949", 
        "24h_volume_usd": "1196570.0", 
        "market_cap_usd": "434926830.0", 
        "available_supply": "37004027.0", 
        "total_supply": "53252246.0", 
        "max_supply": "53252246.0", 
        "percent_change_1h": "0.42", 
        "percent_change_24h": "1.02", 
        "percent_change_7d": "-9.9", 
        "last_updated": "1523407751"
    }, 
    {
        "id": "digixdao", 
        "name": "DigixDAO", 
        "symbol": "DGD", 
        "rank": "33", 
        "price_usd": "207.285", 
        "price_btc": "0.0303249", 
        "24h_volume_usd": "10818700.0", 
        "market_cap_usd": "414570000.0", 
        "available_supply": "2000000.0", 
        "total_supply": "2000000.0", 
        "max_supply": null, 
        "percent_change_1h": "-0.66", 
        "percent_change_24h": "-0.48", 
        "percent_change_7d": "-11.35", 
        "last_updated": "1523407746"
    }, 
    {
        "id": "siacoin", 
        "name": "Siacoin", 
        "symbol": "SC", 
        "rank": "34", 
        "price_usd": "0.0115185", 
        "price_btc": "0.00000169", 
        "24h_volume_usd": "8867740.0", 
        "market_cap_usd": "388186370.0", 
        "available_supply": "33701121699.0", 
        "total_supply": "33701121699.0", 
        "max_supply": null, 
        "percent_change_1h": "0.69", 
        "percent_change_24h": "6.24", 
        "percent_change_7d": "-3.31", 
        "last_updated": "1523407746"
    }, 
    {
        "id": "bitcoin-diamond", 
        "name": "Bitcoin Diamond", 
        "symbol": "BCD", 
        "rank": "35", 
        "price_usd": "2.49964", 
        "price_btc": "0.00036552", 
        "24h_volume_usd": "1661670.0", 
        "market_cap_usd": "382520847.0", 
        "available_supply": "153030375.0", 
        "total_supply": "156030375.0", 
        "max_supply": "210000000.0", 
        "percent_change_1h": "-0.07", 
        "percent_change_24h": "4.14", 
        "percent_change_7d": "11.77", 
        "last_updated": "1523407456"
    }, 
    {
        "id": "bitshares", 
        "name": "BitShares", 
        "symbol": "BTS", 
        "rank": "36", 
        "price_usd": "0.142654", 
        "price_btc": "0.00002087", 
        "24h_volume_usd": "6404470.0", 
        "market_cap_usd": "373000267.0", 
        "available_supply": "2614720000.0", 
        "total_supply": "2614720000.0", 
        "max_supply": "3600570502.0", 
        "percent_change_1h": "0.04", 
        "percent_change_24h": "2.95", 
        "percent_change_7d": "-4.83", 
        "last_updated": "1523407742"
    }, 
    {
        "id": "stratis", 
        "name": "Stratis", 
        "symbol": "STRAT", 
        "rank": "37", 
        "price_usd": "3.76868", 
        "price_btc": "0.00055134", 
        "24h_volume_usd": "6175130.0", 
        "market_cap_usd": "372390067.0", 
        "available_supply": "98811803.0", 
        "total_supply": "98811803.0", 
        "max_supply": null, 
        "percent_change_1h": "0.99", 
        "percent_change_24h": "5.75", 
        "percent_change_7d": "-5.16", 
        "last_updated": "1523407748"
    }, 
    {
        "id": "rchain", 
        "name": "RChain", 
        "symbol": "RHOC", 
        "rank": "38", 
        "price_usd": "1.02485", 
        "price_btc": "0.00014993", 
        "24h_volume_usd": "1918980.0", 
        "market_cap_usd": "368556009.0", 
        "available_supply": "359619465.0", 
        "total_supply": "870663574.0", 
        "max_supply": "1000000000.0", 
        "percent_change_1h": "-0.02", 
        "percent_change_24h": "6.19", 
        "percent_change_7d": "3.72", 
        "last_updated": "1523407754"
    }, 
    {
        "id": "decred", 
        "name": "Decred", 
        "symbol": "DCR", 
        "rank": "39", 
        "price_usd": "51.0597", 
        "price_btc": "0.00746981", 
        "24h_volume_usd": "18407200.0", 
        "market_cap_usd": "362680763.0", 
        "available_supply": "7103073.0", 
        "total_supply": "7523073.0", 
        "max_supply": "21000000.0", 
        "percent_change_1h": "0.44", 
        "percent_change_24h": "5.8", 
        "percent_change_7d": "9.66", 
        "last_updated": "1523407745"
    }, 
    {
        "id": "waves", 
        "name": "Waves", 
        "symbol": "WAVES", 
        "rank": "40", 
        "price_usd": "3.61702", 
        "price_btc": "0.00052915", 
        "24h_volume_usd": "16504900.0", 
        "market_cap_usd": "361702000.0", 
        "available_supply": "100000000.0", 
        "total_supply": "100000000.0", 
        "max_supply": null, 
        "percent_change_1h": "0.12", 
        "percent_change_24h": "4.27", 
        "percent_change_7d": "-9.55", 
        "last_updated": "1523407747"
    }, 
    {
        "id": "dogecoin", 
        "name": "Dogecoin", 
        "symbol": "DOGE", 
        "rank": "41", 
        "price_usd": "0.00304865", 
        "price_btc": "0.00000045", 
        "24h_volume_usd": "10304100.0", 
        "market_cap_usd": "347430149.0", 
        "available_supply": "113961966538", 
        "total_supply": "113961966538", 
        "max_supply": null, 
        "percent_change_1h": "0.28", 
        "percent_change_24h": "10.69", 
        "percent_change_7d": "2.61", 
        "last_updated": "1523407741"
    }, 
    {
        "id": "maker", 
        "name": "Maker", 
        "symbol": "MKR", 
        "rank": "42", 
        "price_usd": "561.891", 
        "price_btc": "0.0822022", 
        "24h_volume_usd": "245430.0", 
        "market_cap_usd": "347376620.0", 
        "available_supply": "618228.0", 
        "total_supply": "1000000.0", 
        "max_supply": null, 
        "percent_change_1h": "-0.58", 
        "percent_change_24h": "6.13", 
        "percent_change_7d": "7.18", 
        "last_updated": "1523407749"
    }, 
    {
        "id": "aeternity", 
        "name": "Aeternity", 
        "symbol": "AE", 
        "rank": "43", 
        "price_usd": "1.3656", 
        "price_btc": "0.00019978", 
        "24h_volume_usd": "3920680.0", 
        "market_cap_usd": "318212757.0", 
        "available_supply": "233020472.0", 
        "total_supply": "273685830.0", 
        "max_supply": null, 
        "percent_change_1h": "0.92", 
        "percent_change_24h": "3.7", 
        "percent_change_7d": "-8.52", 
        "last_updated": "1523407751"
    }, 
    {
        "id": "status", 
        "name": "Status", 
        "symbol": "SNT", 
        "rank": "44", 
        "price_usd": "0.0899008", 
        "price_btc": "0.00001315", 
        "24h_volume_usd": "18377700.0", 
        "market_cap_usd": "311999269.0", 
        "available_supply": "3470483788.0", 
        "total_supply": "6804870174.0", 
        "max_supply": null, 
        "percent_change_1h": "0.72", 
        "percent_change_24h": "2.53", 
        "percent_change_7d": "-13.2", 
        "last_updated": "1523407752"
    }, 
    {
        "id": "0x", 
        "name": "0x", 
        "symbol": "ZRX", 
        "rank": "45", 
        "price_usd": "0.561095", 
        "price_btc": "0.00008209", 
        "24h_volume_usd": "4588960.0", 
        "market_cap_usd": "293294928.0", 
        "available_supply": "522718841.0", 
        "total_supply": "1000000000.0", 
        "max_supply": null, 
        "percent_change_1h": "0.23", 
        "percent_change_24h": "3.77", 
        "percent_change_7d": "-5.29", 
        "last_updated": "1523407753"
    }, 
    {
        "id": "zilliqa", 
        "name": "Zilliqa", 
        "symbol": "ZIL", 
        "rank": "46", 
        "price_usd": "0.0404336", 
        "price_btc": "0.00000591", 
        "24h_volume_usd": "14892500.0", 
        "market_cap_usd": "289020917.0", 
        "available_supply": "7148038186.0", 
        "total_supply": "12600000000.0", 
        "max_supply": null, 
        "percent_change_1h": "0.99", 
        "percent_change_24h": "3.85", 
        "percent_change_7d": "-10.69", 
        "last_updated": "1523407460"
    }, 
    {
        "id": "komodo", 
        "name": "Komodo", 
        "symbol": "KMD", 
        "rank": "47", 
        "price_usd": "2.64851", 
        "price_btc": "0.00038747", 
        "24h_volume_usd": "2368210.0", 
        "market_cap_usd": "275547798.0", 
        "available_supply": "104038798.0", 
        "total_supply": "104038798.0", 
        "max_supply": null, 
        "percent_change_1h": "1.66", 
        "percent_change_24h": "5.4", 
        "percent_change_7d": "-8.68", 
        "last_updated": "1523407749"
    }, 
    {
        "id": "augur", 
        "name": "Augur", 
        "symbol": "REP", 
        "rank": "48", 
        "price_usd": "24.7579", 
        "price_btc": "0.00362197", 
        "24h_volume_usd": "2225370.0", 
        "market_cap_usd": "272336900.0", 
        "available_supply": "11000000.0", 
        "total_supply": "11000000.0", 
        "max_supply": null, 
        "percent_change_1h": "0.39", 
        "percent_change_24h": "1.34", 
        "percent_change_7d": "-7.66", 
        "last_updated": "1523407745"
    }, 
    {
        "id": "ardor", 
        "name": "Ardor", 
        "symbol": "ARDR", 
        "rank": "49", 
        "price_usd": "0.254727", 
        "price_btc": "0.00003727", 
        "24h_volume_usd": "2371290.0", 
        "market_cap_usd": "254472144.0", 
        "available_supply": "998999495.0", 
        "total_supply": "998999495.0", 
        "max_supply": "998999495.0", 
        "percent_change_1h": "0.47", 
        "percent_change_24h": "4.23", 
        "percent_change_7d": "-15.85", 
        "last_updated": "1523407747"
    }, 
    {
        "id": "iostoken", 
        "name": "IOStoken", 
        "symbol": "IOST", 
        "rank": "50", 
        "price_usd": "0.0291558", 
        "price_btc": "0.00000426", 
        "24h_volume_usd": "45905600.0", 
        "market_cap_usd": "244908720.0", 
        "available_supply": "8400000000.0", 
        "total_supply": "21000000000.0", 
        "max_supply": null, 
        "percent_change_1h": "0.5", 
        "percent_change_24h": "-2.59", 
        "percent_change_7d": "11.26", 
        "last_updated": "1523407459"
    }, 
    {
        "id": "aion", 
        "name": "Aion", 
        "symbol": "AION", 
        "rank": "51", 
        "price_usd": "2.08162", 
        "price_btc": "0.00030453", 
        "24h_volume_usd": "10990900.0", 
        "market_cap_usd": "240052150.0", 
        "available_supply": "115319871.0", 
        "total_supply": "465934587.0", 
        "max_supply": null, 
        "percent_change_1h": "-1.95", 
        "percent_change_24h": "0.17", 
        "percent_change_7d": "-4.98", 
        "last_updated": "1523407755"
    }, 
    {
        "id": "loopring", 
        "name": "Loopring", 
        "symbol": "LRC", 
        "rank": "52", 
        "price_usd": "0.41659", 
        "price_btc": "0.00006095", 
        "24h_volume_usd": "4788870.0", 
        "market_cap_usd": "238320326.0", 
        "available_supply": "572074043.0", 
        "total_supply": "1374956262.0", 
        "max_supply": null, 
        "percent_change_1h": "-0.46", 
        "percent_change_24h": "2.23", 
        "percent_change_7d": "4.63", 
        "last_updated": "1523407753"
    }, 
    {
        "id": "golem-network-tokens", 
        "name": "Golem", 
        "symbol": "GNT", 
        "rank": "53", 
        "price_usd": "0.283288", 
        "price_btc": "0.00004144", 
        "24h_volume_usd": "39051600.0", 
        "market_cap_usd": "236336413.0", 
        "available_supply": "834262000.0", 
        "total_supply": "1000000000.0", 
        "max_supply": null, 
        "percent_change_1h": "0.76", 
        "percent_change_24h": "14.67", 
        "percent_change_7d": "30.83", 
        "last_updated": "1523407748"
    }, 
    {
        "id": "kucoin-shares", 
        "name": "KuCoin Shares", 
        "symbol": "KCS", 
        "rank": "54", 
        "price_usd": "2.49306", 
        "price_btc": "0.00036472", 
        "24h_volume_usd": "293207.0", 
        "market_cap_usd": "226975851.0", 
        "available_supply": "91043076.0", 
        "total_supply": "181043076.0", 
        "max_supply": null, 
        "percent_change_1h": "1.24", 
        "percent_change_24h": "5.58", 
        "percent_change_7d": "1.8", 
        "last_updated": "1523407755"
    }, 
    {
        "id": "hshare", 
        "name": "Hshare", 
        "symbol": "HSR", 
        "rank": "55", 
        "price_usd": "5.23407", 
        "price_btc": "0.00076572", 
        "24h_volume_usd": "14038400.0", 
        "market_cap_usd": "224265807.0", 
        "available_supply": "42847308.0", 
        "total_supply": "42847308.0", 
        "max_supply": "84000000.0", 
        "percent_change_1h": "0.72", 
        "percent_change_24h": "0.72", 
        "percent_change_7d": "-8.38", 
        "last_updated": "1523407753"
    }, 
    {
        "id": "ark", 
        "name": "Ark", 
        "symbol": "ARK", 
        "rank": "56", 
        "price_usd": "2.19925", 
        "price_btc": "0.00032174", 
        "24h_volume_usd": "2011440.0", 
        "market_cap_usd": "223921218.0", 
        "available_supply": "101817082.0", 
        "total_supply": "133067082.0", 
        "max_supply": null, 
        "percent_change_1h": "0.65", 
        "percent_change_24h": "6.03", 
        "percent_change_7d": "-5.7", 
        "last_updated": "1523407749"
    }, 
    {
        "id": "cryptonex", 
        "name": "Cryptonex", 
        "symbol": "CNX", 
        "rank": "57", 
        "price_usd": "4.86421", 
        "price_btc": "0.00071161", 
        "24h_volume_usd": "1281710.0", 
        "market_cap_usd": "219897330.0", 
        "available_supply": "45207203.0", 
        "total_supply": "106644829.0", 
        "max_supply": "210000000.0", 
        "percent_change_1h": "2.31", 
        "percent_change_24h": "2.99", 
        "percent_change_7d": "-4.65", 
        "last_updated": "1523407755"
    }, 
    {
        "id": "pivx", 
        "name": "PIVX", 
        "symbol": "PIVX", 
        "rank": "58", 
        "price_usd": "3.88521", 
        "price_btc": "0.00056839", 
        "24h_volume_usd": "1444820.0", 
        "market_cap_usd": "217380491.0", 
        "available_supply": "55950770.0", 
        "total_supply": "55950770.0", 
        "max_supply": null, 
        "percent_change_1h": "-0.15", 
        "percent_change_24h": "0.38", 
        "percent_change_7d": "-6.36", 
        "last_updated": "1523407747"
    }, 
    {
        "id": "waltonchain", 
        "name": "Waltonchain", 
        "symbol": "WTC", 
        "rank": "59", 
        "price_usd": "8.7131", 
        "price_btc": "0.00127469", 
        "24h_volume_usd": "1891190.0", 
        "market_cap_usd": "216940315.0", 
        "available_supply": "24898178.0", 
        "total_supply": "70000000.0", 
        "max_supply": "100000000.0", 
        "percent_change_1h": "1.08", 
        "percent_change_24h": "3.9", 
        "percent_change_7d": "-16.93", 
        "last_updated": "1523407753"
    }, 
    {
        "id": "aelf", 
        "name": "aelf", 
        "symbol": "ELF", 
        "rank": "60", 
        "price_usd": "0.814253", 
        "price_btc": "0.00011907", 
        "24h_volume_usd": "88812800.0", 
        "market_cap_usd": "203563250.0", 
        "available_supply": "250000000.0", 
        "total_supply": "280000000.0", 
        "max_supply": "1000000000.0", 
        "percent_change_1h": "1.04", 
        "percent_change_24h": "38.34", 
        "percent_change_7d": "43.44", 
        "last_updated": "1523407458"
    }, 
    {
        "id": "basic-attention-token", 
        "name": "Basic Attention Token", 
        "symbol": "BAT", 
        "rank": "61", 
        "price_usd": "0.200368", 
        "price_btc": "0.00002931", 
        "24h_volume_usd": "5221080.0", 
        "market_cap_usd": "200368000.0", 
        "available_supply": "1000000000.0", 
        "total_supply": "1500000000.0", 
        "max_supply": null, 
        "percent_change_1h": "1.53", 
        "percent_change_24h": "7.11", 
        "percent_change_7d": "-4.81", 
        "last_updated": "1523407751"
    }, 
    {
        "id": "digibyte", 
        "name": "DigiByte", 
        "symbol": "DGB", 
        "rank": "62", 
        "price_usd": "0.0197783", 
        "price_btc": "0.00000289", 
        "24h_volume_usd": "3103310.0", 
        "market_cap_usd": "199712363.0", 
        "available_supply": "10097549498.0", 
        "total_supply": "10097549498.0", 
        "max_supply": "21000000000.0", 
        "percent_change_1h": "-1.59", 
        "percent_change_24h": "8.21", 
        "percent_change_7d": "-1.84", 
        "last_updated": "1523407741"
    }, 
    {
        "id": "centrality", 
        "name": "Centrality", 
        "symbol": "CENNZ", 
        "rank": "63", 
        "price_usd": "0.296114", 
        "price_btc": "0.00004330", 
        "24h_volume_usd": "109240.0", 
        "market_cap_usd": "195132385.0", 
        "available_supply": "658977236.0", 
        "total_supply": "1200000000.0", 
        "max_supply": null, 
        "percent_change_1h": "-0.24", 
        "percent_change_24h": "3.41", 
        "percent_change_7d": "-16.64", 
        "last_updated": "1523407461"
    }, 
    {
        "id": "monacoin", 
        "name": "MonaCoin", 
        "symbol": "MONA", 
        "rank": "64", 
        "price_usd": "3.27332", 
        "price_btc": "0.00047887", 
        "24h_volume_usd": "869449.0", 
        "market_cap_usd": "192098630.0", 
        "available_supply": "58686175.0", 
        "total_supply": "58686175.0", 
        "max_supply": null, 
        "percent_change_1h": "0.23", 
        "percent_change_24h": "1.0", 
        "percent_change_7d": "-7.58", 
        "last_updated": "1523407744"
    }, 
    {
        "id": "veritaseum", 
        "name": "Veritaseum", 
        "symbol": "VERI", 
        "rank": "65", 
        "price_usd": "92.7563", 
        "price_btc": "0.0135698", 
        "24h_volume_usd": "345064.0", 
        "market_cap_usd": "188911695.0", 
        "available_supply": "2036645.0", 
        "total_supply": "100000000.0", 
        "max_supply": null, 
        "percent_change_1h": "3.57", 
        "percent_change_24h": "0.82", 
        "percent_change_7d": "-24.11", 
        "last_updated": "1523407751"
    }, 
    {
        "id": "qash", 
        "name": "QASH", 
        "symbol": "QASH", 
        "rank": "66", 
        "price_usd": "0.529121", 
        "price_btc": "0.00007737", 
        "24h_volume_usd": "3689370.0", 
        "market_cap_usd": "185192350.0", 
        "available_supply": "350000000.0", 
        "total_supply": "1000000000.0", 
        "max_supply": null, 
        "percent_change_1h": "0.13", 
        "percent_change_24h": "-0.08", 
        "percent_change_7d": "-14.68", 
        "last_updated": "1523407457"
    }, 
    {
        "id": "factom", 
        "name": "Factom", 
        "symbol": "FCT", 
        "rank": "67", 
        "price_usd": "20.5188", 
        "price_btc": "0.00300181", 
        "24h_volume_usd": "463815.0", 
        "market_cap_usd": "179438999.0", 
        "available_supply": "8745102.0", 
        "total_supply": "8745102.0", 
        "max_supply": null, 
        "percent_change_1h": "1.3", 
        "percent_change_24h": "4.21", 
        "percent_change_7d": "-4.35", 
        "last_updated": "1523407746"
    }, 
    {
        "id": "dragonchain", 
        "name": "Dragonchain", 
        "symbol": "DRGN", 
        "rank": "68", 
        "price_usd": "0.714607", 
        "price_btc": "0.00010449", 
        "24h_volume_usd": "1214030.0", 
        "market_cap_usd": "170377987.0", 
        "available_supply": "238421940.0", 
        "total_supply": "433494437.0", 
        "max_supply": null, 
        "percent_change_1h": "-0.41", 
        "percent_change_24h": "0.61", 
        "percent_change_7d": "-3.22", 
        "last_updated": "1523407457"
    }, 
    {
        "id": "elastos", 
        "name": "Elastos", 
        "symbol": "ELA", 
        "rank": "69", 
        "price_usd": "33.2497", 
        "price_btc": "0.00486202", 
        "24h_volume_usd": "13348500.0", 
        "market_cap_usd": "165083929.0", 
        "available_supply": "4964975.0", 
        "total_supply": "33379033.0", 
        "max_supply": null, 
        "percent_change_1h": "-0.67", 
        "percent_change_24h": "1.73", 
        "percent_change_7d": "20.59", 
        "last_updated": "1523407460"
    }, 
    {
        "id": "nebulas-token", 
        "name": "Nebulas", 
        "symbol": "NAS", 
        "rank": "70", 
        "price_usd": "4.5693", 
        "price_btc": "0.00066847", 
        "24h_volume_usd": "8239430.0", 
        "market_cap_usd": "162210150.0", 
        "available_supply": "35500000.0", 
        "total_supply": "100000000.0", 
        "max_supply": "100000000.0", 
        "percent_change_1h": "-0.23", 
        "percent_change_24h": "3.55", 
        "percent_change_7d": "-6.16", 
        "last_updated": "1523407753"
    }, 
    {
        "id": "gas", 
        "name": "Gas", 
        "symbol": "GAS", 
        "rank": "71", 
        "price_usd": "15.4344", 
        "price_btc": "0.00225798", 
        "24h_volume_usd": "4150690.0", 
        "market_cap_usd": "155298787.0", 
        "available_supply": "10061861.0", 
        "total_supply": "16915355.0", 
        "max_supply": "100000000.0", 
        "percent_change_1h": "-0.13", 
        "percent_change_24h": "2.17", 
        "percent_change_7d": "-8.73", 
        "last_updated": "1523407752"
    }, 
    {
        "id": "substratum", 
        "name": "Substratum", 
        "symbol": "SUB", 
        "rank": "72", 
        "price_usd": "0.399023", 
        "price_btc": "0.00005838", 
        "24h_volume_usd": "5222730.0", 
        "market_cap_usd": "152834188.0", 
        "available_supply": "383021000.0", 
        "total_supply": "472000000.0", 
        "max_supply": null, 
        "percent_change_1h": "0.21", 
        "percent_change_24h": "5.17", 
        "percent_change_7d": "6.7", 
        "last_updated": "1523407754"
    }, 
    {
        "id": "ethos", 
        "name": "Ethos", 
        "symbol": "ETHOS", 
        "rank": "73", 
        "price_usd": "1.98838", 
        "price_btc": "0.00029089", 
        "24h_volume_usd": "3441440.0", 
        "market_cap_usd": "151906087.0", 
        "available_supply": "76396909.0", 
        "total_supply": "222295208.0", 
        "max_supply": null, 
        "percent_change_1h": "0.55", 
        "percent_change_24h": "2.61", 
        "percent_change_7d": "-8.67", 
        "last_updated": "1523407752"
    }, 
    {
        "id": "gxchain", 
        "name": "GXChain", 
        "symbol": "GXS", 
        "rank": "74", 
        "price_usd": "2.49633", 
        "price_btc": "0.0003652", 
        "24h_volume_usd": "13260000.0", 
        "market_cap_usd": "149779800.0", 
        "available_supply": "60000000.0", 
        "total_supply": "100000000.0", 
        "max_supply": "100000000.0", 
        "percent_change_1h": "0.57", 
        "percent_change_24h": "3.06", 
        "percent_change_7d": "-9.01", 
        "last_updated": "1523407751"
    }, 
    {
        "id": "syscoin", 
        "name": "Syscoin", 
        "symbol": "SYS", 
        "rank": "75", 
        "price_usd": "0.276953", 
        "price_btc": "0.00004052", 
        "24h_volume_usd": "1516960.0", 
        "market_cap_usd": "147396881.0", 
        "available_supply": "532209008.0", 
        "total_supply": "532209008.0", 
        "max_supply": "888000000.0", 
        "percent_change_1h": "-0.25", 
        "percent_change_24h": "2.68", 
        "percent_change_7d": "-7.9", 
        "last_updated": "1523407743"
    }, 
    {
        "id": "revain", 
        "name": "Revain", 
        "symbol": "R", 
        "rank": "76", 
        "price_usd": "0.776968", 
        "price_btc": "0.00011367", 
        "24h_volume_usd": "2912830.0", 
        "market_cap_usd": "143311748.0", 
        "available_supply": "184450000.0", 
        "total_supply": "484450000.0", 
        "max_supply": "484450000.0", 
        "percent_change_1h": "-0.03", 
        "percent_change_24h": "0.26", 
        "percent_change_7d": "-4.58", 
        "last_updated": "1523407756"
    }, 
    {
        "id": "kyber-network", 
        "name": "Kyber Network", 
        "symbol": "KNC", 
        "rank": "77", 
        "price_usd": "1.0526", 
        "price_btc": "0.00015399", 
        "24h_volume_usd": "8633900.0", 
        "market_cap_usd": "141188077.0", 
        "available_supply": "134132697.0", 
        "total_supply": "215625349.0", 
        "max_supply": null, 
        "percent_change_1h": "1.22", 
        "percent_change_24h": "6.59", 
        "percent_change_7d": "1.8", 
        "last_updated": "1523407754"
    }, 
    {
        "id": "electroneum", 
        "name": "Electroneum", 
        "symbol": "ETN", 
        "rank": "78", 
        "price_usd": "0.0211095", 
        "price_btc": "0.00000309", 
        "24h_volume_usd": "708852.0", 
        "market_cap_usd": "140912214.0", 
        "available_supply": "6675298512.0", 
        "total_supply": "6675298512.0", 
        "max_supply": "21000000000.0", 
        "percent_change_1h": "-0.41", 
        "percent_change_24h": "-0.82", 
        "percent_change_7d": "-5.79", 
        "last_updated": "1523407456"
    }, 
    {
        "id": "funfair", 
        "name": "FunFair", 
        "symbol": "FUN", 
        "rank": "79", 
        "price_usd": "0.0295249", 
        "price_btc": "0.00000432", 
        "24h_volume_usd": "691694.0", 
        "market_cap_usd": "139460074.0", 
        "available_supply": "4723473189.0", 
        "total_supply": "10999873621.0", 
        "max_supply": null, 
        "percent_change_1h": "0.57", 
        "percent_change_24h": "2.25", 
        "percent_change_7d": "-8.3", 
        "last_updated": "1523407751"
    }, 
    {
        "id": "reddcoin", 
        "name": "ReddCoin", 
        "symbol": "RDD", 
        "rank": "80", 
        "price_usd": "0.00476374", 
        "price_btc": "0.00000070", 
        "24h_volume_usd": "6705950.0", 
        "market_cap_usd": "137237219.0", 
        "available_supply": "28808713174.0", 
        "total_supply": "28808713174.0", 
        "max_supply": null, 
        "percent_change_1h": "2.85", 
        "percent_change_24h": "19.29", 
        "percent_change_7d": "4.46", 
        "last_updated": "1523407741"
    }, 
    {
        "id": "skycoin", 
        "name": "Skycoin", 
        "symbol": "SKY", 
        "rank": "81", 
        "price_usd": "17.4851", 
        "price_btc": "0.002558", 
        "24h_volume_usd": "7307260.0", 
        "market_cap_usd": "136160338.0", 
        "available_supply": "7787221.0", 
        "total_supply": "25000000.0", 
        "max_supply": "100000000.0", 
        "percent_change_1h": "-1.14", 
        "percent_change_24h": "12.69", 
        "percent_change_7d": "28.33", 
        "last_updated": "1523407750"
    }, 
    {
        "id": "zcoin", 
        "name": "ZCoin", 
        "symbol": "XZC", 
        "rank": "82", 
        "price_usd": "28.7099", 
        "price_btc": "0.00420013", 
        "24h_volume_usd": "932978.0", 
        "market_cap_usd": "129254442.0", 
        "available_supply": "4502086.0", 
        "total_supply": "4502086.0", 
        "max_supply": "21400000.0", 
        "percent_change_1h": "0.67", 
        "percent_change_24h": "2.67", 
        "percent_change_7d": "-7.71", 
        "last_updated": "1523407748"
    }, 
    {
        "id": "maidsafecoin", 
        "name": "MaidSafeCoin", 
        "symbol": "MAID", 
        "rank": "83", 
        "price_usd": "0.282151", 
        "price_btc": "0.00004128", 
        "24h_volume_usd": "1086150.0", 
        "market_cap_usd": "127688116.0", 
        "available_supply": "452552412.0", 
        "total_supply": "452552412.0", 
        "max_supply": null, 
        "percent_change_1h": "1.85", 
        "percent_change_24h": "6.9", 
        "percent_change_7d": "4.09", 
        "last_updated": "1523407742"
    }, 
    {
        "id": "chainlink", 
        "name": "ChainLink", 
        "symbol": "LINK", 
        "rank": "84", 
        "price_usd": "0.361453", 
        "price_btc": "0.00005288", 
        "24h_volume_usd": "9501850.0", 
        "market_cap_usd": "126508550.0", 
        "available_supply": "350000000.0", 
        "total_supply": "1000000000.0", 
        "max_supply": null, 
        "percent_change_1h": "1.64", 
        "percent_change_24h": "14.46", 
        "percent_change_7d": "22.52", 
        "last_updated": "1523407754"
    }, 
    {
        "id": "nxt", 
        "name": "Nxt", 
        "symbol": "NXT", 
        "rank": "85", 
        "price_usd": "0.126266", 
        "price_btc": "0.00001847", 
        "24h_volume_usd": "5640750.0", 
        "market_cap_usd": "126139727.0", 
        "available_supply": "998999942.0", 
        "total_supply": "998999942.0", 
        "max_supply": "1000000000.0", 
        "percent_change_1h": "-0.81", 
        "percent_change_24h": "7.94", 
        "percent_change_7d": "-0.77", 
        "last_updated": "1523407741"
    }, 
    {
        "id": "mixin", 
        "name": "Mixin", 
        "symbol": "XIN", 
        "rank": "86", 
        "price_usd": "309.766", 
        "price_btc": "0.0452963", 
        "24h_volume_usd": "1131780.0", 
        "market_cap_usd": "125813415.0", 
        "available_supply": "406156.0", 
        "total_supply": "1000000.0", 
        "max_supply": null, 
        "percent_change_1h": "-1.74", 
        "percent_change_24h": "-14.78", 
        "percent_change_7d": "34.24", 
        "last_updated": "1523407459"
    }, 
    {
        "id": "byteball", 
        "name": "Byteball Bytes", 
        "symbol": "GBYTE", 
        "rank": "87", 
        "price_usd": "193.203", 
        "price_btc": "0.0282647", 
        "24h_volume_usd": "344061.0", 
        "market_cap_usd": "124658836.0", 
        "available_supply": "645222.0", 
        "total_supply": "1000000.0", 
        "max_supply": null, 
        "percent_change_1h": "-1.07", 
        "percent_change_24h": "5.54", 
        "percent_change_7d": "3.18", 
        "last_updated": "1523407749"
    }, 
    {
        "id": "salt", 
        "name": "SALT", 
        "symbol": "SALT", 
        "rank": "88", 
        "price_usd": "2.17655", 
        "price_btc": "0.00031842", 
        "24h_volume_usd": "11869900.0", 
        "market_cap_usd": "122682820.0", 
        "available_supply": "56365726.0", 
        "total_supply": "120000000.0", 
        "max_supply": null, 
        "percent_change_1h": "0.58", 
        "percent_change_24h": "4.66", 
        "percent_change_7d": "-1.33", 
        "last_updated": "1523407754"
    }, 
    {
        "id": "nucleus-vision", 
        "name": "Nucleus Vision", 
        "symbol": "NCASH", 
        "rank": "89", 
        "price_usd": "0.029744", 
        "price_btc": "0.00000435", 
        "24h_volume_usd": "19984200.0", 
        "market_cap_usd": "119350633.0", 
        "available_supply": "4012595236.0", 
        "total_supply": "10000000000.0", 
        "max_supply": null, 
        "percent_change_1h": "0.97", 
        "percent_change_24h": "8.2", 
        "percent_change_7d": "6.72", 
        "last_updated": "1523407461"
    }, 
    {
        "id": "storm", 
        "name": "Storm", 
        "symbol": "STORM", 
        "rank": "90", 
        "price_usd": "0.0286152", 
        "price_btc": "0.00000418", 
        "24h_volume_usd": "15610700.0", 
        "market_cap_usd": "117003347.0", 
        "available_supply": "4088853037.0", 
        "total_supply": "10000000000.0", 
        "max_supply": null, 
        "percent_change_1h": "-0.04", 
        "percent_change_24h": "1.23", 
        "percent_change_7d": "-11.23", 
        "last_updated": "1523407458"
    }, 
    {
        "id": "power-ledger", 
        "name": "Power Ledger", 
        "symbol": "POWR", 
        "rank": "91", 
        "price_usd": "0.309026", 
        "price_btc": "0.00004521", 
        "24h_volume_usd": "6566140.0", 
        "market_cap_usd": "112464743.0", 
        "available_supply": "363932947.0", 
        "total_supply": "1000000000.0", 
        "max_supply": null, 
        "percent_change_1h": "-0.01", 
        "percent_change_24h": "3.36", 
        "percent_change_7d": "-12.04", 
        "last_updated": "1523407755"
    }, 
    {
        "id": "particl", 
        "name": "Particl", 
        "symbol": "PART", 
        "rank": "92", 
        "price_usd": "12.3729", 
        "price_btc": "0.0018101", 
        "24h_volume_usd": "2116160.0", 
        "market_cap_usd": "110503639.0", 
        "available_supply": "8931103.0", 
        "total_supply": "8931103.0", 
        "max_supply": null, 
        "percent_change_1h": "-1.03", 
        "percent_change_24h": "3.31", 
        "percent_change_7d": "17.0", 
        "last_updated": "1523407752"
    }, 
    {
        "id": "bancor", 
        "name": "Bancor", 
        "symbol": "BNT", 
        "rank": "93", 
        "price_usd": "2.4451", 
        "price_btc": "0.00035771", 
        "24h_volume_usd": "5176820.0", 
        "market_cap_usd": "110118688.0", 
        "available_supply": "45036476.0", 
        "total_supply": "74711036.0", 
        "max_supply": null, 
        "percent_change_1h": "0.67", 
        "percent_change_24h": "5.91", 
        "percent_change_7d": "4.6", 
        "last_updated": "1523407751"
    }, 
    {
        "id": "wax", 
        "name": "WAX", 
        "symbol": "WAX", 
        "rank": "94", 
        "price_usd": "0.176489", 
        "price_btc": "0.00002581", 
        "24h_volume_usd": "3618420.0", 
        "market_cap_usd": "109248261.0", 
        "available_supply": "619008898.0", 
        "total_supply": "1850000000.0", 
        "max_supply": null, 
        "percent_change_1h": "0.31", 
        "percent_change_24h": "8.11", 
        "percent_change_7d": "5.35", 
        "last_updated": "1523407458"
    }, 
    {
        "id": "enigma-project", 
        "name": "Enigma", 
        "symbol": "ENG", 
        "rank": "95", 
        "price_usd": "1.4469", 
        "price_btc": "0.00021168", 
        "24h_volume_usd": "6005110.0", 
        "market_cap_usd": "108280456.0", 
        "available_supply": "74836171.0", 
        "total_supply": "150000000.0", 
        "max_supply": null, 
        "percent_change_1h": "1.87", 
        "percent_change_24h": "6.73", 
        "percent_change_7d": "-3.91", 
        "last_updated": "1523407754"
    }, 
    {
        "id": "request-network", 
        "name": "Request Network", 
        "symbol": "REQ", 
        "rank": "96", 
        "price_usd": "0.159631", 
        "price_btc": "0.00002335", 
        "24h_volume_usd": "3072040.0", 
        "market_cap_usd": "105829173.0", 
        "available_supply": "662961287.0", 
        "total_supply": "999999783.0", 
        "max_supply": null, 
        "percent_change_1h": "0.98", 
        "percent_change_24h": "2.06", 
        "percent_change_7d": "-4.09", 
        "last_updated": "1523407756"
    }, 
    {
        "id": "neblio", 
        "name": "Neblio", 
        "symbol": "NEBL", 
        "rank": "97", 
        "price_usd": "7.95966", 
        "price_btc": "0.00116446", 
        "24h_volume_usd": "9244000.0", 
        "market_cap_usd": "103393611.0", 
        "available_supply": "12989702.0", 
        "total_supply": "13746637.0", 
        "max_supply": null, 
        "percent_change_1h": "1.21", 
        "percent_change_24h": "6.25", 
        "percent_change_7d": "-0.5", 
        "last_updated": "1523407754"
    }, 
    {
        "id": "dent", 
        "name": "Dent", 
        "symbol": "DENT", 
        "rank": "98", 
        "price_usd": "0.009659", 
        "price_btc": "0.00000141", 
        "24h_volume_usd": "853640.0", 
        "market_cap_usd": "102527976.0", 
        "available_supply": "10614760961.0", 
        "total_supply": "100000000000", 
        "max_supply": null, 
        "percent_change_1h": "-0.47", 
        "percent_change_24h": "-2.0", 
        "percent_change_7d": "-15.85", 
        "last_updated": "1523407753"
    }, 
    {
        "id": "dentacoin", 
        "name": "Dentacoin", 
        "symbol": "DCN", 
        "rank": "99", 
        "price_usd": "0.00030964", 
        "price_btc": "0.00000005", 
        "24h_volume_usd": "84573.3", 
        "market_cap_usd": "100703168.0", 
        "available_supply": "325226613094", 
        "total_supply": "1963173416169", 
        "max_supply": "8000000000000", 
        "percent_change_1h": "1.99", 
        "percent_change_24h": "3.36", 
        "percent_change_7d": "-4.18", 
        "last_updated": "1523407753"
    }, 
    {
        "id": "storj", 
        "name": "Storj", 
        "symbol": "STORJ", 
        "rank": "100", 
        "price_usd": "0.749807", 
        "price_btc": "0.00010969", 
        "24h_volume_usd": "8431360.0", 
        "market_cap_usd": "100043368.0", 
        "available_supply": "133425493.0", 
        "total_supply": "424999998.0", 
        "max_supply": null, 
        "percent_change_1h": "0.46", 
        "percent_change_24h": "1.72", 
        "percent_change_7d": "-10.73", 
        "last_updated": "1523407751"
    }
]